loan_amnt,term,int_rate,installment,grade,sub_grade,emp_length,home_ownership,annual_inc,purpose,dti,delinq_2yrs,open_acc,pub_rec,revol_bal,revol_util,total_acc,loan_status,region
10000.0,60,13.97,189.95,B,B3,2,MORTGAGE,40200.0,debt_consolidation,12.77,0,7,0,1972.58,95.05,13,Charged Off,West
2800.0,60,29.13,60.26,F,F4,3,OWN,16400.0,credit_card,11.33,1,8,0,25472.0,7.01,9,Charged Off,West
37900.0,60,22.45,773.48,D,D3,9,RENT,44100.0,small_business,34.43,0,21,0,36984.12,69.97,23,Charged Off,Northeast
13200.0,36,18.27,433.66,C,C1,1,RENT,85500.0,debt_consolidation,16.87,0,7,0,11001.79,11.43,11,Fully Paid,West
18300.0,36,29.22,656.87,A,A5,10,RENT,70900.0,credit_card,13.56,1,13,0,4971.52,89.8,21,Fully Paid,South
5500.0,36,27.58,194.91,A,A3,9,MORTGAGE,67100.0,major_purchase,24.14,0,8,0,14260.73,14.21,17,Charged Off,Midwest
33600.0,60,17.8,659.68,A,A2,1,RENT,47100.0,debt_consolidation,8.78,2,11,0,579.34,99.15,23,Fully Paid,Northeast
2100.0,60,27.64,44.67,E,E5,6,OWN,28600.0,credit_card,9.2,0,8,1,35773.59,42.78,20,Fully Paid,South
33500.0,36,15.11,1071.16,C,C5,1,MORTGAGE,70100.0,debt_consolidation,20.81,0,16,1,7303.42,38.19,19,Fully Paid,Northeast
6500.0,36,10.76,199.98,D,D3,0,MORTGAGE,35700.0,credit_card,16.37,0,22,1,36182.45,58.63,29,Charged Off,Northeast
35600.0,60,10.82,657.53,A,A3,3,MORTGAGE,161500.0,major_purchase,11.8,0,3,0,11727.4,39.44,13,Fully Paid,West
29500.0,60,21.56,597.67,G,G1,5,MORTGAGE,72100.0,debt_consolidation,2.16,0,9,0,49603.11,23.47,16,Fully Paid,Midwest
7400.0,36,17.53,241.59,E,E2,9,MORTGAGE,40500.0,small_business,20.83,0,18,0,26589.77,62.91,27,Fully Paid,South
23100.0,60,21.47,467.66,B,B3,9,MORTGAGE,39900.0,debt_consolidation,32.66,0,17,0,2066.94,72.84,20,Fully Paid,Northeast
13200.0,36,22.15,447.88,B,B1,3,MORTGAGE,51700.0,debt_consolidation,34.06,0,14,0,38633.94,94.53,24,Fully Paid,Northeast
8000.0,36,5.56,234.58,B,B3,0,MORTGAGE,48100.0,credit_card,9.42,0,19,0,20504.51,40.91,22,Fully Paid,West
34500.0,36,6.35,1019.19,B,B5,0,MORTGAGE,94700.0,small_business,23.99,1,22,0,30366.06,70.58,23,Fully Paid,South
16700.0,36,18.32,548.87,C,C5,8,OWN,59500.0,debt_consolidation,34.24,0,5,0,47560.66,83.36,12,Fully Paid,West
16500.0,36,9.78,503.16,C,C5,0,OWN,37600.0,debt_consolidation,16.35,0,13,0,25863.49,83.14,13,Fully Paid,West
7600.0,60,20.81,153.03,B,B5,6,OWN,139400.0,home_improvement,37.29,0,12,0,40218.82,3.43,23,Fully Paid,South
15900.0,60,18.8,314.82,C,C4,10,MORTGAGE,55500.0,debt_consolidation,36.12,0,3,0,15139.64,35.57,14,Fully Paid,Midwest
35000.0,60,19.64,697.9,A,A5,6,MORTGAGE,79600.0,debt_consolidation,8.33,0,21,1,35726.05,1.34,25,Fully Paid,West
15200.0,36,12.56,475.25,B,B2,0,MORTGAGE,40000.0,debt_consolidation,10.36,0,24,2,4966.15,55.91,31,Fully Paid,Northeast
38100.0,36,21.0,1280.58,B,B5,0,OWN,65000.0,major_purchase,7.22,0,22,0,44667.45,86.51,27,Fully Paid,Midwest
37900.0,36,25.74,1323.76,C,C4,5,RENT,63300.0,other,7.84,0,17,0,9987.37,81.49,26,Fully Paid,Northeast
6700.0,36,29.95,241.85,E,E3,7,MORTGAGE,21100.0,debt_consolidation,36.31,0,14,1,15096.48,81.12,17,Fully Paid,Midwest
7900.0,36,25.96,276.41,B,B3,6,RENT,148400.0,credit_card,37.25,0,5,1,47910.59,35.18,18,Fully Paid,Northeast
34600.0,36,18.94,1143.15,C,C4,5,RENT,103300.0,debt_consolidation,2.08,0,3,0,7760.68,4.63,11,Charged Off,West
16300.0,36,9.84,497.33,C,C5,9,MORTGAGE,44400.0,home_improvement,23.74,0,19,0,12720.49,17.24,30,Fully Paid,West
1200.0,60,22.04,24.41,A,A1,2,RENT,31200.0,debt_consolidation,22.57,0,2,0,29008.96,67.07,4,Fully Paid,West
11700.0,36,28.44,417.43,C,C2,10,RENT,64500.0,debt_consolidation,15.62,0,23,1,49034.7,13.38,31,Fully Paid,South
24300.0,60,10.3,446.72,A,A5,6,RENT,56600.0,major_purchase,25.27,0,7,0,34570.97,12.53,7,Fully Paid,West
32200.0,36,11.4,996.41,A,A4,5,RENT,64700.0,debt_consolidation,37.89,0,21,0,5709.5,35.37,32,Fully Paid,Midwest
6200.0,60,8.73,112.35,F,F5,7,MORTGAGE,59600.0,debt_consolidation,6.81,0,21,1,37405.86,9.45,24,Charged Off,West
5300.0,36,23.42,181.7,G,G4,3,RENT,69800.0,other,4.82,0,20,0,21310.77,32.98,32,Charged Off,South
37000.0,36,15.16,1183.59,E,E5,8,OWN,111700.0,other,1.34,1,11,0,49616.45,96.97,20,Fully Paid,Northeast
30300.0,36,6.57,896.96,B,B1,0,RENT,72000.0,debt_consolidation,14.55,1,10,0,31435.85,2.0,22,Fully Paid,South
24000.0,60,26.87,507.48,A,A1,6,MORTGAGE,32100.0,credit_card,13.51,0,18,0,26597.79,83.05,20,Fully Paid,Midwest
31000.0,36,18.94,1024.21,D,D2,8,RENT,107100.0,credit_card,17.23,0,16,0,27863.26,99.36,17,Fully Paid,Midwest
17700.0,36,13.28,556.96,C,C2,9,RENT,123000.0,credit_card,20.13,0,3,0,32078.09,43.64,15,Fully Paid,South
30600.0,60,13.6,579.36,A,A4,0,RENT,262000.0,other,30.31,0,18,0,36591.46,94.31,30,Fully Paid,Northeast
15500.0,36,12.26,483.34,C,C1,9,OWN,30900.0,major_purchase,15.68,0,8,0,3916.09,26.11,11,Fully Paid,West
10500.0,36,16.39,339.47,A,A2,2,OWN,61200.0,major_purchase,13.22,0,17,0,6533.48,98.23,29,Fully Paid,Midwest
29400.0,36,13.43,926.34,F,F4,6,OWN,19100.0,debt_consolidation,33.08,0,18,0,15023.89,86.16,21,Charged Off,West
17400.0,36,18.7,573.72,B,B2,8,MORTGAGE,71400.0,debt_consolidation,33.99,0,2,0,23897.72,88.47,10,Fully Paid,Northeast
39300.0,36,24.34,1357.38,D,D1,0,MORTGAGE,41200.0,credit_card,9.31,1,23,0,15553.37,13.04,32,Fully Paid,Midwest
14600.0,36,21.86,494.21,B,B5,5,MORTGAGE,141700.0,debt_consolidation,12.59,1,23,0,10691.91,87.01,34,Fully Paid,Northeast
36900.0,36,12.36,1151.69,C,C3,10,RENT,36800.0,debt_consolidation,33.0,0,17,0,46251.49,94.18,22,Fully Paid,Northeast
37400.0,36,18.22,1228.17,C,C1,1,MORTGAGE,23300.0,debt_consolidation,3.18,1,22,0,1630.03,81.9,35,Fully Paid,South
10400.0,60,26.0,218.4,B,B2,4,RENT,42800.0,debt_consolidation,13.03,0,5,0,46934.91,9.14,10,Fully Paid,Northeast
32100.0,36,6.71,951.5,G,G3,6,MORTGAGE,20200.0,debt_consolidation,17.93,0,17,0,45362.12,8.48,22,Charged Off,Midwest
17900.0,36,6.96,531.83,D,D1,6,RENT,78900.0,debt_consolidation,7.48,2,4,0,34189.09,35.76,16,Fully Paid,South
36800.0,36,18.9,1215.42,F,F2,9,MORTGAGE,19300.0,debt_consolidation,7.2,0,2,0,1626.73,70.49,7,Fully Paid,Midwest
18600.0,36,20.98,625.06,E,E1,6,MORTGAGE,55000.0,credit_card,16.99,0,18,0,11267.78,1.25,25,Fully Paid,South
30000.0,36,10.29,919.08,C,C4,3,OWN,19200.0,credit_card,30.18,1,6,0,48955.03,95.06,9,Fully Paid,South
19200.0,36,23.63,659.36,F,F2,5,OWN,46200.0,debt_consolidation,33.61,1,4,0,45297.52,52.54,4,Charged Off,Northeast
9900.0,36,21.16,333.19,A,A3,10,MORTGAGE,123200.0,other,39.17,1,20,0,48228.6,35.84,30,Fully Paid,Northeast
8800.0,60,28.08,187.85,B,B1,9,RENT,64900.0,credit_card,2.96,0,12,0,49806.16,56.12,14,Fully Paid,West
17600.0,36,9.22,533.96,A,A2,5,MORTGAGE,35200.0,major_purchase,8.67,0,16,0,3194.37,71.58,23,Fully Paid,Midwest
30500.0,36,23.78,1048.69,B,B5,6,OWN,53300.0,other,30.27,0,3,0,28543.13,27.33,3,Fully Paid,Midwest
24600.0,36,7.09,731.78,B,B2,8,RENT,54700.0,debt_consolidation,21.62,0,23,0,41706.88,29.11,27,Fully Paid,West
27900.0,36,19.13,923.26,B,B1,5,MORTGAGE,68600.0,debt_consolidation,13.11,2,8,0,15985.45,46.82,9,Fully Paid,Northeast
12000.0,60,18.8,237.6,E,E5,9,RENT,27400.0,debt_consolidation,8.22,0,19,0,21777.94,66.99,28,Fully Paid,Midwest
19800.0,36,14.71,630.9,B,B3,0,RENT,72900.0,debt_consolidation,11.22,0,2,0,14186.93,70.64,5,Fully Paid,Midwest
2700.0,36,26.11,94.58,B,B5,7,MORTGAGE,14000.0,debt_consolidation,17.17,0,9,0,1903.61,32.41,23,Fully Paid,Northeast
32900.0,36,5.11,960.59,C,C1,1,MORTGAGE,39500.0,major_purchase,7.09,1,17,0,3635.67,32.25,19,Fully Paid,South
39600.0,36,18.0,1298.0,A,A5,2,MORTGAGE,42400.0,debt_consolidation,38.57,0,16,1,1072.09,48.71,16,Fully Paid,Northeast
16900.0,36,10.43,518.41,E,E1,4,MORTGAGE,74400.0,other,4.3,0,5,0,26362.22,54.19,19,Fully Paid,West
1400.0,36,23.59,48.06,A,A5,5,RENT,54800.0,major_purchase,39.42,0,14,0,30921.15,64.94,18,Fully Paid,Midwest
7600.0,36,6.08,223.95,G,G4,6,OWN,26800.0,credit_card,33.68,0,13,0,15385.08,61.77,21,Charged Off,South
26400.0,36,25.79,922.46,D,D3,3,RENT,33100.0,debt_consolidation,16.93,0,10,0,41307.43,37.25,12,Fully Paid,West
24900.0,36,25.95,871.15,B,B3,2,MORTGAGE,59800.0,credit_card,29.59,0,14,0,44400.67,29.69,14,Fully Paid,Northeast
31700.0,36,25.82,1107.92,A,A3,8,RENT,52100.0,debt_consolidation,26.86,0,12,0,6987.42,30.79,12,Fully Paid,South
10900.0,36,8.81,329.45,E,E4,3,RENT,40600.0,debt_consolidation,8.53,1,13,0,2596.22,64.54,13,Charged Off,Midwest
30800.0,36,20.76,1033.17,D,D3,8,MORTGAGE,42600.0,major_purchase,13.56,1,5,1,15969.03,43.31,8,Charged Off,South
27800.0,60,5.36,488.17,D,D5,8,MORTGAGE,76700.0,debt_consolidation,20.52,0,4,0,35649.38,13.43,8,Fully Paid,Midwest
13600.0,36,26.2,476.76,D,D2,10,MORTGAGE,41800.0,credit_card,25.51,0,6,1,25371.19,0.59,13,Fully Paid,Northeast
22300.0,60,23.07,457.41,A,A4,2,RENT,51800.0,small_business,21.72,2,7,0,24404.5,2.97,16,Fully Paid,South
6700.0,36,18.28,220.13,B,B4,2,MORTGAGE,160300.0,debt_consolidation,18.92,0,5,0,7620.52,86.75,19,Fully Paid,South
18700.0,60,23.26,384.16,A,A1,10,OWN,26600.0,credit_card,17.73,1,2,0,17572.71,45.78,16,Fully Paid,South
35400.0,36,7.36,1055.71,E,E4,7,MORTGAGE,21500.0,credit_card,19.93,0,24,0,47944.56,65.74,36,Fully Paid,Midwest
17400.0,36,18.22,571.4,D,D3,0,RENT,80200.0,debt_consolidation,17.37,1,6,0,17028.02,92.9,16,Fully Paid,Northeast
33700.0,60,12.28,630.64,B,B4,5,RENT,38600.0,major_purchase,21.65,0,3,0,29571.62,12.63,9,Fully Paid,Northeast
24000.0,60,29.32,517.28,A,A4,5,OWN,46200.0,other,35.52,0,15,0,2917.44,44.76,24,Fully Paid,Midwest
8500.0,36,26.43,298.52,B,B5,8,RENT,36700.0,credit_card,25.31,0,12,0,3192.71,53.91,25,Fully Paid,South
23700.0,36,23.33,811.92,B,B5,1,MORTGAGE,47600.0,credit_card,28.9,1,10,0,21212.7,84.15,13,Fully Paid,Midwest
20700.0,36,28.34,737.96,D,D4,7,MORTGAGE,120500.0,credit_card,23.9,1,9,0,30205.62,99.37,10,Charged Off,Midwest
16500.0,60,13.67,312.59,D,D3,6,MORTGAGE,80900.0,home_improvement,25.72,0,8,0,18617.05,71.17,9,Fully Paid,West
5700.0,36,27.52,201.91,E,E5,1,OWN,83400.0,home_improvement,23.13,0,16,0,8950.68,64.18,17,Charged Off,Northeast
17300.0,36,13.13,543.65,C,C2,0,MORTGAGE,26700.0,debt_consolidation,1.07,0,10,0,36797.87,92.03,10,Fully Paid,Midwest
3800.0,60,23.32,78.1,A,A5,3,RENT,30500.0,debt_consolidation,39.98,1,11,0,7002.19,83.74,21,Fully Paid,South
4900.0,60,23.41,100.78,D,D1,1,RENT,13100.0,other,1.34,1,19,0,33400.84,86.5,24,Fully Paid,Midwest
17200.0,36,5.46,503.86,D,D1,2,OWN,36100.0,debt_consolidation,15.81,0,20,1,47836.72,0.27,23,Fully Paid,Midwest
12900.0,36,14.03,408.61,C,C4,1,RENT,87400.0,credit_card,4.2,0,23,0,23526.84,51.44,36,Fully Paid,Midwest
37100.0,60,5.49,652.28,D,D4,8,RENT,70200.0,major_purchase,3.88,0,3,0,10021.68,78.27,5,Fully Paid,South
15700.0,36,29.93,566.64,C,C3,3,RENT,48500.0,debt_consolidation,31.74,0,23,0,42099.09,18.15,23,Charged Off,West
30600.0,60,8.05,551.06,C,C2,0,MORTGAGE,53600.0,credit_card,17.04,0,15,0,25273.81,75.15,26,Fully Paid,Midwest
21700.0,36,18.57,714.71,C,C3,7,MORTGAGE,38400.0,debt_consolidation,32.05,1,22,0,46161.1,0.92,28,Fully Paid,Northeast
28500.0,36,24.76,987.68,A,A3,3,OWN,60000.0,other,10.91,0,11,1,36029.3,57.52,24,Fully Paid,Midwest
11100.0,36,10.03,339.26,A,A1,9,RENT,79500.0,debt_consolidation,10.26,0,6,0,21530.48,85.13,14,Fully Paid,West
37700.0,36,17.13,1226.61,A,A2,10,RENT,24200.0,debt_consolidation,10.05,1,6,0,30869.21,43.13,17,Fully Paid,Midwest
21700.0,60,20.19,434.69,D,D2,10,RENT,62900.0,credit_card,24.65,0,3,0,8498.22,73.95,6,Charged Off,Northeast
33400.0,36,9.01,1011.37,B,B5,7,RENT,86400.0,major_purchase,32.6,0,23,0,19361.52,53.04,35,Fully Paid,West
15200.0,36,24.46,525.5,C,C4,7,RENT,44000.0,debt_consolidation,18.09,0,14,0,29693.56,64.73,14,Fully Paid,Northeast
4900.0,36,12.48,153.1,F,F4,8,MORTGAGE,76900.0,debt_consolidation,15.17,0,8,0,29502.09,51.67,10,Charged Off,Northeast
27300.0,36,10.28,836.29,B,B1,9,MORTGAGE,221300.0,debt_consolidation,38.94,0,22,0,29360.77,47.58,36,Fully Paid,Northeast
1300.0,36,18.96,42.96,C,C1,6,RENT,51400.0,debt_consolidation,4.67,1,16,1,37176.8,84.16,30,Fully Paid,West
19500.0,36,15.26,624.33,D,D5,3,MORTGAGE,66000.0,major_purchase,19.47,1,22,0,5282.67,9.27,35,Fully Paid,West
8500.0,36,28.01,302.25,B,B5,1,MORTGAGE,37500.0,debt_consolidation,16.34,2,16,0,3682.85,58.47,24,Fully Paid,Northeast
25500.0,60,27.0,539.75,A,A3,5,OWN,59300.0,home_improvement,3.93,0,7,0,7401.04,11.48,20,Fully Paid,Northeast
39200.0,60,17.08,764.92,B,B4,3,RENT,68200.0,major_purchase,10.73,1,8,0,39619.72,56.28,8,Fully Paid,South
19100.0,36,13.98,604.73,A,A5,5,MORTGAGE,59700.0,other,1.14,0,5,0,3242.69,96.36,5,Fully Paid,West
32900.0,36,13.14,1033.97,F,F2,7,MORTGAGE,32500.0,credit_card,35.08,1,5,0,11261.77,5.71,9,Charged Off,Midwest
20800.0,36,11.69,645.32,E,E3,2,RENT,60100.0,debt_consolidation,24.31,0,2,0,12738.8,42.2,14,Fully Paid,West
20300.0,36,18.61,668.83,D,D3,0,MORTGAGE,112500.0,debt_consolidation,32.6,1,12,1,32362.58,80.2,16,Fully Paid,South
37300.0,60,25.12,777.83,E,E4,4,OWN,67800.0,other,20.86,0,6,0,20081.48,36.97,18,Fully Paid,South
35700.0,36,12.77,1118.3,E,E4,2,MORTGAGE,87600.0,small_business,23.98,0,3,0,9949.66,52.03,10,Fully Paid,Northeast
31600.0,36,9.75,963.36,B,B4,5,OWN,48100.0,credit_card,28.03,0,6,0,22476.92,11.47,6,Fully Paid,West
12600.0,36,16.89,409.12,E,E1,2,OWN,78800.0,other,36.32,0,6,0,34272.57,22.31,20,Fully Paid,Midwest
22300.0,36,6.73,661.13,C,C4,0,MORTGAGE,62300.0,major_purchase,3.67,0,21,0,39302.59,68.64,28,Fully Paid,West
9700.0,36,22.53,330.15,E,E1,8,MORTGAGE,33700.0,other,13.24,2,14,0,6194.16,82.86,24,Fully Paid,South
18300.0,36,17.96,599.63,E,E5,4,RENT,63500.0,home_improvement,28.36,0,13,0,35735.78,64.65,14,Charged Off,Midwest
19900.0,36,17.41,649.02,B,B2,1,RENT,33000.0,small_business,38.33,0,11,1,226.13,83.69,11,Fully Paid,Midwest
33400.0,60,12.51,626.31,A,A2,1,RENT,39500.0,small_business,39.23,2,14,0,36216.18,60.57,27,Fully Paid,Northeast
35900.0,60,27.62,763.59,B,B3,10,OWN,59600.0,debt_consolidation,25.52,1,10,0,33050.19,81.02,20,Charged Off,West
17200.0,60,7.26,307.48,C,C3,8,RENT,62900.0,other,7.74,0,6,0,23433.33,98.29,13,Fully Paid,West
1700.0,60,26.75,35.91,E,E3,0,MORTGAGE,29900.0,debt_consolidation,4.77,0,7,0,6843.66,8.28,16,Fully Paid,West
34600.0,36,14.42,1099.7,E,E2,9,RENT,91800.0,debt_consolidation,37.84,0,18,0,38227.45,47.96,19,Fully Paid,Midwest
7800.0,60,27.02,165.13,A,A3,2,MORTGAGE,72100.0,major_purchase,17.36,0,6,0,3587.65,18.99,10,Fully Paid,South
25300.0,36,23.22,865.96,C,C1,9,MORTGAGE,38100.0,home_improvement,7.79,0,12,0,44778.43,46.52,21,Fully Paid,South
2000.0,36,7.6,59.78,C,C3,10,RENT,25100.0,small_business,37.36,0,7,0,38673.02,49.96,20,Fully Paid,Northeast
16600.0,60,25.79,348.02,B,B5,6,MORTGAGE,50400.0,debt_consolidation,4.18,0,10,0,37048.17,62.19,15,Fully Paid,South
39500.0,36,22.05,1339.16,A,A3,0,MORTGAGE,43300.0,debt_consolidation,29.18,0,13,0,37719.71,43.93,15,Fully Paid,West
4900.0,60,5.81,86.41,B,B1,1,RENT,57300.0,debt_consolidation,25.01,0,5,0,3378.66,32.47,17,Charged Off,Northeast
17500.0,36,8.34,526.65,F,F2,5,MORTGAGE,45200.0,credit_card,3.51,2,19,0,49497.45,4.32,27,Fully Paid,South
13000.0,60,20.89,261.93,B,B2,8,MORTGAGE,19900.0,home_improvement,13.55,1,16,0,42929.98,3.48,24,Fully Paid,South
36300.0,36,21.57,1225.83,C,C2,8,MORTGAGE,44600.0,debt_consolidation,6.0,0,5,0,25396.67,17.5,12,Charged Off,Northeast
34900.0,36,23.67,1198.91,D,D1,7,RENT,46500.0,credit_card,24.18,0,15,0,35970.02,44.9,27,Fully Paid,Midwest
10300.0,36,23.01,351.95,B,B2,2,MORTGAGE,74400.0,debt_consolidation,19.08,0,19,0,36962.86,41.75,25,Fully Paid,Northeast
4200.0,60,21.49,85.04,G,G4,1,OWN,38200.0,major_purchase,0.17,0,18,0,41489.26,19.07,22,Charged Off,Midwest
25500.0,36,24.16,879.47,G,G3,0,MORTGAGE,125400.0,debt_consolidation,39.03,0,3,0,12768.7,82.23,12,Charged Off,West
14100.0,36,19.38,467.57,B,B1,10,MORTGAGE,20800.0,home_improvement,13.98,1,22,0,18602.64,68.35,36,Fully Paid,Midwest
27200.0,36,11.52,842.6,C,C3,10,OWN,104400.0,debt_consolidation,10.33,0,20,0,39984.27,34.32,21,Fully Paid,Northeast
2300.0,36,27.81,81.66,B,B5,8,RENT,48400.0,debt_consolidation,8.9,1,23,0,38449.19,79.7,25,Fully Paid,West
6200.0,36,5.46,181.63,B,B3,4,RENT,83300.0,small_business,6.35,0,15,0,26130.77,98.92,19,Fully Paid,Northeast
27800.0,36,14.16,881.57,A,A1,2,RENT,56400.0,credit_card,39.97,0,5,0,19810.27,24.5,12,Charged Off,Northeast
9300.0,60,23.22,190.99,C,C4,9,MORTGAGE,95800.0,credit_card,11.8,0,3,0,48422.13,36.26,3,Charged Off,Midwest
34400.0,36,15.68,1105.39,C,C4,9,RENT,44600.0,home_improvement,16.22,0,14,0,20751.07,99.29,24,Fully Paid,Midwest
3300.0,36,5.62,96.82,A,A2,10,RENT,31300.0,home_improvement,34.85,0,8,0,38199.29,13.79,8,Fully Paid,Midwest
9400.0,36,6.65,278.47,B,B4,4,RENT,110200.0,home_improvement,25.68,0,23,0,20632.12,7.72,29,Fully Paid,West
39900.0,36,21.22,1343.52,F,F5,10,MORTGAGE,51200.0,major_purchase,14.75,1,9,0,15491.81,52.1,9,Charged Off,Midwest
17900.0,36,29.12,642.01,B,B5,2,OWN,60500.0,credit_card,35.93,0,11,0,32049.84,46.84,13,Fully Paid,West
28400.0,60,18.8,562.32,A,A3,8,MORTGAGE,100400.0,debt_consolidation,29.99,0,22,0,40380.79,7.83,29,Charged Off,Northeast
8100.0,36,17.67,264.76,C,C5,0,MORTGAGE,32300.0,debt_consolidation,9.12,1,4,0,49068.88,29.0,12,Charged Off,Northeast
24800.0,36,12.96,778.17,G,G1,0,MORTGAGE,73000.0,other,25.75,0,5,0,7445.2,41.89,9,Fully Paid,Midwest
29300.0,36,11.42,906.84,B,B2,2,RENT,40300.0,other,36.9,0,22,0,43805.72,82.22,36,Charged Off,South
13300.0,36,5.52,389.84,D,D5,5,RENT,50700.0,debt_consolidation,19.86,0,22,0,26207.1,70.78,27,Fully Paid,Northeast
33300.0,36,11.82,1034.34,D,D2,10,RENT,56200.0,debt_consolidation,29.34,0,7,0,5387.12,91.45,19,Fully Paid,South
24500.0,36,16.23,791.01,B,B2,1,OWN,25600.0,debt_consolidation,38.84,0,21,0,39718.93,33.25,28,Fully Paid,South
16200.0,60,9.95,296.86,D,D3,0,MORTGAGE,36700.0,home_improvement,27.62,1,8,0,16577.22,30.94,10,Charged Off,South
22700.0,36,7.18,675.83,B,B1,7,RENT,106500.0,debt_consolidation,4.1,1,8,0,43412.49,46.32,8,Fully Paid,Midwest
23500.0,36,22.94,802.53,D,D3,10,RENT,84400.0,major_purchase,9.78,0,23,0,7890.09,0.75,31,Fully Paid,West
7500.0,36,27.37,265.35,D,D5,9,MORTGAGE,52500.0,other,23.8,0,18,1,35554.58,20.73,19,Fully Paid,Northeast
16700.0,36,28.42,595.73,C,C5,8,RENT,61200.0,other,11.02,0,7,0,15039.81,21.15,18,Fully Paid,South
14400.0,60,20.45,289.08,A,A2,9,OWN,46800.0,debt_consolidation,38.3,0,20,0,12867.44,6.11,30,Fully Paid,West
16600.0,36,6.32,490.25,E,E4,0,RENT,106800.0,other,16.21,0,19,0,2513.01,45.51,32,Fully Paid,Midwest
30700.0,60,23.52,632.01,B,B2,2,MORTGAGE,49000.0,home_improvement,18.29,0,13,0,24095.43,90.55,21,Fully Paid,Northeast
19800.0,36,7.75,592.62,B,B1,4,OWN,60800.0,debt_consolidation,28.06,1,20,0,19575.12,0.4,30,Fully Paid,West
37700.0,36,21.74,1274.89,A,A4,6,MORTGAGE,96100.0,debt_consolidation,20.97,0,12,1,3084.52,62.84,13,Fully Paid,Midwest
12500.0,36,24.48,432.22,C,C4,9,RENT,36700.0,home_improvement,15.29,1,18,0,11332.11,87.93,25,Fully Paid,Northeast
17200.0,36,23.15,588.38,D,D4,3,RENT,118100.0,other,3.07,0,4,0,24363.59,10.75,6,Fully Paid,Northeast
31700.0,36,28.8,1134.16,A,A5,5,MORTGAGE,25200.0,debt_consolidation,23.86,0,16,0,40413.57,91.73,28,Fully Paid,Midwest
22300.0,36,23.45,764.7,C,C1,0,MORTGAGE,122400.0,debt_consolidation,34.7,1,6,0,46472.39,81.85,14,Fully Paid,South
22300.0,36,22.33,757.77,B,B5,3,MORTGAGE,45000.0,credit_card,27.43,1,5,0,25766.61,21.46,14,Fully Paid,Northeast
3100.0,36,11.54,96.05,D,D2,7,MORTGAGE,48000.0,other,15.26,0,2,0,20165.34,90.53,14,Fully Paid,Northeast
16500.0,36,28.12,587.22,A,A2,4,RENT,21100.0,other,5.11,0,22,0,47737.72,80.4,25,Fully Paid,South
11600.0,36,9.49,352.8,D,D2,7,MORTGAGE,43200.0,debt_consolidation,32.65,0,4,1,48143.12,11.14,11,Charged Off,West
40000.0,60,27.62,850.8,B,B2,0,MORTGAGE,32200.0,debt_consolidation,37.67,1,11,0,9520.62,83.06,14,Charged Off,Northeast
13000.0,36,12.82,407.41,F,F5,9,MORTGAGE,40000.0,other,15.53,0,14,0,26572.77,54.22,16,Fully Paid,West
35500.0,60,8.25,640.48,A,A4,8,MORTGAGE,50600.0,home_improvement,29.15,0,8,0,41045.5,81.6,8,Fully Paid,South
27400.0,36,25.67,956.49,B,B1,3,RENT,87500.0,other,16.43,1,15,0,41112.95,61.77,18,Charged Off,Northeast
14300.0,36,5.06,417.32,A,A3,8,MORTGAGE,60100.0,small_business,20.09,0,14,0,34248.93,39.19,15,Fully Paid,South
22200.0,36,25.8,775.77,F,F3,7,MORTGAGE,63200.0,debt_consolidation,33.46,1,22,0,23573.45,60.11,30,Charged Off,Northeast
33800.0,36,11.56,1047.42,E,E2,7,RENT,31300.0,major_purchase,3.34,0,23,0,20182.82,63.62,36,Fully Paid,Northeast
35500.0,36,27.12,1253.54,B,B5,1,RENT,34900.0,debt_consolidation,21.21,0,23,0,40320.61,76.62,24,Fully Paid,Northeast
7300.0,36,22.29,247.98,D,D2,2,MORTGAGE,133200.0,major_purchase,8.58,0,6,0,11286.16,83.07,13,Charged Off,South
14200.0,36,21.65,479.84,E,E5,9,RENT,37500.0,credit_card,13.59,1,12,0,21421.49,66.32,21,Fully Paid,Northeast
14100.0,36,14.13,447.01,C,C4,8,MORTGAGE,124000.0,other,25.78,1,23,0,28343.23,98.96,32,Fully Paid,West
2600.0,60,6.49,46.15,C,C1,2,RENT,48000.0,other,1.09,0,15,0,41589.2,77.86,21,Fully Paid,Midwest
24300.0,36,25.75,848.81,B,B2,7,MORTGAGE,54200.0,debt_consolidation,23.75,0,2,1,18692.51,91.08,7,Fully Paid,Midwest
34300.0,36,9.27,1041.1,A,A1,4,RENT,92500.0,debt_consolidation,11.34,1,6,0,27432.79,31.95,9,Fully Paid,Midwest
15900.0,36,14.31,504.87,E,E4,6,RENT,102300.0,credit_card,26.78,1,4,0,13958.19,31.62,6,Charged Off,West
29900.0,60,20.01,598.05,F,F3,3,MORTGAGE,51300.0,small_business,5.66,3,23,0,41845.63,36.23,34,Charged Off,Northeast
25500.0,36,17.06,829.18,D,D2,7,MORTGAGE,44600.0,major_purchase,29.43,0,2,0,39277.06,43.97,13,Fully Paid,South
15700.0,36,9.97,479.59,B,B3,3,RENT,52700.0,other,25.83,0,18,1,41004.91,96.14,32,Fully Paid,South
6500.0,60,8.52,117.56,B,B1,4,RENT,64100.0,credit_card,38.85,0,21,0,2873.81,7.35,31,Fully Paid,Northeast
28700.0,60,8.08,516.98,D,D1,0,MORTGAGE,84600.0,debt_consolidation,36.45,0,13,0,24344.91,49.84,25,Fully Paid,West
34300.0,36,26.58,1206.03,E,E3,9,MORTGAGE,54300.0,debt_consolidation,11.33,1,14,1,6792.14,16.12,23,Fully Paid,Midwest
27700.0,36,5.79,814.0,E,E4,7,MORTGAGE,73800.0,debt_consolidation,1.09,0,7,0,33688.02,81.09,20,Charged Off,West
1700.0,60,29.43,36.67,D,D1,6,MORTGAGE,122900.0,home_improvement,26.21,1,4,0,15569.55,3.11,8,Fully Paid,West
9400.0,60,9.96,172.27,D,D5,10,RENT,65600.0,other,24.12,2,12,0,38728.81,45.51,13,Fully Paid,South
3700.0,36,7.76,110.75,A,A1,4,MORTGAGE,63300.0,debt_consolidation,1.1,0,12,0,3258.35,39.47,24,Fully Paid,Northeast
23200.0,36,19.42,769.6,A,A1,5,MORTGAGE,25400.0,small_business,4.91,1,22,0,25663.03,9.22,23,Fully Paid,South
30500.0,36,7.0,906.53,E,E5,0,OWN,14500.0,debt_consolidation,23.39,0,11,0,6183.26,37.67,18,Fully Paid,Midwest
5300.0,36,20.06,176.76,C,C1,7,OWN,65800.0,debt_consolidation,36.47,1,12,0,27894.96,80.9,14,Charged Off,Midwest
33700.0,36,26.27,1182.03,A,A4,8,MORTGAGE,51700.0,credit_card,36.26,0,17,0,30367.57,13.75,23,Fully Paid,South
22700.0,36,6.2,669.65,A,A5,10,MORTGAGE,41900.0,debt_consolidation,6.06,0,21,0,23107.18,98.35,31,Fully Paid,Northeast
27900.0,60,25.0,581.25,D,D1,4,MORTGAGE,61200.0,other,15.38,0,11,0,13982.33,5.85,16,Fully Paid,Northeast
38900.0,60,14.86,744.68,A,A5,9,MORTGAGE,52600.0,credit_card,1.73,0,13,0,1616.39,28.91,20,Fully Paid,West
4300.0,36,8.99,130.18,A,A1,6,OWN,95200.0,debt_consolidation,18.77,1,20,1,33105.71,77.49,22,Fully Paid,West
36100.0,36,9.4,1097.04,C,C1,9,MORTGAGE,56600.0,small_business,30.12,1,10,0,43522.09,35.75,10,Fully Paid,South
5900.0,36,27.97,209.73,D,D2,3,MORTGAGE,37300.0,other,31.6,0,5,0,36682.39,48.04,10,Fully Paid,Midwest
16300.0,36,7.77,487.96,D,D1,5,RENT,88900.0,credit_card,19.96,1,16,0,44650.9,18.67,21,Fully Paid,Northeast
34200.0,36,26.67,1203.36,B,B2,1,OWN,48600.0,debt_consolidation,3.83,0,24,0,46475.05,71.55,31,Fully Paid,South
36300.0,36,18.61,1195.98,D,D1,3,MORTGAGE,70500.0,debt_consolidation,15.25,0,22,0,22477.32,17.95,31,Fully Paid,South
20700.0,36,5.98,609.38,B,B4,4,MORTGAGE,42700.0,debt_consolidation,37.28,0,8,0,34899.57,84.87,22,Fully Paid,Midwest
24200.0,36,16.61,783.88,B,B3,8,RENT,39100.0,debt_consolidation,9.18,0,6,0,19868.94,53.95,8,Fully Paid,West
28600.0,60,25.44,597.93,D,D2,8,RENT,56500.0,other,12.79,0,20,0,45977.14,54.82,32,Fully Paid,Midwest
33500.0,36,23.16,1146.07,D,D3,7,RENT,54500.0,debt_consolidation,29.87,0,23,0,28148.64,93.35,31,Fully Paid,West
5700.0,36,17.22,185.6,E,E3,3,RENT,68900.0,credit_card,29.34,0,16,1,37622.5,77.3,21,Fully Paid,West
32600.0,60,26.5,687.32,D,D4,5,RENT,47400.0,home_improvement,36.49,1,7,0,725.91,74.31,7,Fully Paid,Northeast
19800.0,36,8.01,594.06,C,C4,6,MORTGAGE,21600.0,small_business,15.52,1,21,0,28777.46,85.8,34,Fully Paid,Northeast
18600.0,36,27.75,660.04,A,A4,0,MORTGAGE,43600.0,debt_consolidation,20.58,1,16,0,37099.56,9.18,18,Fully Paid,West
17500.0,36,26.16,613.28,B,B3,0,MORTGAGE,80600.0,debt_consolidation,18.7,0,18,0,12850.31,72.6,21,Fully Paid,West
20900.0,60,22.71,427.44,B,B1,3,RENT,46700.0,debt_consolidation,37.11,0,20,0,718.7,23.32,22,Fully Paid,Northeast
37900.0,36,25.45,1320.71,B,B5,2,MORTGAGE,47900.0,debt_consolidation,30.77,0,4,0,37181.64,28.09,9,Charged Off,West
22400.0,36,18.6,737.96,G,G4,9,MORTGAGE,88700.0,debt_consolidation,33.26,1,19,0,16904.29,1.51,33,Fully Paid,West
38200.0,36,21.88,1293.28,B,B2,3,RENT,37900.0,credit_card,5.32,0,11,0,21439.48,89.37,17,Charged Off,West
8000.0,36,19.01,264.47,E,E1,8,RENT,25000.0,debt_consolidation,31.67,1,16,0,28102.62,73.91,27,Charged Off,Midwest
29200.0,36,13.89,923.77,D,D4,1,MORTGAGE,50000.0,debt_consolidation,17.32,0,19,0,5512.56,13.93,29,Fully Paid,South
32700.0,36,19.22,1082.92,E,E4,3,MORTGAGE,42500.0,debt_consolidation,0.93,0,16,0,5177.63,32.79,17,Fully Paid,West
27500.0,60,11.44,510.77,C,C4,6,MORTGAGE,33400.0,other,2.4,0,20,0,48044.02,47.99,32,Fully Paid,Northeast
24700.0,60,16.01,477.57,C,C5,1,RENT,49600.0,credit_card,27.12,0,21,1,16944.83,49.39,34,Fully Paid,West
23000.0,36,12.02,715.68,C,C1,7,MORTGAGE,69300.0,small_business,14.88,1,6,0,12776.24,59.57,11,Fully Paid,West
34600.0,36,8.07,1038.67,B,B4,9,RENT,53900.0,debt_consolidation,34.72,0,12,0,2386.91,47.22,26,Fully Paid,Northeast
33000.0,36,13.05,1036.29,D,D1,3,MORTGAGE,63200.0,major_purchase,29.37,1,10,0,8696.44,64.86,13,Fully Paid,Northeast
5800.0,60,26.3,122.09,B,B1,8,MORTGAGE,134100.0,debt_consolidation,0.87,0,6,0,21544.75,88.39,17,Fully Paid,West
34100.0,36,14.53,1084.85,A,A3,0,RENT,45600.0,debt_consolidation,27.48,0,12,0,17103.67,39.81,26,Fully Paid,South
17100.0,36,23.7,587.58,D,D1,6,RENT,62300.0,major_purchase,7.69,0,23,0,21229.09,87.67,23,Fully Paid,Northeast
10900.0,60,9.38,198.71,A,A5,0,RENT,42000.0,major_purchase,16.9,1,8,0,35195.49,21.96,19,Fully Paid,Northeast
34900.0,60,15.61,672.46,F,F5,10,RENT,35500.0,other,24.99,0,3,0,32089.47,12.14,4,Charged Off,Midwest
17800.0,36,7.87,533.36,F,F5,9,RENT,40400.0,major_purchase,34.91,1,21,0,24657.65,23.94,25,Charged Off,West
32500.0,60,8.47,587.55,F,F5,10,MORTGAGE,42600.0,debt_consolidation,18.24,1,23,0,40741.07,20.66,34,Charged Off,Midwest
11300.0,60,20.44,226.83,B,B4,8,MORTGAGE,64800.0,debt_consolidation,32.34,2,21,0,42866.23,98.51,29,Fully Paid,Midwest
1200.0,36,20.19,40.06,A,A1,9,MORTGAGE,175300.0,credit_card,31.32,0,22,0,29540.63,38.11,35,Fully Paid,South
20300.0,36,10.33,622.14,F,F3,9,MORTGAGE,37900.0,debt_consolidation,16.58,0,20,0,5878.55,65.15,24,Fully Paid,West
4900.0,60,16.86,95.44,C,C4,0,MORTGAGE,44000.0,major_purchase,20.04,1,19,0,20308.96,69.61,26,Fully Paid,West
30400.0,36,26.58,1068.9,G,G2,2,MORTGAGE,52500.0,credit_card,28.02,0,17,0,31723.17,44.52,28,Charged Off,Midwest
11800.0,36,9.36,358.46,G,G4,6,RENT,66000.0,other,1.25,0,2,0,3142.55,22.36,11,Charged Off,Northeast
18300.0,36,5.48,536.19,E,E4,0,MORTGAGE,61800.0,credit_card,35.63,0,4,0,995.33,43.81,5,Charged Off,Northeast
4400.0,60,21.3,88.95,B,B4,4,RENT,103000.0,credit_card,30.79,0,10,0,47416.72,47.38,14,Fully Paid,West
12200.0,60,6.34,216.22,B,B4,5,RENT,16100.0,debt_consolidation,9.98,0,18,0,36503.23,95.4,18,Fully Paid,South
31500.0,36,29.5,1133.12,E,E3,2,MORTGAGE,16400.0,debt_consolidation,39.25,1,9,0,7655.39,56.86,10,Fully Paid,South
6900.0,60,20.24,138.28,B,B5,5,OWN,42300.0,small_business,7.18,0,22,0,22256.32,96.99,32,Fully Paid,West
26200.0,60,16.76,509.85,A,A1,3,MORTGAGE,93800.0,other,36.56,0,17,0,9677.86,57.67,19,Fully Paid,Northeast
36800.0,60,15.75,709.93,C,C5,5,OWN,24800.0,debt_consolidation,12.98,1,13,0,514.27,14.5,20,Fully Paid,South
27500.0,36,19.33,911.55,F,F3,5,RENT,12000.0,major_purchase,30.53,0,5,0,19584.66,38.44,16,Fully Paid,West
32600.0,36,7.27,971.39,D,D3,3,MORTGAGE,72100.0,credit_card,18.26,0,6,0,32419.24,79.23,15,Fully Paid,West
5200.0,36,28.25,185.25,C,C4,0,RENT,61200.0,other,29.46,0,8,0,47706.44,42.16,10,Fully Paid,Northeast
10800.0,36,20.64,361.92,A,A4,2,RENT,31400.0,debt_consolidation,6.23,2,19,0,38491.74,9.97,30,Fully Paid,Midwest
35900.0,36,9.6,1092.96,C,C1,10,RENT,33100.0,credit_card,10.78,0,23,0,11506.91,9.61,26,Charged Off,Northeast
28900.0,60,19.06,573.47,G,G4,9,MORTGAGE,33400.0,debt_consolidation,3.99,0,21,1,16810.59,23.71,24,Fully Paid,South
25900.0,36,8.33,779.37,A,A1,6,OWN,57300.0,credit_card,34.61,0,15,0,26029.03,56.48,23,Fully Paid,Midwest
26900.0,60,5.44,472.72,C,C3,1,OWN,39600.0,debt_consolidation,11.85,0,9,0,9563.65,83.02,12,Fully Paid,Northeast
17200.0,36,20.76,576.96,E,E1,3,MORTGAGE,69400.0,credit_card,27.78,1,14,0,41647.29,53.37,22,Fully Paid,South
2700.0,36,21.21,90.91,D,D1,5,MORTGAGE,13000.0,credit_card,32.81,0,5,0,8398.25,74.61,15,Fully Paid,South
31600.0,36,19.59,1049.73,D,D2,4,MORTGAGE,35300.0,debt_consolidation,36.06,0,13,0,14498.65,64.56,20,Fully Paid,Midwest
27500.0,36,9.59,837.15,D,D4,5,OWN,30900.0,home_improvement,4.25,2,4,0,28880.03,52.41,7,Charged Off,Northeast
19400.0,36,20.09,647.15,B,B5,4,MORTGAGE,47700.0,home_improvement,35.72,0,6,0,6161.2,21.48,8,Fully Paid,Northeast
36100.0,60,6.41,640.23,B,B2,8,MORTGAGE,41400.0,small_business,7.89,0,5,0,31230.75,88.32,6,Fully Paid,South
14100.0,36,20.23,470.9,E,E2,10,OWN,80700.0,debt_consolidation,29.48,0,16,0,47211.26,27.57,23,Fully Paid,West
12500.0,36,18.85,412.67,E,E2,1,RENT,21400.0,debt_consolidation,29.15,1,6,0,34576.79,25.28,13,Charged Off,West
35000.0,36,21.38,1180.08,E,E5,3,MORTGAGE,55400.0,credit_card,0.34,2,10,0,40639.23,25.78,10,Fully Paid,Midwest
32100.0,36,27.39,1135.89,F,F5,0,MORTGAGE,71600.0,debt_consolidation,8.82,0,15,0,21924.72,9.57,21,Charged Off,Northeast
21100.0,36,26.26,740.02,C,C2,6,MORTGAGE,137100.0,credit_card,19.68,1,17,0,18265.86,49.87,24,Fully Paid,West
6100.0,36,29.52,219.46,C,C3,0,MORTGAGE,42600.0,debt_consolidation,16.8,0,4,0,16430.13,32.75,10,Fully Paid,Midwest
9400.0,36,29.41,337.9,E,E2,5,MORTGAGE,63700.0,debt_consolidation,36.74,0,16,0,33023.26,52.19,26,Charged Off,South
26600.0,60,24.31,551.11,D,D1,9,RENT,22000.0,debt_consolidation,14.39,0,19,0,25926.78,45.31,30,Charged Off,West
16000.0,36,28.91,572.93,D,D1,9,RENT,16400.0,debt_consolidation,37.48,1,19,0,23615.97,51.98,21,Fully Paid,Northeast
33600.0,60,26.68,709.41,E,E5,8,MORTGAGE,82700.0,other,18.38,0,15,0,5037.3,29.77,18,Fully Paid,South
38000.0,36,23.19,1300.34,E,E1,1,RENT,54000.0,other,38.57,0,8,0,33668.66,81.51,12,Fully Paid,Northeast
32400.0,60,6.88,577.15,B,B4,0,OWN,97700.0,credit_card,29.49,2,21,0,36269.15,53.42,34,Charged Off,South
15700.0,36,6.23,463.28,B,B4,10,MORTGAGE,27300.0,debt_consolidation,33.17,0,7,0,9809.91,20.84,7,Fully Paid,Northeast
31800.0,36,25.94,1112.47,A,A2,10,RENT,70300.0,other,4.2,0,17,0,37985.27,90.18,26,Fully Paid,Midwest
14700.0,36,17.24,478.73,C,C4,10,RENT,137900.0,other,23.45,0,23,0,43969.7,10.95,25,Fully Paid,Northeast
7500.0,60,25.37,156.71,A,A4,9,MORTGAGE,66800.0,small_business,5.71,3,20,0,8731.19,73.34,34,Fully Paid,Northeast
2300.0,36,12.82,72.08,C,C2,2,MORTGAGE,62200.0,credit_card,11.9,1,10,0,22602.08,67.84,15,Fully Paid,South
16000.0,36,14.94,510.84,C,C4,5,RENT,54400.0,debt_consolidation,24.94,0,21,0,43809.26,7.29,23,Charged Off,Northeast
36200.0,36,22.5,1231.81,B,B3,6,MORTGAGE,24700.0,debt_consolidation,29.05,1,2,0,24364.9,90.15,6,Charged Off,Northeast
10300.0,36,27.88,365.88,C,C4,10,MORTGAGE,106700.0,small_business,1.57,0,19,0,40762.69,31.63,22,Fully Paid,Northeast
9100.0,36,7.19,270.95,A,A5,7,RENT,39900.0,small_business,21.24,0,22,0,10787.64,74.09,23,Fully Paid,South
38800.0,36,26.54,1363.82,A,A3,3,RENT,69700.0,debt_consolidation,22.61,0,15,0,3196.56,27.7,18,Fully Paid,West
2000.0,36,24.83,69.35,E,E2,7,RENT,24800.0,debt_consolidation,3.15,0,15,0,2973.34,52.57,18,Fully Paid,West
31600.0,36,12.89,990.92,B,B2,6,MORTGAGE,30000.0,credit_card,20.03,0,9,0,48617.82,97.23,19,Charged Off,West
13500.0,36,13.88,427.05,A,A3,10,OWN,111000.0,major_purchase,28.55,1,24,0,8235.89,61.08,26,Fully Paid,Northeast
2500.0,36,6.16,73.72,C,C2,7,MORTGAGE,45500.0,home_improvement,2.13,0,18,0,43244.56,29.63,28,Fully Paid,Midwest
36800.0,36,5.39,1077.32,D,D5,4,MORTGAGE,112000.0,credit_card,30.41,0,19,0,15786.43,45.84,26,Charged Off,Midwest
6400.0,60,16.93,124.73,B,B1,9,RENT,52100.0,debt_consolidation,23.06,0,16,0,2004.43,67.6,21,Fully Paid,South
22500.0,36,7.39,671.19,D,D1,6,RENT,21600.0,debt_consolidation,33.33,0,11,0,12048.86,44.52,11,Charged Off,West
11700.0,60,9.85,214.21,A,A2,3,RENT,84600.0,home_improvement,8.72,0,21,0,25274.63,91.07,29,Fully Paid,Northeast
3500.0,36,26.17,122.67,A,A5,0,RENT,40300.0,major_purchase,33.33,0,17,0,5338.59,86.75,19,Fully Paid,South
2900.0,60,19.28,57.65,C,C2,2,MORTGAGE,76800.0,debt_consolidation,3.78,0,8,0,46108.17,14.68,11,Fully Paid,Northeast
5500.0,36,20.84,184.62,C,C1,9,MORTGAGE,54900.0,debt_consolidation,16.15,1,18,1,44994.25,78.49,27,Fully Paid,South
3800.0,36,9.69,115.78,D,D5,8,RENT,25000.0,home_improvement,7.98,1,6,0,7457.37,94.24,15,Charged Off,West
30700.0,36,25.72,1072.11,D,D2,10,RENT,58800.0,debt_consolidation,35.04,0,19,0,36855.42,31.69,30,Charged Off,Northeast
19900.0,60,26.7,420.22,G,G4,3,RENT,162400.0,credit_card,28.2,1,15,0,23035.42,23.82,28,Fully Paid,West
14400.0,36,18.08,472.32,C,C1,4,MORTGAGE,69300.0,credit_card,1.01,0,19,0,49106.36,0.96,25,Fully Paid,West
17300.0,36,27.81,614.2,B,B1,2,MORTGAGE,52600.0,major_purchase,0.38,0,19,0,2770.21,11.57,23,Fully Paid,Northeast
37200.0,36,26.12,1303.24,E,E5,10,MORTGAGE,92800.0,major_purchase,11.65,1,16,0,23551.73,96.09,19,Fully Paid,West
36500.0,36,23.28,1249.92,B,B4,5,RENT,60200.0,debt_consolidation,5.73,0,12,0,14273.65,39.11,13,Fully Paid,South
28900.0,36,23.35,990.23,C,C4,3,OWN,60200.0,credit_card,25.21,0,6,0,36318.92,38.73,10,Fully Paid,South
35500.0,36,7.63,1061.35,A,A3,4,RENT,31400.0,debt_consolidation,26.55,0,17,0,5556.71,26.67,30,Fully Paid,South
13500.0,36,11.77,419.14,A,A1,10,MORTGAGE,60900.0,small_business,37.68,1,9,0,31405.43,16.41,22,Charged Off,West
15900.0,36,6.67,471.13,G,G3,6,MORTGAGE,90900.0,small_business,38.08,0,14,0,47402.97,50.88,26,Charged Off,Northeast
24900.0,60,5.22,436.66,E,E4,6,MORTGAGE,35700.0,debt_consolidation,26.36,0,23,0,22694.02,72.32,30,Fully Paid,West
25300.0,36,8.96,765.75,D,D5,8,MORTGAGE,110400.0,debt_consolidation,0.23,0,18,0,22711.53,55.08,19,Fully Paid,West
19800.0,36,27.01,698.56,C,C2,1,OWN,51700.0,debt_consolidation,14.36,0,10,0,24785.12,3.55,22,Fully Paid,South
16600.0,60,11.0,307.1,A,A2,3,RENT,34800.0,credit_card,20.53,1,16,1,20785.41,80.35,29,Fully Paid,Northeast
39500.0,36,29.25,1418.16,A,A1,7,RENT,89200.0,debt_consolidation,19.97,1,8,0,22373.8,93.16,8,Fully Paid,Midwest
33000.0,36,19.93,1099.36,B,B4,3,OWN,46900.0,home_improvement,24.13,1,19,0,23161.93,44.04,29,Fully Paid,Midwest
18000.0,60,10.93,332.79,C,C3,2,RENT,79200.0,home_improvement,38.42,1,15,0,49903.3,36.65,28,Fully Paid,Northeast
29400.0,36,17.43,959.01,D,D5,9,RENT,46800.0,credit_card,35.41,0,9,0,5821.8,22.99,14,Fully Paid,Northeast
11500.0,36,10.48,352.92,D,D2,5,MORTGAGE,52600.0,small_business,4.36,1,3,0,14266.07,30.19,15,Fully Paid,South
4900.0,60,29.6,105.84,B,B2,2,MORTGAGE,69300.0,debt_consolidation,10.64,0,19,0,10539.37,64.44,31,Fully Paid,Northeast
14700.0,60,26.18,309.14,F,F2,1,MORTGAGE,62700.0,other,33.32,0,5,1,27209.4,77.01,5,Fully Paid,Northeast
16700.0,36,5.66,490.15,D,D3,8,RENT,20000.0,debt_consolidation,32.97,0,24,0,140.45,33.22,32,Fully Paid,West
1600.0,36,28.69,57.2,C,C1,2,RENT,30900.0,debt_consolidation,11.01,1,3,0,46054.93,33.97,10,Charged Off,West
32800.0,36,23.03,1120.94,C,C1,0,MORTGAGE,86200.0,debt_consolidation,29.22,0,11,0,26556.05,45.11,14,Fully Paid,Midwest
15000.0,36,7.06,446.08,C,C5,8,MORTGAGE,50700.0,credit_card,26.88,1,7,0,44803.86,17.02,13,Charged Off,South
23600.0,36,21.77,798.27,B,B3,4,MORTGAGE,41700.0,debt_consolidation,18.94,0,12,0,17248.26,92.72,21,Charged Off,South
3900.0,36,21.17,131.27,B,B1,6,MORTGAGE,27500.0,credit_card,8.06,0,21,0,7496.5,70.55,24,Fully Paid,Northeast
7800.0,60,10.47,143.61,D,D4,1,MORTGAGE,31600.0,debt_consolidation,35.55,0,11,0,9614.63,43.36,16,Fully Paid,South
35700.0,60,23.96,737.56,A,A3,0,RENT,19700.0,small_business,27.11,0,18,0,23536.62,12.23,27,Charged Off,Midwest
24700.0,36,7.18,735.37,A,A2,5,RENT,51500.0,credit_card,6.76,0,9,0,2013.45,84.88,15,Fully Paid,West
38100.0,36,17.24,1240.79,A,A2,4,RENT,40200.0,credit_card,28.19,0,7,0,39090.21,48.37,15,Fully Paid,Midwest
40000.0,36,5.25,1169.44,A,A3,9,MORTGAGE,33400.0,other,29.66,0,17,0,39531.83,79.69,27,Fully Paid,Midwest
15500.0,36,29.22,556.36,E,E3,5,RENT,52400.0,major_purchase,35.48,0,11,0,35097.75,3.34,12,Fully Paid,Northeast
12700.0,36,23.79,436.7,D,D3,1,MORTGAGE,65000.0,debt_consolidation,8.91,0,24,0,44816.99,27.37,33,Fully Paid,West
34500.0,60,8.97,626.58,C,C2,6,MORTGAGE,154300.0,credit_card,39.55,0,20,0,27473.86,62.21,27,Fully Paid,Northeast
39900.0,36,13.54,1258.4,A,A5,0,RENT,25400.0,credit_card,6.14,0,5,0,23965.97,48.79,13,Fully Paid,Midwest
25600.0,60,9.01,465.11,C,C1,10,MORTGAGE,96700.0,debt_consolidation,24.03,0,3,1,26458.79,29.51,15,Fully Paid,Midwest
32000.0,36,24.17,1103.73,C,C3,7,OWN,88100.0,debt_consolidation,26.29,0,21,0,9097.68,20.11,24,Fully Paid,South
31500.0,36,6.47,931.61,A,A1,6,MORTGAGE,36700.0,debt_consolidation,16.76,0,3,0,25614.56,30.18,10,Fully Paid,South
14900.0,36,26.01,521.54,C,C4,6,MORTGAGE,60000.0,major_purchase,19.0,0,13,0,27087.85,74.23,23,Fully Paid,South
23400.0,36,28.55,835.58,B,B1,5,RENT,43100.0,debt_consolidation,35.64,1,5,0,38229.49,18.37,18,Fully Paid,South
33500.0,60,21.92,680.72,C,C1,9,RENT,59400.0,debt_consolidation,25.81,0,17,0,17395.97,59.38,31,Fully Paid,Midwest
27800.0,60,10.32,511.15,D,D4,4,RENT,115200.0,debt_consolidation,19.88,0,3,0,4611.35,42.37,12,Fully Paid,South
1800.0,36,14.0,57.0,A,A4,8,MORTGAGE,73300.0,home_improvement,5.13,0,17,1,29873.13,76.3,21,Fully Paid,West
14100.0,36,16.93,457.98,B,B3,2,OWN,69900.0,credit_card,0.29,0,16,0,39397.91,20.16,24,Fully Paid,Midwest
6600.0,36,20.12,220.22,D,D4,8,MORTGAGE,43700.0,home_improvement,5.0,0,15,0,48477.99,27.01,16,Fully Paid,Midwest
10100.0,60,21.72,204.9,C,C4,4,RENT,25800.0,debt_consolidation,38.25,0,12,0,4512.73,39.87,24,Fully Paid,West
36300.0,60,18.86,719.1,E,E2,7,MORTGAGE,48800.0,other,30.56,2,16,0,37317.56,16.66,29,Fully Paid,Northeast
2400.0,36,13.78,75.85,D,D1,10,MORTGAGE,99000.0,credit_card,38.68,0,7,0,29792.0,46.12,18,Fully Paid,South
9600.0,36,27.27,339.39,A,A5,2,MORTGAGE,25200.0,credit_card,1.43,1,17,0,766.86,41.61,17,Fully Paid,Midwest
13100.0,36,7.03,389.47,A,A1,6,RENT,32000.0,other,27.21,0,2,1,35912.08,99.01,14,Fully Paid,West
25100.0,36,16.66,813.38,D,D5,9,MORTGAGE,57700.0,other,1.77,0,12,0,1310.06,59.39,26,Fully Paid,Northeast
21800.0,36,24.39,753.25,A,A4,3,RENT,33100.0,home_improvement,31.28,0,15,0,39262.81,6.95,27,Fully Paid,Northeast
9500.0,36,6.52,281.09,C,C2,4,RENT,36500.0,other,15.24,0,3,0,36066.11,45.99,12,Fully Paid,West
7400.0,60,22.63,151.24,F,F1,3,RENT,43800.0,credit_card,3.83,0,17,0,34396.0,87.85,30,Fully Paid,Midwest
10200.0,36,25.49,355.55,C,C1,8,RENT,27400.0,debt_consolidation,22.72,0,5,1,5999.81,86.68,10,Fully Paid,Midwest
20600.0,36,21.52,695.36,B,B5,6,MORTGAGE,33300.0,debt_consolidation,11.2,1,15,1,45951.65,96.18,29,Fully Paid,South
11600.0,60,5.32,203.62,D,D3,5,RENT,77000.0,credit_card,26.38,0,17,0,44945.65,89.42,20,Charged Off,South
38000.0,36,9.5,1155.83,C,C1,5,MORTGAGE,28200.0,credit_card,26.33,0,16,0,45013.05,17.63,21,Fully Paid,West
19100.0,36,13.55,602.45,C,C4,10,RENT,24400.0,debt_consolidation,28.2,0,3,0,18018.12,0.36,9,Fully Paid,West
3300.0,36,10.84,101.6,F,F5,9,RENT,39500.0,small_business,39.7,0,14,0,24608.65,61.63,28,Fully Paid,Midwest
29400.0,36,29.07,1054.07,B,B1,6,RENT,78100.0,debt_consolidation,15.47,0,18,0,5744.77,70.24,26,Fully Paid,Midwest
13800.0,36,21.29,464.94,G,G3,4,RENT,49100.0,debt_consolidation,18.61,0,21,0,2554.77,13.12,21,Charged Off,West
26500.0,36,12.42,827.54,F,F1,9,RENT,42900.0,debt_consolidation,32.18,0,11,0,2938.87,16.68,22,Fully Paid,West
11900.0,60,28.24,254.34,B,B5,2,MORTGAGE,55400.0,other,23.13,1,16,0,28438.48,96.31,18,Fully Paid,Northeast
23300.0,36,23.51,799.38,A,A3,10,MORTGAGE,22600.0,major_purchase,1.49,0,18,0,16070.16,94.38,19,Charged Off,Northeast
31100.0,60,12.12,581.16,A,A2,10,RENT,69400.0,credit_card,33.72,1,9,0,28977.78,15.7,23,Fully Paid,Northeast
37200.0,36,14.47,1182.86,A,A1,2,RENT,65600.0,small_business,2.06,2,3,0,29633.22,24.7,7,Fully Paid,Northeast
11200.0,60,9.99,205.31,A,A3,6,RENT,44100.0,major_purchase,6.83,0,2,0,45353.12,89.21,16,Fully Paid,Northeast
14100.0,36,29.28,506.35,D,D4,10,MORTGAGE,89600.0,other,4.08,1,24,0,44114.16,43.5,33,Fully Paid,West
19100.0,36,17.93,625.68,A,A5,9,MORTGAGE,30800.0,debt_consolidation,3.12,0,24,0,35929.17,79.81,38,Fully Paid,South
37200.0,36,27.4,1316.47,B,B3,0,MORTGAGE,95200.0,credit_card,1.03,0,6,0,40925.17,39.6,13,Fully Paid,West
36200.0,36,13.66,1142.91,E,E5,3,RENT,58500.0,debt_consolidation,2.2,0,4,0,157.98,73.64,15,Charged Off,Northeast
4500.0,36,26.52,158.15,A,A2,9,RENT,45800.0,other,17.7,0,23,2,776.76,39.68,27,Fully Paid,West
6100.0,60,6.35,108.12,E,E5,7,RENT,53600.0,other,10.11,0,12,0,22929.37,89.92,19,Charged Off,Midwest
20300.0,36,29.55,730.52,B,B2,3,MORTGAGE,51300.0,major_purchase,5.06,0,17,0,32684.69,32.56,19,Fully Paid,West
5200.0,36,27.8,184.6,A,A1,0,RENT,99700.0,credit_card,26.35,2,22,0,39704.21,52.31,35,Fully Paid,West
14500.0,36,14.08,459.49,D,D1,4,MORTGAGE,31600.0,credit_card,9.04,0,10,0,22363.35,52.18,21,Fully Paid,South
6800.0,60,24.37,140.95,D,D1,0,OWN,37000.0,debt_consolidation,0.76,0,5,0,47008.37,64.89,14,Fully Paid,Northeast
25800.0,36,23.81,887.3,E,E4,8,OWN,91000.0,debt_consolidation,16.74,0,10,0,40749.26,30.67,22,Fully Paid,Northeast
38000.0,60,27.53,807.69,D,D1,7,RENT,40200.0,credit_card,12.42,0,15,0,5137.78,64.27,15,Fully Paid,West
39900.0,60,12.68,749.32,E,E4,6,MORTGAGE,85000.0,debt_consolidation,12.74,0,11,0,22008.92,14.1,23,Fully Paid,West
15600.0,36,16.64,505.44,B,B4,4,RENT,126700.0,other,17.81,0,23,0,49743.91,89.36,35,Fully Paid,Northeast
24400.0,36,26.62,858.2,A,A2,3,MORTGAGE,44300.0,debt_consolidation,26.76,0,17,0,20497.09,14.42,20,Fully Paid,Midwest
34400.0,60,24.46,713.57,D,D1,6,RENT,76200.0,other,24.66,0,10,0,19313.49,84.03,12,Fully Paid,Northeast
5600.0,36,14.84,178.64,E,E4,2,RENT,30400.0,home_improvement,37.49,1,4,0,14704.02,69.31,16,Charged Off,Midwest
27900.0,36,26.14,977.58,G,G5,7,RENT,79000.0,debt_consolidation,20.71,0,2,0,24324.45,34.11,15,Fully Paid,West
16900.0,60,6.17,299.05,C,C2,4,MORTGAGE,59900.0,debt_consolidation,18.9,2,23,0,36492.86,32.74,35,Fully Paid,West
9000.0,60,24.55,186.82,B,B1,4,RENT,68600.0,other,8.54,0,21,0,2373.6,96.6,35,Fully Paid,Midwest
16700.0,60,10.17,306.64,D,D4,0,OWN,39200.0,major_purchase,30.22,0,12,0,41785.88,19.5,26,Charged Off,Northeast
4000.0,36,12.15,124.61,B,B4,9,RENT,23600.0,debt_consolidation,5.63,0,21,0,45878.98,72.3,28,Charged Off,West
28100.0,36,17.33,915.83,F,F2,10,RENT,69700.0,debt_consolidation,19.65,0,21,0,39054.63,18.37,31,Charged Off,Northeast
10900.0,36,16.24,351.95,E,E2,7,MORTGAGE,19300.0,home_improvement,16.85,0,2,0,45781.74,90.54,9,Fully Paid,West
13100.0,36,18.01,429.43,C,C2,6,RENT,46200.0,debt_consolidation,26.33,1,6,0,4745.22,74.19,13,Fully Paid,South
5700.0,36,18.62,187.82,D,D1,0,MORTGAGE,86700.0,debt_consolidation,36.7,0,10,0,22505.38,93.27,12,Fully Paid,South
34700.0,36,13.29,1091.99,D,D4,3,MORTGAGE,59600.0,home_improvement,37.86,0,4,0,3552.12,87.91,11,Fully Paid,South
20200.0,36,9.38,613.74,A,A5,3,MORTGAGE,143500.0,home_improvement,6.71,0,13,0,41841.8,54.95,18,Fully Paid,Midwest
23300.0,60,24.21,482.35,F,F5,8,RENT,90500.0,credit_card,10.47,0,19,0,47627.34,15.22,26,Charged Off,Northeast
23200.0,60,15.0,444.67,C,C5,9,OWN,39100.0,other,32.47,0,3,0,14887.56,22.15,15,Fully Paid,South
17000.0,60,17.65,333.34,E,E2,1,MORTGAGE,54900.0,home_improvement,20.73,0,11,0,26769.73,20.18,19,Charged Off,Midwest
8500.0,36,21.12,285.98,B,B2,3,MORTGAGE,52900.0,small_business,18.12,0,8,0,14883.77,22.06,8,Fully Paid,South
30100.0,36,27.74,1068.05,E,E2,9,RENT,24600.0,debt_consolidation,28.43,0,23,0,18943.63,47.64,23,Fully Paid,West
6000.0,60,22.69,122.69,B,B1,2,OWN,33900.0,debt_consolidation,24.08,0,19,0,23827.88,86.78,30,Fully Paid,South
5100.0,36,6.14,150.36,A,A4,9,MORTGAGE,40900.0,debt_consolidation,38.83,0,17,0,39540.12,2.31,20,Fully Paid,Northeast
28700.0,36,25.96,1004.18,F,F5,4,OWN,19600.0,debt_consolidation,23.36,0,14,0,7349.87,23.85,14,Fully Paid,Northeast
9100.0,36,29.73,327.93,A,A4,6,MORTGAGE,55500.0,other,18.64,0,2,0,7852.72,59.68,10,Fully Paid,Midwest
13000.0,36,16.81,421.81,B,B5,4,OWN,47800.0,other,21.71,0,8,0,10093.1,86.53,16,Fully Paid,Northeast
19500.0,36,29.24,700.05,F,F4,4,RENT,23500.0,major_purchase,32.34,0,12,0,2657.61,29.75,22,Charged Off,South
18500.0,60,18.68,365.93,F,F2,3,RENT,66300.0,credit_card,24.51,0,7,0,32173.25,38.25,13,Fully Paid,West
28600.0,60,16.49,555.27,C,C1,8,RENT,77500.0,major_purchase,25.88,0,22,0,9493.21,37.34,23,Fully Paid,West
25300.0,36,13.29,796.18,D,D5,5,RENT,60700.0,credit_card,38.86,0,6,0,21876.9,29.37,9,Fully Paid,Midwest
26100.0,36,21.44,880.44,C,C3,9,MORTGAGE,46100.0,debt_consolidation,24.74,0,11,0,34279.52,69.88,25,Fully Paid,West
28800.0,60,10.75,531.6,B,B5,5,MORTGAGE,72800.0,credit_card,15.21,0,4,1,22447.33,65.58,15,Fully Paid,Midwest
12400.0,36,7.62,370.69,B,B1,10,MORTGAGE,76100.0,credit_card,27.65,0,16,0,45300.85,84.33,19,Fully Paid,Midwest
13600.0,36,5.68,399.24,D,D4,5,MORTGAGE,63200.0,debt_consolidation,26.38,0,13,1,38458.41,91.76,22,Fully Paid,Midwest
18100.0,60,12.31,338.8,D,D5,5,RENT,35900.0,debt_consolidation,0.55,1,6,0,13651.11,90.05,10,Fully Paid,Northeast
13000.0,60,14.89,248.93,E,E4,0,RENT,62200.0,debt_consolidation,18.69,0,15,1,6520.49,54.02,26,Fully Paid,South
39400.0,60,18.8,780.12,E,E2,10,MORTGAGE,98500.0,credit_card,29.72,1,13,0,44721.89,18.57,17,Fully Paid,Northeast
32700.0,36,12.32,1020.24,A,A1,5,OWN,40200.0,debt_consolidation,19.96,0,23,0,19845.38,22.22,30,Fully Paid,West
7400.0,36,29.6,266.4,C,C1,3,OWN,154700.0,home_improvement,31.18,0,12,0,19125.59,59.03,14,Fully Paid,Northeast
1200.0,60,12.29,22.46,A,A5,1,MORTGAGE,41700.0,debt_consolidation,18.04,0,24,0,40500.2,91.84,30,Fully Paid,Midwest
2700.0,36,16.02,87.02,C,C4,5,RENT,55100.0,debt_consolidation,39.33,0,24,0,467.74,53.04,24,Fully Paid,Northeast
10500.0,60,7.58,188.26,C,C3,0,MORTGAGE,38700.0,major_purchase,11.72,0,14,0,22555.61,93.57,14,Fully Paid,Northeast
5500.0,36,11.52,170.38,E,E4,0,MORTGAGE,60600.0,credit_card,3.68,0,11,0,35716.0,26.23,13,Charged Off,West
21800.0,60,6.21,385.9,B,B4,4,RENT,22700.0,debt_consolidation,17.2,0,11,0,42434.32,8.63,11,Fully Paid,South
34500.0,36,18.99,1140.32,A,A4,5,RENT,41200.0,small_business,21.67,0,22,0,44260.44,79.63,32,Fully Paid,Midwest
29700.0,36,23.78,1021.18,A,A4,1,MORTGAGE,31400.0,debt_consolidation,13.96,1,15,0,23284.01,87.94,15,Fully Paid,Northeast
9400.0,36,9.89,286.93,D,D4,9,OWN,58000.0,small_business,9.69,0,21,0,42385.38,44.81,23,Fully Paid,West
16600.0,36,14.2,526.59,C,C5,7,RENT,89100.0,credit_card,26.88,0,17,0,1788.09,10.24,27,Fully Paid,West
20800.0,36,5.42,609.09,A,A5,3,OWN,74800.0,debt_consolidation,15.09,0,13,0,15271.28,4.23,21,Fully Paid,Midwest
32600.0,36,25.99,1140.91,A,A3,3,MORTGAGE,16600.0,credit_card,25.25,0,24,0,524.92,6.26,28,Fully Paid,West
33700.0,60,24.5,699.28,D,D1,9,MORTGAGE,150400.0,debt_consolidation,31.16,0,19,0,8276.27,43.91,30,Fully Paid,South
36500.0,36,6.58,1080.6,A,A1,4,MORTGAGE,62800.0,debt_consolidation,30.44,1,5,0,36236.56,23.48,8,Fully Paid,West
20900.0,36,14.12,662.53,E,E3,9,MORTGAGE,36700.0,debt_consolidation,15.01,0,11,0,221.21,46.19,17,Fully Paid,Northeast
28100.0,36,28.88,1005.98,D,D4,3,MORTGAGE,58600.0,debt_consolidation,22.72,0,2,0,26152.77,48.85,3,Fully Paid,South
5400.0,60,14.8,103.32,A,A2,10,RENT,59200.0,home_improvement,17.99,0,19,0,20699.31,45.81,24,Fully Paid,South
23000.0,36,18.16,754.91,A,A5,4,MORTGAGE,38800.0,small_business,34.83,2,16,0,6143.54,61.99,29,Fully Paid,West
10700.0,36,13.88,338.48,G,G3,9,RENT,59800.0,small_business,35.15,0,18,1,34281.71,67.94,27,Fully Paid,Midwest
17800.0,60,19.9,355.7,B,B1,2,RENT,40000.0,debt_consolidation,13.75,0,22,0,34656.19,39.59,22,Fully Paid,Midwest
25700.0,36,29.45,924.13,B,B4,7,MORTGAGE,44300.0,home_improvement,3.67,0,2,0,36317.43,33.7,5,Fully Paid,Midwest
11000.0,36,29.94,397.04,E,E4,5,OWN,38400.0,debt_consolidation,6.7,1,15,0,38265.38,36.84,20,Fully Paid,Northeast
3000.0,36,24.37,103.64,F,F4,7,MORTGAGE,26500.0,credit_card,14.68,0,13,0,15749.6,7.02,22,Fully Paid,West
1400.0,60,15.11,26.86,G,G2,4,RENT,58300.0,small_business,22.57,1,12,0,49706.46,32.16,15,Fully Paid,Midwest
1900.0,36,17.36,61.94,D,D3,6,MORTGAGE,72600.0,debt_consolidation,26.27,1,21,0,3647.69,19.99,27,Charged Off,Northeast
1300.0,60,13.92,24.68,B,B5,9,RENT,70100.0,other,13.25,1,20,0,32384.77,29.08,22,Fully Paid,South
5300.0,60,29.64,114.52,A,A5,6,RENT,81600.0,major_purchase,26.7,0,5,0,48538.75,71.44,17,Fully Paid,Midwest
10300.0,36,22.69,351.03,D,D5,5,OWN,63700.0,major_purchase,37.51,0,18,1,11215.52,98.85,20,Fully Paid,South
9600.0,60,16.22,185.95,C,C4,9,RENT,41500.0,home_improvement,26.08,1,19,0,13906.25,92.36,28,Fully Paid,Midwest
39500.0,36,5.3,1155.37,C,C1,3,OWN,82400.0,major_purchase,6.34,0,5,0,28798.87,82.16,12,Fully Paid,West
12900.0,36,18.01,422.87,F,F4,5,MORTGAGE,27500.0,other,23.19,0,2,1,39062.88,73.72,3,Charged Off,South
6000.0,36,29.6,216.0,A,A4,8,MORTGAGE,34500.0,major_purchase,21.68,1,7,1,16447.35,94.49,7,Fully Paid,West
22300.0,60,18.08,438.86,C,C2,10,RENT,33500.0,debt_consolidation,34.83,0,8,0,41838.76,75.2,12,Fully Paid,Northeast
34500.0,36,9.56,1049.95,A,A4,3,RENT,93000.0,credit_card,14.01,0,2,0,12052.19,47.1,15,Fully Paid,South
27400.0,36,5.55,803.35,C,C4,5,OWN,86800.0,debt_consolidation,16.92,0,7,0,43718.33,60.14,21,Fully Paid,Northeast
12500.0,36,13.87,395.38,A,A2,5,OWN,69100.0,other,23.95,0,4,0,12647.66,30.58,10,Fully Paid,Midwest
22900.0,36,27.96,813.97,A,A4,2,MORTGAGE,92600.0,other,20.98,1,24,0,30871.76,0.33,36,Fully Paid,Midwest
28900.0,36,29.91,1042.89,A,A3,3,RENT,34900.0,credit_card,28.76,0,17,0,17889.56,35.36,20,Fully Paid,Midwest
29400.0,36,28.63,1050.48,D,D3,2,MORTGAGE,64500.0,major_purchase,1.62,0,3,0,16091.31,40.48,10,Fully Paid,Northeast
27000.0,36,23.24,924.3,D,D3,2,RENT,50900.0,other,22.54,0,3,0,17699.78,73.31,3,Fully Paid,Midwest
35000.0,36,18.95,1156.46,C,C2,9,MORTGAGE,82700.0,debt_consolidation,4.87,0,12,0,24960.07,85.92,16,Fully Paid,West
34900.0,36,19.77,1161.1,G,G5,3,MORTGAGE,51100.0,credit_card,12.61,1,21,0,42252.43,96.27,22,Fully Paid,Northeast
23600.0,36,18.47,776.64,B,B3,3,RENT,44700.0,credit_card,26.47,0,12,0,37965.91,35.18,22,Fully Paid,Northeast
17800.0,60,22.68,363.95,B,B1,5,MORTGAGE,71000.0,major_purchase,6.3,0,9,1,22467.04,95.74,11,Fully Paid,South
26000.0,60,15.47,500.37,E,E1,3,MORTGAGE,84000.0,debt_consolidation,12.35,0,20,0,14108.01,79.94,34,Fully Paid,Midwest
32900.0,36,21.73,1112.48,B,B4,5,MORTGAGE,38800.0,home_improvement,28.12,0,24,0,42715.05,3.08,29,Fully Paid,South
1200.0,36,8.04,36.01,G,G5,1,OWN,52500.0,debt_consolidation,26.03,1,22,0,43509.25,59.53,34,Charged Off,Northeast
39700.0,60,11.64,738.68,A,A4,3,MORTGAGE,31900.0,debt_consolidation,3.64,0,16,0,22683.82,36.56,26,Fully Paid,South
8100.0,60,25.9,169.96,G,G3,1,MORTGAGE,15500.0,debt_consolidation,23.09,1,21,0,34792.29,3.4,22,Fully Paid,West
19300.0,36,27.59,684.02,A,A1,7,RENT,59900.0,debt_consolidation,5.89,0,15,0,18463.18,53.15,22,Fully Paid,Midwest
35000.0,36,18.48,1151.89,E,E2,8,RENT,73500.0,debt_consolidation,10.09,0,19,0,7454.88,58.48,33,Fully Paid,Northeast
9800.0,36,5.79,287.98,C,C5,6,RENT,61800.0,credit_card,18.37,0,21,0,16074.15,25.22,24,Fully Paid,South
19600.0,36,28.17,697.81,G,G4,5,RENT,20400.0,home_improvement,4.37,1,6,0,34104.22,93.99,15,Charged Off,Midwest
6200.0,36,22.55,211.06,A,A1,7,MORTGAGE,45500.0,debt_consolidation,39.75,0,3,0,38470.48,61.05,9,Charged Off,West
16400.0,60,15.35,315.29,C,C3,3,OWN,17900.0,credit_card,6.61,0,3,0,42582.77,17.6,7,Charged Off,Midwest
7900.0,36,19.96,263.25,G,G3,9,MORTGAGE,107500.0,credit_card,31.25,0,3,0,885.64,72.13,9,Charged Off,South
15200.0,36,15.74,488.68,C,C5,10,RENT,31500.0,debt_consolidation,33.19,0,3,0,24320.31,49.91,16,Fully Paid,West
15600.0,60,16.63,303.24,D,D4,1,OWN,101500.0,debt_consolidation,39.78,0,10,0,13696.11,47.32,16,Charged Off,Northeast
39700.0,60,27.17,841.44,D,D3,3,MORTGAGE,86900.0,major_purchase,17.15,0,13,0,34197.98,83.45,22,Fully Paid,West
39800.0,60,9.03,723.23,C,C1,4,RENT,34500.0,debt_consolidation,34.96,1,22,0,12266.57,13.82,23,Fully Paid,Midwest
5500.0,60,7.59,98.62,D,D4,8,MORTGAGE,30700.0,debt_consolidation,38.3,0,23,0,28314.01,49.1,33,Charged Off,Northeast
29300.0,36,5.07,855.15,C,C1,4,MORTGAGE,64500.0,other,6.92,1,21,0,35598.13,78.08,26,Fully Paid,Midwest
3000.0,60,12.85,56.42,F,F3,8,MORTGAGE,35500.0,home_improvement,19.18,0,19,0,38503.25,66.04,30,Fully Paid,Northeast
2200.0,60,8.69,39.85,A,A1,8,MORTGAGE,57000.0,credit_card,2.4,0,4,0,13473.41,0.54,11,Fully Paid,West
5100.0,36,10.5,156.54,B,B3,7,MORTGAGE,42600.0,credit_card,24.83,2,20,0,4391.61,78.75,33,Fully Paid,Northeast
38700.0,36,5.28,1131.76,F,F2,4,MORTGAGE,22200.0,small_business,23.26,0,17,0,10935.67,94.47,24,Fully Paid,Midwest
37700.0,36,10.68,1159.07,E,E4,1,RENT,17800.0,small_business,8.17,1,12,0,29956.57,70.47,20,Fully Paid,South
8600.0,60,13.32,162.43,C,C1,4,MORTGAGE,60700.0,debt_consolidation,31.92,0,16,0,2022.46,87.59,20,Fully Paid,South
7300.0,36,5.79,214.52,D,D4,10,MORTGAGE,40900.0,credit_card,1.49,0,23,0,7943.1,36.08,35,Charged Off,South
10400.0,36,20.2,347.24,B,B1,0,OWN,41100.0,credit_card,32.25,1,12,0,49773.74,35.06,21,Fully Paid,Northeast
21100.0,36,19.22,698.76,B,B3,7,RENT,76700.0,debt_consolidation,1.07,2,11,0,19116.57,32.09,13,Fully Paid,South
23200.0,36,7.43,692.33,C,C3,1,MORTGAGE,97400.0,other,26.27,0,20,0,24826.31,73.5,30,Charged Off,South
9600.0,36,19.88,319.68,B,B2,6,MORTGAGE,47300.0,debt_consolidation,3.15,0,24,0,550.36,94.21,28,Charged Off,Midwest
30500.0,36,29.97,1101.13,C,C1,10,RENT,45700.0,debt_consolidation,10.05,1,6,0,29595.39,88.54,11,Fully Paid,West
13100.0,60,28.61,280.8,A,A2,1,MORTGAGE,69600.0,other,28.88,1,15,0,16264.93,15.02,23,Fully Paid,Northeast
37000.0,36,5.07,1079.89,G,G1,10,MORTGAGE,27500.0,debt_consolidation,11.22,0,10,0,26509.66,62.61,18,Charged Off,South
26600.0,36,24.88,922.72,G,G2,4,MORTGAGE,60600.0,debt_consolidation,20.45,0,22,0,26305.92,99.6,25,Charged Off,Midwest
18000.0,36,13.84,569.2,D,D4,9,RENT,71400.0,home_improvement,36.61,0,7,0,48372.87,29.54,16,Fully Paid,Northeast
31800.0,36,6.59,941.54,C,C3,6,RENT,76100.0,debt_consolidation,1.99,0,2,0,13412.85,63.48,6,Fully Paid,Midwest
32900.0,36,12.4,1027.21,B,B1,5,MORTGAGE,20600.0,major_purchase,32.44,1,13,0,28521.65,90.66,20,Charged Off,West
12300.0,36,13.04,386.22,E,E5,4,MORTGAGE,37000.0,debt_consolidation,2.61,1,15,0,19077.63,89.95,28,Fully Paid,South
14200.0,36,18.08,465.76,D,D5,5,RENT,34900.0,debt_consolidation,5.07,1,5,0,21099.99,32.15,13,Fully Paid,Northeast
37500.0,36,21.53,1265.94,A,A3,1,RENT,57000.0,debt_consolidation,4.77,0,16,0,2777.95,9.39,30,Fully Paid,Northeast
7400.0,36,23.73,254.33,F,F5,9,RENT,68900.0,home_improvement,39.76,0,18,0,34422.65,64.6,18,Charged Off,South
2600.0,36,11.15,80.28,E,E5,0,OWN,114500.0,debt_consolidation,7.21,0,21,0,9764.27,94.7,23,Charged Off,Midwest
18700.0,36,13.04,587.18,F,F5,0,MORTGAGE,42300.0,credit_card,35.87,0,13,0,23424.45,50.8,24,Charged Off,West
32200.0,36,12.71,1008.13,D,D2,7,MORTGAGE,42200.0,major_purchase,39.64,1,2,1,21713.48,45.77,14,Fully Paid,Northeast
31100.0,36,14.07,985.44,C,C2,2,MORTGAGE,96300.0,other,15.35,0,14,0,23407.06,86.39,17,Fully Paid,Northeast
36900.0,60,29.99,799.44,C,C1,10,OWN,62800.0,home_improvement,25.24,0,11,0,18777.3,42.46,19,Fully Paid,West
21800.0,60,24.45,452.17,F,F2,2,OWN,102100.0,debt_consolidation,31.16,1,5,0,12119.27,68.09,16,Charged Off,Northeast
4900.0,36,29.37,176.09,E,E4,8,RENT,62600.0,credit_card,15.71,0,7,0,22435.7,38.86,21,Charged Off,West
24000.0,36,22.33,815.53,A,A1,5,MORTGAGE,30400.0,home_improvement,6.47,0,10,0,2310.98,37.71,10,Fully Paid,South
31400.0,36,15.16,1004.45,A,A5,3,OWN,27800.0,small_business,17.35,0,19,0,12116.13,18.78,32,Fully Paid,West
4600.0,36,14.74,146.61,B,B5,3,MORTGAGE,24900.0,small_business,30.88,0,3,0,39242.42,8.85,13,Fully Paid,West
7700.0,60,17.21,150.42,E,E3,6,OWN,75400.0,other,31.23,0,7,0,42141.02,88.52,20,Fully Paid,Midwest
1500.0,60,15.42,28.85,G,G1,5,RENT,98200.0,major_purchase,9.22,0,12,0,35765.47,18.12,21,Charged Off,West
24200.0,60,25.71,507.03,A,A5,1,RENT,136600.0,debt_consolidation,7.0,0,14,0,31628.2,6.22,28,Fully Paid,South
35600.0,60,16.63,692.0,C,C2,8,MORTGAGE,82600.0,home_improvement,36.82,0,7,1,40563.29,58.23,14,Charged Off,Northeast
27200.0,60,12.39,509.5,B,B5,1,RENT,96900.0,major_purchase,1.76,0,13,0,6391.55,54.6,25,Fully Paid,Midwest
39300.0,36,24.37,1357.71,G,G5,7,RENT,40500.0,small_business,29.39,0,20,2,26262.71,56.78,21,Fully Paid,West
3500.0,36,26.36,122.85,E,E3,3,MORTGAGE,30400.0,other,1.86,0,19,0,5815.78,46.81,30,Fully Paid,Midwest
36200.0,60,15.51,696.91,E,E5,9,MORTGAGE,82900.0,credit_card,33.52,0,20,1,38893.3,14.19,20,Charged Off,South
32700.0,36,21.7,1105.44,C,C4,0,RENT,66800.0,home_improvement,36.22,0,13,0,26027.82,2.09,22,Fully Paid,South
13300.0,36,6.47,393.35,C,C4,0,RENT,57200.0,debt_consolidation,11.9,1,21,1,40501.24,4.64,31,Fully Paid,Northeast
39000.0,36,18.24,1280.93,B,B5,8,RENT,65800.0,credit_card,2.96,1,14,0,39953.17,94.31,20,Charged Off,South
12200.0,60,6.12,215.78,A,A5,3,MORTGAGE,63700.0,credit_card,19.23,0,21,0,23310.62,53.19,34,Fully Paid,South
35700.0,36,5.73,1048.49,E,E4,0,MORTGAGE,102900.0,other,11.94,0,24,0,24843.71,39.97,27,Fully Paid,West
35300.0,36,20.32,1179.8,E,E2,2,RENT,103500.0,other,16.69,0,5,0,1413.37,41.08,16,Fully Paid,South
30500.0,60,12.58,572.28,G,G1,2,MORTGAGE,71100.0,major_purchase,26.6,0,23,0,26175.66,65.22,37,Charged Off,South
23000.0,60,23.56,473.65,G,G4,6,RENT,82700.0,debt_consolidation,8.39,0,7,0,33873.24,37.67,8,Charged Off,South
5700.0,60,27.4,121.03,C,C3,5,RENT,70100.0,debt_consolidation,14.28,0,14,0,11682.78,79.65,17,Fully Paid,Northeast
21700.0,36,8.48,653.89,D,D4,7,MORTGAGE,43000.0,home_improvement,31.3,0,11,0,49326.36,25.99,23,Fully Paid,West
14900.0,36,23.11,509.54,F,F1,6,RENT,79100.0,debt_consolidation,25.75,0,4,0,48741.44,36.73,13,Fully Paid,West
31900.0,60,17.86,626.62,E,E4,0,MORTGAGE,27000.0,debt_consolidation,13.05,0,10,1,14141.53,93.5,11,Fully Paid,Midwest
30600.0,36,7.8,916.3,B,B1,2,MORTGAGE,91800.0,small_business,26.57,1,16,0,35648.66,26.03,29,Fully Paid,South
36500.0,36,21.29,1229.75,C,C2,8,RENT,29800.0,debt_consolidation,30.61,0,6,0,1500.08,66.16,16,Fully Paid,Midwest
1600.0,36,20.24,53.44,A,A2,3,OWN,62500.0,debt_consolidation,23.7,1,23,1,33287.64,36.46,37,Fully Paid,Midwest
32600.0,36,17.89,1067.56,F,F5,10,OWN,35500.0,credit_card,9.58,1,23,0,31200.82,47.12,26,Fully Paid,South
37600.0,36,28.16,1338.56,C,C2,10,MORTGAGE,71400.0,other,0.01,0,10,0,41107.98,4.52,20,Fully Paid,West
31800.0,36,18.03,1042.6,B,B4,2,OWN,53300.0,small_business,32.11,0,16,0,15218.25,16.72,27,Fully Paid,South
6100.0,36,29.76,219.87,D,D3,4,OWN,24400.0,other,32.91,0,14,0,43900.51,10.19,15,Fully Paid,Midwest
4200.0,60,17.73,82.41,C,C4,7,RENT,66900.0,major_purchase,27.9,0,22,0,42898.75,84.47,36,Fully Paid,Northeast
1800.0,36,7.9,53.95,B,B2,0,MORTGAGE,40600.0,debt_consolidation,3.06,0,4,0,33480.15,96.17,15,Fully Paid,Midwest
25500.0,36,16.76,827.05,A,A3,1,RENT,84200.0,other,23.41,0,20,0,23616.74,6.8,34,Fully Paid,West
25600.0,36,9.56,779.09,D,D2,6,RENT,54200.0,debt_consolidation,32.84,0,3,0,30920.06,7.68,9,Fully Paid,Northeast
39500.0,36,19.93,1315.9,C,C1,0,MORTGAGE,66000.0,debt_consolidation,15.59,0,19,3,36497.94,55.22,21,Fully Paid,Midwest
16500.0,60,22.33,336.41,D,D4,10,RENT,33600.0,debt_consolidation,7.92,1,15,0,48762.57,50.4,21,Fully Paid,South
13900.0,36,16.71,450.63,C,C3,4,RENT,40300.0,major_purchase,23.51,1,23,0,6086.41,65.06,24,Fully Paid,West
25400.0,60,7.44,454.83,E,E5,9,MORTGAGE,43100.0,other,33.05,0,14,0,15653.64,73.68,27,Fully Paid,Northeast
33200.0,36,16.72,1076.42,C,C3,7,MORTGAGE,83100.0,debt_consolidation,1.95,0,9,0,39035.82,79.72,12,Fully Paid,West
37500.0,36,7.04,1115.0,C,C3,5,RENT,125300.0,credit_card,23.88,1,11,0,20459.0,14.91,21,Fully Paid,Midwest
32300.0,36,22.05,1095.06,E,E3,2,RENT,36200.0,small_business,25.73,0,24,0,33624.0,3.78,30,Charged Off,West
17600.0,36,24.76,609.94,C,C5,6,RENT,92800.0,debt_consolidation,24.09,0,3,0,6655.9,88.92,16,Fully Paid,Northeast
25800.0,36,29.06,924.93,A,A3,2,RENT,18300.0,major_purchase,26.0,0,11,0,35458.08,46.95,22,Charged Off,South
34400.0,36,8.72,1038.88,A,A4,4,MORTGAGE,29800.0,credit_card,25.26,0,3,0,33703.19,97.12,8,Fully Paid,Northeast
20100.0,36,18.31,660.56,D,D3,6,MORTGAGE,33500.0,debt_consolidation,5.22,0,24,0,29291.0,53.28,26,Fully Paid,West
9500.0,60,19.19,188.72,D,D2,1,MORTGAGE,27500.0,debt_consolidation,9.4,1,5,0,38261.9,51.0,17,Fully Paid,South
7600.0,60,28.06,162.21,D,D3,9,OWN,24500.0,debt_consolidation,24.76,1,23,0,44005.61,62.3,30,Fully Paid,South
1000.0,36,20.68,33.52,B,B3,3,MORTGAGE,66600.0,major_purchase,0.71,1,10,0,41465.13,17.01,20,Fully Paid,West
29000.0,36,8.64,875.16,A,A5,1,OWN,48700.0,other,25.39,0,22,0,6378.7,25.4,30,Fully Paid,Northeast
5300.0,36,15.91,170.65,A,A1,6,MORTGAGE,65500.0,credit_card,26.62,0,11,0,37219.67,90.58,25,Fully Paid,South
10500.0,60,21.37,212.4,B,B5,2,OWN,76500.0,small_business,9.57,0,5,1,22488.22,21.23,8,Charged Off,South
12600.0,36,22.51,428.78,C,C5,8,MORTGAGE,61900.0,home_improvement,23.93,0,4,0,16694.09,23.3,12,Fully Paid,West
22900.0,36,26.58,805.19,B,B3,10,OWN,75300.0,debt_consolidation,21.36,1,8,1,43982.48,51.0,20,Fully Paid,South
16500.0,36,9.51,501.92,C,C1,5,OWN,52300.0,credit_card,10.43,0,24,0,27980.66,64.12,26,Fully Paid,Northeast
27300.0,36,28.79,976.66,F,F5,0,MORTGAGE,29900.0,home_improvement,18.52,0,24,0,25061.74,0.09,37,Fully Paid,South
3200.0,36,6.48,94.65,B,B2,9,RENT,91900.0,debt_consolidation,36.38,1,17,0,39229.97,45.68,18,Fully Paid,Midwest
5800.0,36,29.59,208.78,C,C1,7,MORTGAGE,40400.0,debt_consolidation,17.06,1,6,0,27665.43,39.9,13,Fully Paid,South
20500.0,60,26.44,432.0,E,E5,6,MORTGAGE,33900.0,other,25.19,1,14,0,42900.38,86.56,23,Fully Paid,Midwest
14100.0,60,21.51,285.55,B,B3,0,MORTGAGE,49600.0,credit_card,1.41,0,11,0,5145.05,83.97,16,Fully Paid,Northeast
12500.0,36,23.37,428.37,D,D2,2,MORTGAGE,34300.0,debt_consolidation,3.11,0,3,0,38806.65,90.59,10,Fully Paid,Midwest
3600.0,36,6.82,106.82,E,E1,2,OWN,44000.0,debt_consolidation,3.25,1,17,0,8191.73,84.21,19,Fully Paid,South
35900.0,36,6.04,1057.45,F,F2,2,RENT,64300.0,debt_consolidation,31.13,0,21,0,11261.57,78.67,33,Fully Paid,South
28000.0,60,7.54,501.85,A,A4,6,MORTGAGE,64500.0,debt_consolidation,14.01,0,2,0,8972.58,85.9,15,Fully Paid,West
5700.0,60,7.18,101.82,F,F5,5,RENT,34600.0,debt_consolidation,9.1,0,7,0,11921.07,17.48,21,Fully Paid,West
3500.0,36,18.68,115.38,C,C3,10,MORTGAGE,42500.0,debt_consolidation,29.89,0,23,0,36591.53,34.08,30,Fully Paid,South
39000.0,36,10.39,1195.89,B,B4,1,RENT,92700.0,debt_consolidation,6.8,0,20,0,32766.59,68.36,30,Fully Paid,South
27600.0,36,26.51,969.91,C,C3,4,RENT,69400.0,credit_card,9.86,1,2,0,11489.06,92.31,15,Fully Paid,South
17300.0,36,16.14,558.12,G,G5,5,RENT,152900.0,debt_consolidation,17.24,0,6,0,13508.75,66.69,15,Fully Paid,South
28400.0,36,22.39,965.52,C,C4,1,MORTGAGE,97700.0,debt_consolidation,13.26,1,13,0,4964.71,20.79,22,Fully Paid,Northeast
30500.0,60,21.32,616.71,B,B1,0,RENT,96000.0,debt_consolidation,23.42,0,18,0,20721.78,94.47,19,Fully Paid,South
31400.0,36,13.0,985.61,D,D4,3,RENT,27100.0,debt_consolidation,13.51,0,20,0,18929.26,76.03,34,Charged Off,Midwest
19600.0,36,11.08,604.77,B,B1,3,RENT,79400.0,debt_consolidation,15.72,0,9,0,7290.79,71.65,19,Fully Paid,West
17800.0,60,13.56,336.89,A,A1,3,RENT,52800.0,credit_card,34.52,0,11,0,41731.25,76.25,23,Charged Off,Midwest
1400.0,36,24.92,48.58,A,A3,0,RENT,41100.0,credit_card,35.38,0,4,0,42629.75,65.91,16,Fully Paid,Midwest
37100.0,60,19.66,739.9,A,A2,2,RENT,58900.0,debt_consolidation,33.11,0,10,0,5452.34,2.21,16,Fully Paid,Northeast
24500.0,36,11.34,757.73,A,A2,6,MORTGAGE,86900.0,small_business,34.59,0,8,0,13318.3,25.36,20,Charged Off,Midwest
8900.0,60,25.45,186.08,A,A1,3,OWN,69600.0,credit_card,22.79,0,7,0,36804.45,95.66,21,Fully Paid,Midwest
36900.0,36,6.37,1090.29,D,D5,1,OWN,34900.0,debt_consolidation,25.85,0,16,1,43498.33,28.86,29,Fully Paid,Midwest
36700.0,36,22.48,1248.62,B,B2,7,MORTGAGE,78500.0,debt_consolidation,22.29,0,14,0,3583.65,77.16,28,Fully Paid,West
39600.0,36,15.98,1275.78,B,B2,10,OWN,39400.0,other,31.42,0,15,1,45118.52,42.45,16,Charged Off,Northeast
35100.0,36,23.28,1201.98,E,E5,0,MORTGAGE,60400.0,other,22.04,1,6,0,3081.86,90.75,17,Fully Paid,Midwest
39900.0,36,28.19,1420.77,C,C3,8,RENT,46600.0,debt_consolidation,4.44,1,3,0,31689.2,55.77,16,Charged Off,Midwest
10500.0,60,23.75,216.56,D,D1,4,OWN,48600.0,debt_consolidation,32.38,0,8,0,1103.76,63.19,18,Fully Paid,Northeast
33800.0,60,16.05,653.75,A,A4,1,RENT,79500.0,credit_card,30.42,0,2,0,46413.25,23.96,16,Fully Paid,South
33100.0,36,8.77,1000.08,B,B4,3,OWN,32200.0,credit_card,32.81,0,17,0,17684.53,5.75,18,Fully Paid,Midwest
10000.0,36,25.16,347.67,A,A1,2,MORTGAGE,143300.0,debt_consolidation,7.62,1,8,0,32440.15,75.66,12,Fully Paid,West
4800.0,60,16.52,93.22,A,A3,6,RENT,21800.0,credit_card,10.86,0,16,1,9231.11,6.76,26,Fully Paid,West
39200.0,60,6.88,698.28,B,B4,5,MORTGAGE,40200.0,debt_consolidation,11.83,0,7,0,16062.77,72.18,20,Fully Paid,South
12500.0,36,22.98,427.01,A,A2,10,OWN,65200.0,debt_consolidation,20.32,0,21,0,37364.92,55.55,33,Fully Paid,Midwest
35000.0,60,12.3,655.08,A,A3,10,RENT,72600.0,credit_card,5.36,1,20,0,48649.79,82.0,28,Fully Paid,Northeast
1200.0,36,6.22,35.41,A,A5,8,MORTGAGE,51500.0,other,15.42,0,10,1,49602.66,20.58,11,Charged Off,South
1800.0,36,27.57,63.78,C,C1,3,MORTGAGE,52600.0,debt_consolidation,7.29,1,23,0,40483.98,54.15,37,Fully Paid,West
19200.0,36,17.08,624.43,B,B4,2,RENT,66500.0,home_improvement,10.59,0,7,0,42359.65,61.42,19,Fully Paid,West
10300.0,60,12.02,192.3,B,B1,6,RENT,48300.0,debt_consolidation,28.26,0,18,0,48470.19,7.43,26,Charged Off,Northeast
27900.0,36,22.91,952.55,C,C5,5,MORTGAGE,108700.0,debt_consolidation,34.19,0,6,0,2015.83,73.89,18,Fully Paid,South
23100.0,36,27.15,815.88,D,D4,4,MORTGAGE,82400.0,small_business,0.92,0,16,0,8507.52,38.9,23,Fully Paid,Northeast
4000.0,36,5.01,116.68,A,A1,9,RENT,83800.0,credit_card,22.64,0,8,0,2633.89,12.89,17,Fully Paid,South
7300.0,36,22.2,247.79,E,E5,6,MORTGAGE,33400.0,credit_card,1.44,2,15,0,25058.06,38.71,18,Fully Paid,South
16100.0,36,24.18,555.36,D,D2,4,RENT,52100.0,debt_consolidation,3.41,0,21,0,47924.46,9.83,25,Fully Paid,South
8200.0,36,10.25,251.12,A,A5,8,MORTGAGE,46600.0,debt_consolidation,28.2,0,19,0,29121.81,88.8,31,Fully Paid,Midwest
31900.0,36,17.24,1038.88,E,E3,3,MORTGAGE,32800.0,credit_card,29.42,0,23,0,27770.21,45.68,28,Fully Paid,West
17200.0,36,7.23,512.32,F,F3,0,MORTGAGE,64900.0,debt_consolidation,32.56,0,18,0,41334.32,13.8,26,Fully Paid,West
4600.0,60,23.67,94.81,A,A5,9,MORTGAGE,41400.0,debt_consolidation,18.97,0,19,0,46447.44,25.21,28,Fully Paid,West
19900.0,36,26.19,697.55,B,B2,4,RENT,75200.0,credit_card,34.39,0,3,0,34927.76,72.46,15,Fully Paid,South
4500.0,60,7.7,80.77,E,E1,0,RENT,31700.0,debt_consolidation,6.67,1,19,0,44768.87,78.61,24,Fully Paid,South
6000.0,36,25.41,209.02,D,D1,0,OWN,128000.0,debt_consolidation,9.99,0,15,0,8760.81,4.13,20,Fully Paid,Midwest
10300.0,36,24.29,355.61,B,B2,0,RENT,34600.0,major_purchase,5.38,1,5,0,25170.35,5.99,15,Charged Off,West
34500.0,36,13.67,1089.34,B,B4,0,OWN,60500.0,debt_consolidation,31.9,1,8,0,18230.25,91.72,22,Fully Paid,West
37100.0,36,22.26,1259.96,B,B5,7,MORTGAGE,80500.0,credit_card,9.15,0,8,0,16626.07,33.1,13,Fully Paid,Midwest
33200.0,36,5.0,968.33,C,C3,1,RENT,40700.0,other,6.22,1,2,0,10712.51,19.33,11,Fully Paid,West
14000.0,60,28.29,299.34,C,C3,8,OWN,83000.0,debt_consolidation,24.92,0,9,0,44699.83,12.31,9,Fully Paid,Northeast
11600.0,60,18.76,229.6,B,B3,6,RENT,29300.0,debt_consolidation,3.08,0,21,0,22518.46,47.6,21,Fully Paid,Northeast
22400.0,36,20.51,749.84,C,C1,10,MORTGAGE,112000.0,credit_card,1.8,0,11,0,26512.7,77.11,25,Fully Paid,Midwest
29200.0,36,21.62,986.47,D,D1,2,RENT,54600.0,credit_card,4.27,0,10,0,13815.53,52.11,18,Fully Paid,West
39700.0,60,19.03,787.58,A,A2,8,RENT,40200.0,credit_card,0.01,1,8,0,48142.54,2.07,17,Fully Paid,Midwest
6100.0,36,26.42,214.21,B,B4,3,MORTGAGE,46600.0,debt_consolidation,27.88,0,4,0,30560.5,48.39,17,Fully Paid,Midwest
2900.0,36,20.24,96.86,D,D5,6,MORTGAGE,81200.0,debt_consolidation,22.49,0,13,0,34.71,31.17,14,Fully Paid,Midwest
28100.0,60,27.69,598.01,E,E3,2,MORTGAGE,40400.0,debt_consolidation,8.4,0,4,0,13394.62,68.29,8,Fully Paid,West
33500.0,60,19.56,667.54,C,C2,4,MORTGAGE,37200.0,home_improvement,9.32,1,6,0,49967.38,52.35,14,Fully Paid,Midwest
34000.0,36,9.28,1032.09,C,C4,3,OWN,48500.0,debt_consolidation,32.44,0,8,0,48738.74,96.53,13,Fully Paid,West
27500.0,36,27.84,976.56,A,A1,5,MORTGAGE,30100.0,small_business,20.07,0,13,0,27230.82,59.82,21,Fully Paid,Northeast
38200.0,36,22.04,1294.98,C,C3,8,RENT,134600.0,home_improvement,27.94,1,24,0,28205.86,63.25,37,Fully Paid,Midwest
20900.0,60,22.48,426.64,C,C5,4,RENT,40800.0,debt_consolidation,18.11,0,18,0,45079.42,52.02,31,Charged Off,Midwest
36600.0,60,29.64,790.8,B,B3,0,RENT,82100.0,debt_consolidation,9.51,0,15,0,35428.3,31.1,16,Fully Paid,West
38700.0,36,6.88,1148.96,B,B3,4,RENT,60200.0,debt_consolidation,38.82,0,4,0,46610.82,63.06,13,Fully Paid,Northeast
34000.0,60,15.71,655.69,B,B5,4,RENT,33100.0,credit_card,22.63,0,2,0,23956.65,33.29,12,Fully Paid,West
13100.0,60,10.98,242.31,A,A2,8,RENT,54000.0,major_purchase,5.24,0,23,0,48795.04,71.73,23,Fully Paid,South
8700.0,36,20.76,291.84,B,B5,7,MORTGAGE,80200.0,debt_consolidation,16.24,0,24,0,26977.49,23.68,37,Charged Off,West
22400.0,60,25.17,467.3,B,B5,4,RENT,49300.0,debt_consolidation,13.17,0,19,0,32241.95,36.77,20,Fully Paid,Northeast
18700.0,36,29.16,670.91,B,B1,4,MORTGAGE,98400.0,debt_consolidation,8.56,0,15,0,4128.34,58.36,16,Fully Paid,Northeast
35200.0,36,16.36,1137.74,A,A2,1,OWN,90300.0,debt_consolidation,37.34,0,14,0,30581.5,62.85,18,Fully Paid,Midwest
4900.0,36,24.66,169.68,E,E2,8,MORTGAGE,85800.0,credit_card,35.24,0,13,0,38388.8,66.86,13,Fully Paid,West
11100.0,60,27.93,236.67,C,C4,10,RENT,43100.0,credit_card,7.97,0,6,0,21965.22,70.03,20,Fully Paid,West
30300.0,36,22.08,1027.51,D,D4,3,MORTGAGE,31600.0,debt_consolidation,14.09,0,4,0,25121.91,31.83,14,Fully Paid,South
4700.0,36,11.07,145.01,E,E1,6,MORTGAGE,39900.0,credit_card,30.49,0,15,0,19666.37,89.26,16,Charged Off,Northeast
13500.0,60,20.2,270.45,C,C1,9,MORTGAGE,59800.0,debt_consolidation,8.34,0,8,0,48452.08,2.99,22,Fully Paid,West
16100.0,36,29.25,578.03,A,A4,5,RENT,71200.0,debt_consolidation,23.66,0,8,0,23831.21,18.84,12,Fully Paid,South
25300.0,60,29.69,546.86,C,C4,4,RENT,18300.0,debt_consolidation,27.99,0,18,0,6310.57,7.01,31,Fully Paid,West
7200.0,36,21.06,242.12,C,C2,10,RENT,54000.0,credit_card,26.16,0,7,1,1443.61,67.15,11,Fully Paid,Northeast
34600.0,36,27.17,1222.25,D,D4,10,RENT,58600.0,debt_consolidation,28.26,0,16,0,38623.46,27.37,22,Fully Paid,Midwest
18500.0,36,10.01,565.33,C,C5,4,OWN,47200.0,debt_consolidation,28.27,0,20,0,27383.64,19.92,23,Fully Paid,West
36800.0,60,11.15,681.72,A,A3,6,MORTGAGE,103300.0,debt_consolidation,38.59,0,16,0,138.53,48.07,29,Fully Paid,Northeast
19200.0,36,28.82,687.04,B,B5,1,RENT,66900.0,debt_consolidation,13.86,0,8,0,19126.13,61.9,13,Fully Paid,Northeast
11700.0,36,8.38,352.24,B,B4,8,RENT,104300.0,debt_consolidation,35.14,1,6,0,45702.46,61.92,11,Fully Paid,Northeast
6500.0,60,9.78,118.93,D,D3,1,RENT,48600.0,debt_consolidation,0.87,0,16,0,47387.75,55.75,24,Fully Paid,South
1100.0,36,15.51,35.29,C,C1,8,RENT,86600.0,debt_consolidation,11.53,0,21,0,2677.96,99.2,33,Fully Paid,South
21800.0,60,19.74,435.06,B,B4,10,MORTGAGE,122700.0,debt_consolidation,1.95,0,14,0,6171.12,86.02,16,Fully Paid,Midwest
5200.0,60,20.1,104.09,G,G4,3,MORTGAGE,104400.0,debt_consolidation,26.05,0,8,0,243.52,23.89,16,Fully Paid,West
16300.0,36,12.3,508.47,C,C1,9,RENT,31400.0,credit_card,4.03,1,14,0,43433.69,75.87,24,Charged Off,South
24000.0,36,28.02,853.47,B,B4,10,RENT,47700.0,home_improvement,33.83,0,14,0,3544.31,56.93,27,Fully Paid,South
11800.0,36,27.88,419.16,A,A3,9,MORTGAGE,45600.0,credit_card,25.86,1,14,0,5395.01,7.05,26,Fully Paid,South
7800.0,36,14.8,248.73,A,A1,5,RENT,69200.0,debt_consolidation,1.15,0,24,0,11381.13,4.96,32,Fully Paid,West
31200.0,60,15.86,602.47,B,B1,0,MORTGAGE,76400.0,debt_consolidation,28.59,0,9,0,45862.48,79.96,21,Fully Paid,Midwest
37900.0,60,22.56,774.17,A,A2,4,MORTGAGE,35600.0,debt_consolidation,34.48,0,6,0,34411.7,54.5,18,Fully Paid,Midwest
4900.0,36,21.57,165.47,B,B4,5,OWN,56000.0,debt_consolidation,26.44,1,5,0,30844.07,57.13,17,Fully Paid,Midwest
7100.0,36,14.56,225.94,B,B2,8,RENT,19700.0,debt_consolidation,1.22,0,18,0,39232.85,33.63,31,Fully Paid,West
38400.0,36,15.36,1230.51,A,A3,8,RENT,111400.0,debt_consolidation,34.32,1,21,0,34664.22,93.03,22,Fully Paid,West
2500.0,36,13.7,78.96,E,E3,8,MORTGAGE,41900.0,small_business,29.3,0,15,0,37296.34,71.33,28,Fully Paid,Midwest
39100.0,36,10.88,1204.28,A,A1,2,RENT,55700.0,debt_consolidation,15.14,0,12,0,3682.82,92.78,13,Fully Paid,Northeast
1200.0,36,16.45,38.82,C,C2,3,RENT,46400.0,other,13.15,1,11,0,29488.26,9.93,17,Fully Paid,West
35100.0,36,22.16,1191.06,C,C4,7,MORTGAGE,96100.0,small_business,19.19,0,2,0,37660.36,58.37,9,Fully Paid,West
13000.0,36,23.55,446.15,G,G3,7,MORTGAGE,13100.0,small_business,34.68,1,8,0,28282.93,63.75,10,Fully Paid,Midwest
37600.0,60,24.47,780.01,A,A2,1,OWN,53700.0,small_business,10.08,0,7,0,589.74,12.6,13,Fully Paid,Midwest
13400.0,36,14.37,425.71,B,B1,7,RENT,51400.0,debt_consolidation,4.04,0,8,0,10555.99,34.63,14,Fully Paid,Northeast
26500.0,60,24.12,548.2,G,G5,6,MORTGAGE,43200.0,debt_consolidation,34.59,0,16,0,48145.0,21.48,22,Fully Paid,Northeast
4100.0,36,5.16,119.77,E,E1,8,RENT,128400.0,debt_consolidation,1.05,0,7,0,35234.73,98.45,8,Charged Off,South
10500.0,60,16.93,204.63,E,E1,4,RENT,34800.0,debt_consolidation,36.44,1,19,0,34425.25,54.34,26,Fully Paid,South
31200.0,36,24.85,1082.03,B,B2,1,MORTGAGE,79700.0,debt_consolidation,12.23,0,3,0,33012.62,31.53,13,Charged Off,Midwest
21600.0,60,20.75,434.7,A,A5,4,RENT,64700.0,small_business,20.33,0,10,0,6390.4,66.45,19,Fully Paid,South
37200.0,60,16.85,724.47,D,D4,1,RENT,101800.0,debt_consolidation,5.29,1,7,0,204.14,65.95,14,Fully Paid,West
17700.0,36,21.12,595.51,F,F1,4,RENT,38800.0,debt_consolidation,36.09,0,23,0,22032.62,34.73,36,Charged Off,Northeast
34900.0,36,27.67,1237.69,C,C1,8,OWN,37600.0,home_improvement,29.99,0,18,1,22216.22,99.39,22,Fully Paid,South
18500.0,60,19.16,367.41,C,C5,6,MORTGAGE,93700.0,debt_consolidation,36.97,1,12,0,40590.27,80.9,18,Fully Paid,South
39200.0,60,24.99,816.6,B,B4,6,MORTGAGE,67000.0,debt_consolidation,27.33,0,5,0,9078.38,40.03,11,Fully Paid,Midwest
38400.0,60,29.52,828.93,D,D1,0,MORTGAGE,25000.0,debt_consolidation,7.39,0,8,0,13755.56,66.01,17,Fully Paid,Northeast
13800.0,60,22.64,282.07,B,B1,8,MORTGAGE,41400.0,small_business,12.33,0,16,0,3912.12,71.05,19,Fully Paid,Northeast
35600.0,36,19.33,1180.04,B,B2,5,MORTGAGE,65700.0,credit_card,19.47,0,18,0,19993.75,17.38,31,Fully Paid,South
34100.0,36,5.94,1003.49,C,C2,6,RENT,82400.0,credit_card,24.29,1,13,0,12799.49,87.82,17,Fully Paid,West
9200.0,36,14.36,292.25,C,C3,1,RENT,38600.0,debt_consolidation,37.06,0,14,0,13144.79,82.6,25,Fully Paid,West
25300.0,60,19.14,502.37,B,B2,0,MORTGAGE,12600.0,other,15.36,0,22,0,12702.65,75.57,34,Fully Paid,West
3800.0,36,24.93,131.87,A,A4,10,RENT,70400.0,debt_consolidation,28.12,0,14,0,11575.93,22.27,19,Fully Paid,West
33600.0,36,15.95,1082.2,C,C3,3,RENT,29400.0,home_improvement,38.44,0,9,1,15989.65,13.62,14,Fully Paid,West
7800.0,60,29.0,167.7,B,B2,8,OWN,19800.0,other,6.09,0,8,0,26834.51,18.05,17,Charged Off,South
3800.0,60,11.79,70.8,C,C5,8,OWN,13100.0,credit_card,34.51,0,5,0,21885.51,9.3,13,Fully Paid,West
16600.0,36,23.61,569.98,A,A2,10,OWN,81400.0,credit_card,16.83,0,4,0,3172.35,94.03,6,Fully Paid,South
23500.0,36,15.48,753.83,C,C2,2,MORTGAGE,57800.0,debt_consolidation,29.3,0,18,0,21292.99,85.15,22,Fully Paid,Midwest
34300.0,36,17.15,1116.18,C,C2,0,OWN,48400.0,debt_consolidation,11.74,1,17,0,42313.91,9.08,17,Fully Paid,South
39000.0,36,25.06,1354.82,A,A1,1,MORTGAGE,108500.0,small_business,13.36,1,20,0,5035.21,67.8,20,Fully Paid,West
18100.0,60,12.41,339.1,B,B5,8,RENT,74500.0,debt_consolidation,1.09,0,3,1,47218.08,24.56,12,Fully Paid,South
3400.0,36,7.42,101.45,A,A3,8,OWN,121600.0,other,38.86,0,22,0,15429.52,1.73,26,Fully Paid,West
30200.0,60,18.01,593.98,A,A1,0,RENT,27000.0,home_improvement,32.54,0,15,0,726.78,29.24,29,Fully Paid,Midwest
23000.0,60,18.22,453.18,G,G5,8,RENT,53200.0,debt_consolidation,3.76,0,17,0,12657.78,44.0,17,Fully Paid,West
18500.0,36,24.93,642.0,B,B3,0,MORTGAGE,24100.0,credit_card,39.98,0,18,0,3482.98,2.0,28,Fully Paid,Northeast
13100.0,36,29.21,470.18,E,E2,9,RENT,48300.0,debt_consolidation,24.2,0,5,0,28319.07,32.37,16,Charged Off,Midwest
20600.0,36,6.38,608.73,B,B1,3,RENT,47800.0,debt_consolidation,34.15,0,9,0,15816.26,70.04,15,Fully Paid,South
14200.0,36,19.79,472.5,D,D3,4,OWN,74100.0,debt_consolidation,2.67,0,10,0,40343.83,22.84,19,Fully Paid,South
30500.0,36,22.03,1033.87,D,D2,7,RENT,55400.0,debt_consolidation,15.58,0,17,0,36631.25,48.49,24,Fully Paid,West
22200.0,60,29.65,479.7,C,C1,4,OWN,74000.0,other,26.79,0,17,0,23429.82,88.76,30,Fully Paid,Northeast
35200.0,36,28.56,1257.03,C,C3,4,RENT,77000.0,debt_consolidation,4.26,1,18,0,28030.08,2.84,27,Fully Paid,Midwest
22200.0,60,22.81,454.4,C,C3,3,RENT,159100.0,credit_card,19.56,0,4,0,30438.48,78.56,18,Fully Paid,South
10300.0,36,18.04,337.73,B,B1,8,MORTGAGE,46300.0,debt_consolidation,17.71,1,23,0,13535.23,38.39,24,Charged Off,West
34200.0,36,9.04,1035.88,F,F1,7,MORTGAGE,33800.0,home_improvement,8.64,0,22,0,6968.82,54.11,24,Fully Paid,Northeast
22700.0,60,14.6,433.57,E,E3,8,OWN,61300.0,credit_card,12.01,1,18,0,18825.94,23.09,31,Fully Paid,South
9100.0,36,19.63,302.4,G,G4,6,MORTGAGE,36300.0,debt_consolidation,38.68,0,19,0,4742.88,57.89,28,Charged Off,West
25300.0,36,23.13,865.33,A,A2,6,MORTGAGE,113700.0,other,11.55,0,19,0,15743.17,73.07,26,Fully Paid,West
15000.0,36,20.88,503.67,D,D3,4,MORTGAGE,47000.0,small_business,8.54,0,24,0,27630.11,20.15,34,Fully Paid,Northeast
33900.0,36,22.85,1156.84,F,F1,9,RENT,40800.0,home_improvement,21.45,1,7,1,27005.63,34.33,20,Fully Paid,South
18700.0,60,15.73,360.69,B,B3,0,RENT,42800.0,other,26.84,0,7,0,6030.67,56.74,7,Fully Paid,West
29300.0,36,23.19,1002.63,A,A1,5,RENT,77600.0,credit_card,29.0,0,2,0,416.96,41.68,14,Fully Paid,South
4700.0,36,8.59,141.77,D,D2,9,RENT,50100.0,major_purchase,30.17,0,17,0,4447.18,29.32,25,Charged Off,Northeast
16400.0,36,9.06,496.83,C,C1,5,RENT,39300.0,debt_consolidation,1.47,0,18,0,1807.5,45.17,22,Fully Paid,Northeast
39300.0,60,9.07,714.41,E,E1,9,RENT,124600.0,debt_consolidation,15.75,2,5,0,20023.44,29.08,19,Fully Paid,South
32500.0,36,27.27,1148.97,A,A4,3,MORTGAGE,35300.0,other,30.96,0,17,0,19487.51,30.19,26,Fully Paid,Northeast
7200.0,36,6.9,213.8,E,E1,1,OWN,55100.0,debt_consolidation,36.19,0,23,0,12080.77,61.06,23,Fully Paid,West
11800.0,36,25.04,409.85,B,B5,0,RENT,75100.0,debt_consolidation,24.09,0,23,0,10772.22,47.71,33,Fully Paid,South
13900.0,36,10.84,427.97,A,A5,2,MORTGAGE,24000.0,debt_consolidation,2.09,0,22,0,19821.0,67.71,36,Fully Paid,West
26400.0,36,16.71,855.87,A,A4,10,MORTGAGE,68900.0,debt_consolidation,15.87,0,21,0,4328.68,83.74,30,Fully Paid,South
30500.0,36,27.9,1083.6,E,E2,8,RENT,32000.0,debt_consolidation,2.97,0,3,0,10715.46,94.3,10,Fully Paid,Midwest
30200.0,36,19.65,1003.73,D,D2,0,OWN,81700.0,credit_card,29.94,1,24,0,20284.6,15.14,32,Fully Paid,West
20900.0,36,10.25,640.06,C,C1,4,RENT,33500.0,other,2.54,1,13,1,4741.5,62.62,21,Charged Off,West
32600.0,36,12.1,1015.13,B,B4,9,MORTGAGE,76600.0,debt_consolidation,7.43,1,17,0,42040.68,58.24,27,Fully Paid,South
18000.0,60,28.01,384.03,E,E4,5,RENT,94200.0,major_purchase,16.68,1,7,0,33800.92,86.69,17,Fully Paid,South
5800.0,60,15.68,111.82,B,B4,8,OWN,83300.0,debt_consolidation,18.51,0,17,0,19155.96,89.59,25,Fully Paid,West
23000.0,36,19.67,764.56,E,E5,0,OWN,61400.0,debt_consolidation,16.26,0,8,0,7519.92,76.05,13,Fully Paid,Northeast
38100.0,36,16.5,1232.96,C,C2,4,MORTGAGE,48300.0,credit_card,18.54,0,15,0,9709.37,59.55,25,Fully Paid,West
31900.0,36,14.46,1014.24,B,B5,0,MORTGAGE,40600.0,small_business,28.53,0,4,0,6004.48,19.93,10,Fully Paid,Midwest
23600.0,60,10.58,434.95,C,C2,1,OWN,113000.0,debt_consolidation,14.77,0,2,0,8004.19,27.66,13,Fully Paid,Northeast
26200.0,36,22.15,888.98,B,B3,1,RENT,38200.0,debt_consolidation,21.91,0,18,0,21125.71,60.28,31,Fully Paid,Northeast
37300.0,60,22.96,764.4,D,D1,10,MORTGAGE,32300.0,debt_consolidation,12.13,0,21,0,12283.23,13.93,34,Fully Paid,South
17700.0,36,11.87,550.03,C,C3,4,MORTGAGE,75600.0,other,14.15,0,5,0,44228.92,18.4,11,Charged Off,South
13900.0,36,24.73,481.6,B,B1,9,MORTGAGE,36400.0,debt_consolidation,24.55,0,8,0,48046.44,91.14,11,Fully Paid,West
39100.0,60,26.36,823.45,E,E1,3,MORTGAGE,33700.0,debt_consolidation,19.62,0,8,0,34568.25,95.63,10,Fully Paid,West
34700.0,60,28.02,740.38,B,B4,5,RENT,26300.0,small_business,28.92,0,5,0,40438.06,0.52,13,Fully Paid,South
13600.0,60,9.03,247.13,C,C5,4,RENT,42600.0,credit_card,22.42,0,8,0,12755.98,86.25,10,Fully Paid,West
19100.0,36,12.6,597.41,F,F5,1,OWN,52000.0,other,32.14,0,9,0,33251.2,93.8,23,Fully Paid,Northeast
17200.0,36,26.51,604.44,D,D2,8,RENT,61200.0,other,17.74,0,10,0,2899.93,52.57,12,Charged Off,West
6800.0,36,9.96,207.7,A,A4,9,RENT,87200.0,credit_card,19.64,0,23,0,48010.8,44.89,35,Fully Paid,Northeast
38400.0,36,5.09,1120.96,F,F5,7,OWN,70500.0,credit_card,26.8,2,16,0,33510.35,91.88,19,Fully Paid,South
16800.0,36,26.77,591.59,D,D2,8,RENT,49200.0,debt_consolidation,8.85,0,5,0,15842.56,0.75,14,Fully Paid,West
35100.0,36,13.16,1103.31,B,B2,10,RENT,49100.0,other,15.44,0,19,0,38652.08,84.05,28,Fully Paid,Northeast
8400.0,36,15.36,269.17,A,A2,5,MORTGAGE,69900.0,debt_consolidation,24.99,1,13,0,789.97,29.66,22,Fully Paid,Midwest
22400.0,36,16.16,722.77,E,E5,4,RENT,102400.0,major_purchase,1.16,0,24,0,18811.81,64.12,38,Fully Paid,Midwest
1900.0,60,26.21,39.97,D,D1,4,RENT,57700.0,debt_consolidation,17.48,2,7,0,44782.89,32.32,9,Charged Off,Midwest
30800.0,60,13.45,582.38,C,C4,1,RENT,42800.0,debt_consolidation,23.95,1,5,0,13159.98,52.29,6,Charged Off,Northeast
23700.0,36,27.31,838.12,E,E4,10,MORTGAGE,33000.0,debt_consolidation,38.7,1,5,0,33395.72,80.83,9,Charged Off,West
25400.0,36,20.42,849.63,E,E2,3,MORTGAGE,26300.0,credit_card,35.08,1,19,0,18005.18,18.13,29,Fully Paid,Midwest
3000.0,36,18.18,98.48,A,A2,1,RENT,75600.0,debt_consolidation,11.23,0,2,0,19618.22,66.39,2,Fully Paid,South
9200.0,60,13.14,173.48,B,B2,1,RENT,72300.0,debt_consolidation,20.29,0,22,0,37296.85,89.83,22,Fully Paid,South
3900.0,36,11.09,120.35,B,B2,7,MORTGAGE,72300.0,debt_consolidation,2.26,0,7,1,45510.3,90.11,17,Fully Paid,South
12300.0,60,20.6,247.23,D,D2,3,RENT,50800.0,debt_consolidation,9.63,0,10,0,8335.93,89.41,15,Fully Paid,Midwest
25500.0,60,16.17,493.72,A,A2,3,MORTGAGE,109500.0,credit_card,30.99,1,18,0,13844.61,51.85,29,Fully Paid,Midwest
23100.0,36,27.76,819.79,C,C4,6,OWN,42500.0,debt_consolidation,4.93,1,22,0,24389.26,76.77,25,Fully Paid,West
24900.0,36,17.29,811.26,D,D2,3,RENT,87300.0,debt_consolidation,10.31,0,12,0,30690.8,44.69,19,Fully Paid,Northeast
22400.0,60,17.79,439.75,E,E1,8,MORTGAGE,53100.0,credit_card,37.76,1,22,0,23389.36,46.02,22,Fully Paid,South
11600.0,36,15.42,371.91,B,B3,8,RENT,40000.0,major_purchase,32.95,1,10,0,40276.43,28.39,19,Fully Paid,West
10500.0,36,24.73,363.8,E,E5,2,RENT,72900.0,credit_card,31.27,1,12,0,38404.74,28.52,26,Fully Paid,Northeast
6300.0,60,15.62,121.4,A,A5,5,RENT,66500.0,other,34.58,0,5,0,20262.15,3.78,9,Fully Paid,Midwest
34100.0,36,11.73,1058.33,E,E4,6,MORTGAGE,64800.0,debt_consolidation,29.98,1,14,0,2030.59,53.15,24,Fully Paid,Northeast
25000.0,60,26.55,527.29,A,A5,2,RENT,56400.0,major_purchase,4.82,2,20,0,9724.82,30.88,34,Fully Paid,South
8300.0,60,19.92,165.89,B,B2,3,RENT,53200.0,credit_card,20.66,0,4,0,24347.63,18.77,16,Fully Paid,Northeast
7900.0,60,19.79,157.72,E,E1,0,RENT,178800.0,credit_card,17.77,0,23,0,46375.69,12.17,35,Fully Paid,Northeast
35000.0,36,20.27,1169.29,A,A4,10,MORTGAGE,97900.0,credit_card,12.45,0,2,1,28378.47,34.7,7,Fully Paid,Midwest
30000.0,36,22.97,1024.75,B,B4,8,RENT,77800.0,debt_consolidation,33.36,0,18,0,26519.75,89.9,22,Fully Paid,Midwest
26700.0,36,12.83,836.82,D,D1,6,RENT,57300.0,debt_consolidation,18.57,0,18,0,36198.5,51.64,28,Fully Paid,West
16900.0,60,5.85,298.14,D,D2,9,MORTGAGE,89600.0,credit_card,2.41,1,8,0,7614.75,55.69,17,Fully Paid,Midwest
11200.0,60,25.26,233.82,D,D4,6,MORTGAGE,70200.0,debt_consolidation,11.0,0,15,0,7345.92,5.43,29,Fully Paid,Midwest
39200.0,36,8.22,1178.4,D,D1,8,MORTGAGE,54900.0,credit_card,9.14,0,6,0,17269.76,51.98,11,Charged Off,South
32100.0,36,23.05,1097.2,C,C2,5,RENT,46500.0,home_improvement,35.5,0,15,0,49742.63,66.76,17,Fully Paid,South
12800.0,36,7.06,380.66,B,B1,7,MORTGAGE,52000.0,debt_consolidation,25.9,0,12,0,43797.09,15.07,25,Fully Paid,Northeast
34100.0,60,14.38,650.06,B,B2,4,OWN,11100.0,debt_consolidation,22.42,0,4,0,34005.7,98.36,12,Fully Paid,South
30600.0,60,6.58,543.56,B,B5,7,RENT,60200.0,debt_consolidation,20.27,1,7,0,19557.75,91.51,21,Fully Paid,West
12600.0,60,18.06,247.93,F,F1,9,MORTGAGE,42400.0,debt_consolidation,26.0,0,8,1,27733.7,99.31,14,Fully Paid,West
17600.0,60,21.33,355.9,C,C2,0,OWN,120100.0,debt_consolidation,30.2,0,20,0,15177.71,36.03,29,Fully Paid,Northeast
8300.0,60,9.29,151.18,C,C3,2,MORTGAGE,54700.0,debt_consolidation,22.18,1,10,0,33715.35,82.23,10,Fully Paid,West
5300.0,60,14.29,100.96,C,C5,3,MORTGAGE,29900.0,debt_consolidation,37.53,0,3,1,20942.28,32.87,7,Fully Paid,West
29200.0,36,28.26,1040.33,F,F4,10,MORTGAGE,52800.0,debt_consolidation,39.07,0,13,0,6010.79,74.91,22,Fully Paid,Midwest
11400.0,36,16.06,367.52,A,A1,8,RENT,32100.0,debt_consolidation,39.81,0,8,0,10754.4,94.78,20,Fully Paid,Northeast
33000.0,60,25.06,687.83,C,C2,7,MORTGAGE,68600.0,other,26.78,0,11,0,30434.64,15.5,11,Fully Paid,West
39800.0,36,28.18,1417.1,C,C4,7,RENT,62700.0,other,37.3,0,21,0,34728.24,14.03,34,Fully Paid,Northeast
4000.0,36,29.36,143.73,C,C4,1,OWN,87500.0,debt_consolidation,16.18,1,16,0,4801.08,10.44,18,Fully Paid,West
19400.0,36,27.46,686.87,A,A4,6,RENT,36500.0,debt_consolidation,34.38,0,24,0,40417.05,79.84,29,Charged Off,South
32300.0,36,12.94,1013.32,E,E4,2,RENT,55100.0,credit_card,36.37,0,20,1,41217.37,66.66,33,Fully Paid,Northeast
31800.0,36,29.06,1140.03,F,F2,5,MORTGAGE,27400.0,debt_consolidation,36.17,0,7,0,36154.1,52.23,8,Charged Off,South
30600.0,36,25.31,1065.14,C,C2,3,OWN,76900.0,credit_card,33.23,0,21,0,34179.43,77.39,25,Charged Off,Northeast
14600.0,36,25.93,510.72,D,D3,5,MORTGAGE,70200.0,debt_consolidation,16.26,1,14,1,11593.43,84.99,20,Fully Paid,South
18700.0,36,5.38,547.39,F,F3,3,MORTGAGE,69400.0,debt_consolidation,6.36,0,21,0,45981.1,94.95,32,Fully Paid,Midwest
24200.0,36,28.86,866.23,D,D2,2,RENT,54200.0,major_purchase,13.36,0,13,0,13428.68,20.13,25,Fully Paid,South
39000.0,60,24.45,808.92,A,A2,1,MORTGAGE,66700.0,major_purchase,30.69,1,19,0,9125.23,44.17,27,Fully Paid,West
13800.0,36,24.2,476.1,C,C3,3,MORTGAGE,120800.0,other,9.32,0,17,0,31926.7,92.3,17,Fully Paid,Midwest
37000.0,36,7.04,1100.13,C,C2,9,MORTGAGE,47000.0,debt_consolidation,19.13,0,12,0,18205.21,46.13,18,Charged Off,South
11500.0,36,10.81,353.98,C,C1,1,OWN,58100.0,small_business,22.62,0,12,0,46651.4,48.77,25,Fully Paid,Midwest
39600.0,36,29.06,1419.66,D,D1,6,RENT,31500.0,credit_card,24.15,1,2,0,23012.48,94.24,15,Fully Paid,Midwest
27100.0,36,17.52,884.66,F,F1,0,OWN,35100.0,credit_card,37.43,0,2,0,8185.93,73.47,9,Charged Off,West
19100.0,60,14.95,365.92,F,F1,10,OWN,56900.0,small_business,26.46,0,8,0,47876.43,55.2,10,Charged Off,South
24900.0,60,26.0,522.9,C,C4,0,RENT,94100.0,other,31.45,0,8,0,25771.7,35.73,9,Fully Paid,Midwest
11600.0,36,7.18,345.36,A,A1,4,MORTGAGE,47700.0,home_improvement,23.28,0,5,0,25927.95,91.53,12,Fully Paid,West
11700.0,36,15.42,375.11,G,G3,6,RENT,48100.0,debt_consolidation,33.34,1,15,0,19290.13,0.89,21,Charged Off,Northeast
5400.0,36,14.39,171.58,E,E4,0,MORTGAGE,44200.0,credit_card,10.55,0,6,0,41799.69,32.1,17,Fully Paid,Northeast
5400.0,60,13.75,102.38,A,A3,3,MORTGAGE,41500.0,credit_card,8.4,0,23,0,14382.18,94.61,23,Fully Paid,Midwest
14600.0,60,12.69,274.21,F,F5,4,RENT,62800.0,major_purchase,37.05,0,13,0,685.49,49.82,14,Fully Paid,Midwest
30800.0,36,10.25,943.25,E,E5,1,RENT,25600.0,home_improvement,27.74,0,5,0,24863.9,62.39,8,Fully Paid,Midwest
24700.0,36,9.32,750.06,C,C2,6,MORTGAGE,102800.0,debt_consolidation,26.86,0,4,0,46294.35,53.26,18,Fully Paid,West
5000.0,60,21.01,100.84,C,C4,3,MORTGAGE,38800.0,debt_consolidation,18.69,1,19,0,13663.33,39.74,33,Fully Paid,West
34200.0,60,27.98,729.49,B,B1,7,MORTGAGE,77700.0,debt_consolidation,15.07,0,6,0,13315.27,66.53,20,Charged Off,South
24500.0,36,17.72,801.15,A,A5,0,RENT,28700.0,other,22.23,2,7,0,36904.99,76.65,9,Fully Paid,Northeast
38500.0,60,12.45,721.55,B,B4,9,RENT,75700.0,debt_consolidation,4.82,0,15,0,38776.67,36.44,16,Fully Paid,Midwest
27100.0,36,8.98,820.38,E,E1,0,MORTGAGE,75800.0,credit_card,18.19,0,7,0,21777.83,59.05,11,Charged Off,Midwest
7800.0,36,25.75,272.46,A,A5,0,RENT,65700.0,small_business,18.21,0,21,0,41682.16,8.28,26,Fully Paid,West
19500.0,60,29.29,420.19,B,B2,3,MORTGAGE,33000.0,debt_consolidation,21.53,1,24,0,8596.65,54.76,29,Fully Paid,West
26300.0,36,13.73,830.86,B,B3,0,RENT,61400.0,major_purchase,25.39,1,13,0,18351.27,74.77,19,Charged Off,South
2100.0,60,12.27,39.29,C,C2,4,MORTGAGE,30000.0,major_purchase,38.29,1,13,0,20213.9,58.52,24,Fully Paid,Northeast
1600.0,36,20.04,53.35,F,F5,5,RENT,47700.0,debt_consolidation,26.09,0,9,0,15639.79,87.84,21,Charged Off,Midwest
6000.0,36,24.38,207.3,B,B3,6,MORTGAGE,90600.0,debt_consolidation,35.35,0,24,0,10886.88,28.62,38,Fully Paid,West
10800.0,36,16.39,349.17,B,B5,7,OWN,80700.0,home_improvement,22.25,0,21,0,16907.48,49.18,26,Fully Paid,Northeast
17800.0,36,20.75,597.04,D,D5,7,MORTGAGE,54600.0,debt_consolidation,25.08,1,3,0,900.16,8.75,15,Fully Paid,South
20000.0,36,22.91,682.83,C,C1,1,RENT,33300.0,credit_card,2.79,0,6,0,35167.5,70.0,11,Fully Paid,Northeast
6400.0,60,29.01,137.61,B,B4,3,RENT,74800.0,credit_card,5.33,0,19,0,34197.96,44.29,26,Fully Paid,Midwest
27300.0,36,9.13,827.57,C,C3,6,RENT,54700.0,debt_consolidation,23.19,0,4,0,22510.91,53.04,15,Fully Paid,West
24200.0,60,29.93,524.05,A,A2,8,MORTGAGE,17000.0,debt_consolidation,15.83,0,17,0,16145.78,12.84,21,Fully Paid,Midwest
12500.0,36,14.8,398.61,A,A3,8,MORTGAGE,80100.0,debt_consolidation,31.95,0,6,0,21704.68,99.74,17,Fully Paid,Northeast
1500.0,60,23.08,30.77,C,C4,10,OWN,53500.0,debt_consolidation,21.73,0,10,0,46826.04,77.19,14,Fully Paid,West
4000.0,36,19.31,132.57,C,C4,2,RENT,98800.0,credit_card,35.29,2,7,1,30178.24,40.06,17,Fully Paid,South
16300.0,36,17.17,530.52,F,F4,6,OWN,31300.0,credit_card,38.89,0,20,0,36567.87,57.0,30,Charged Off,South
7000.0,36,22.45,238.1,B,B1,3,RENT,11100.0,debt_consolidation,5.91,1,23,0,11475.84,61.87,29,Charged Off,West
15700.0,36,14.89,501.05,C,C5,8,RENT,62300.0,major_purchase,15.79,0,17,0,4737.9,96.08,26,Fully Paid,South
25500.0,36,8.15,766.06,D,D2,6,MORTGAGE,62700.0,debt_consolidation,26.6,0,8,1,4159.25,76.84,20,Fully Paid,South
22300.0,36,17.22,726.11,A,A2,5,RENT,23300.0,other,12.22,0,5,0,23600.94,34.97,15,Fully Paid,West
10000.0,60,18.05,196.75,D,D2,8,MORTGAGE,33200.0,debt_consolidation,10.68,1,17,0,35834.32,97.77,27,Fully Paid,Midwest
14400.0,60,10.05,264.12,A,A3,6,MORTGAGE,214800.0,debt_consolidation,32.55,0,21,0,38706.02,30.18,27,Fully Paid,Northeast
24900.0,60,28.39,532.82,G,G1,10,MORTGAGE,46500.0,major_purchase,39.22,0,18,0,36020.49,57.69,20,Fully Paid,Midwest
34600.0,36,10.69,1063.85,A,A1,7,MORTGAGE,78100.0,credit_card,30.95,0,20,0,45638.12,70.07,20,Fully Paid,Northeast
30400.0,60,15.23,583.83,C,C2,10,RENT,39100.0,debt_consolidation,20.95,0,18,0,2600.12,27.11,22,Fully Paid,Northeast
22600.0,60,8.87,410.08,A,A2,4,MORTGAGE,19100.0,debt_consolidation,17.7,0,14,0,42766.97,95.64,23,Fully Paid,West
15100.0,36,18.39,496.58,G,G4,3,RENT,49800.0,debt_consolidation,21.59,1,3,1,33033.83,21.61,13,Fully Paid,South
15200.0,36,12.69,475.8,C,C3,0,RENT,47400.0,debt_consolidation,18.51,0,3,0,8776.01,44.18,6,Fully Paid,South
35300.0,36,17.23,1149.51,C,C4,7,MORTGAGE,44400.0,debt_consolidation,20.12,0,23,0,34119.04,17.99,23,Fully Paid,Northeast
2500.0,36,10.62,76.82,A,A5,5,MORTGAGE,51200.0,credit_card,8.14,0,24,0,25587.98,87.5,28,Fully Paid,Northeast
39500.0,36,6.34,1166.79,D,D4,3,RENT,61800.0,small_business,36.15,0,5,0,17952.06,22.16,10,Fully Paid,West
26900.0,36,24.48,930.14,B,B5,2,RENT,50300.0,major_purchase,30.18,1,17,0,12397.91,3.47,23,Fully Paid,Northeast
27600.0,60,21.03,556.74,E,E5,4,MORTGAGE,28800.0,debt_consolidation,27.24,0,5,0,23207.72,3.89,14,Charged Off,Midwest
2500.0,36,13.52,78.83,B,B4,3,RENT,69100.0,small_business,38.0,0,21,0,11956.63,41.38,31,Fully Paid,Northeast
24600.0,36,6.19,725.63,B,B2,10,MORTGAGE,20400.0,credit_card,11.38,0,13,0,4142.35,52.28,24,Fully Paid,Midwest
19900.0,60,26.64,420.02,A,A4,10,RENT,19400.0,debt_consolidation,3.25,0,23,0,42306.0,4.16,31,Fully Paid,West
5100.0,60,9.24,92.85,C,C5,6,RENT,78400.0,major_purchase,33.05,1,21,0,29641.85,9.29,32,Charged Off,Northeast
11800.0,60,28.27,252.26,C,C1,5,OWN,69800.0,debt_consolidation,39.94,0,15,0,18183.48,9.75,18,Fully Paid,South
35700.0,36,16.96,1159.85,A,A5,2,MORTGAGE,52600.0,debt_consolidation,23.14,0,2,0,22334.0,66.85,2,Fully Paid,West
22400.0,36,13.51,706.28,D,D3,9,MORTGAGE,27000.0,debt_consolidation,2.35,0,18,1,43241.37,29.98,21,Fully Paid,Northeast
17100.0,36,23.54,586.82,C,C1,10,MORTGAGE,38000.0,credit_card,31.22,0,19,0,15992.18,56.26,29,Charged Off,Northeast
3800.0,36,26.92,133.97,C,C4,0,RENT,47500.0,debt_consolidation,2.95,0,13,0,19008.65,7.37,19,Fully Paid,Midwest
28900.0,36,14.27,917.33,C,C5,6,MORTGAGE,24400.0,major_purchase,21.6,1,11,0,38304.02,89.21,11,Fully Paid,Northeast
28400.0,36,15.18,908.64,C,C1,4,RENT,37400.0,credit_card,11.1,0,16,0,10026.13,30.44,28,Fully Paid,Midwest
24900.0,60,15.83,480.69,C,C2,0,MORTGAGE,75100.0,debt_consolidation,36.6,0,18,0,32963.13,77.82,26,Charged Off,Midwest
20900.0,36,28.06,743.46,A,A4,0,OWN,110600.0,debt_consolidation,18.05,0,12,0,21716.19,82.67,17,Fully Paid,South
17900.0,36,22.31,608.15,B,B5,5,RENT,43900.0,major_purchase,35.94,0,21,0,25007.93,98.79,30,Charged Off,South
24100.0,36,11.19,744.36,E,E3,3,RENT,79100.0,credit_card,11.96,0,8,0,39344.01,74.1,15,Fully Paid,South
10100.0,60,9.62,184.53,F,F2,7,MORTGAGE,20800.0,debt_consolidation,15.49,0,21,0,49656.62,44.28,26,Charged Off,West
37700.0,36,10.76,1159.9,B,B3,1,RENT,75300.0,major_purchase,37.88,2,20,0,41575.6,15.26,33,Fully Paid,South
24000.0,36,11.59,743.93,B,B1,3,MORTGAGE,36200.0,debt_consolidation,8.05,1,12,0,8027.2,4.79,18,Fully Paid,Midwest
13100.0,36,10.75,403.01,D,D3,7,RENT,63200.0,debt_consolidation,23.14,0,2,0,11227.59,88.63,4,Fully Paid,Northeast
18500.0,36,21.46,624.17,C,C5,7,RENT,47900.0,credit_card,15.54,0,19,0,20496.52,44.67,26,Fully Paid,Midwest
32400.0,36,7.9,971.1,A,A5,4,RENT,104800.0,credit_card,30.97,0,24,1,35961.33,75.0,28,Fully Paid,South
7300.0,36,14.68,232.55,A,A3,2,RENT,35000.0,debt_consolidation,5.17,0,23,0,25468.56,49.63,37,Fully Paid,Northeast
12400.0,36,20.63,415.5,D,D1,3,MORTGAGE,74100.0,debt_consolidation,17.49,0,16,1,45090.03,87.97,22,Fully Paid,Midwest
27500.0,60,12.27,514.57,D,D5,2,MORTGAGE,47100.0,debt_consolidation,27.96,1,14,0,2433.77,74.97,20,Charged Off,Northeast
13300.0,36,6.63,393.94,A,A5,10,MORTGAGE,50100.0,other,16.28,0,17,0,12925.85,8.55,22,Fully Paid,Midwest
31900.0,60,7.05,569.15,B,B3,1,RENT,49400.0,debt_consolidation,2.34,1,20,0,10963.58,75.21,22,Fully Paid,Northeast
6100.0,36,8.15,183.25,B,B3,3,MORTGAGE,35500.0,debt_consolidation,28.2,0,7,0,37208.55,26.68,17,Fully Paid,Northeast
30700.0,36,25.9,1073.65,D,D1,8,RENT,53800.0,major_purchase,20.13,0,23,0,23238.58,77.31,23,Fully Paid,South
3700.0,36,21.45,124.82,A,A2,5,MORTGAGE,52500.0,debt_consolidation,0.45,1,17,0,750.65,94.85,22,Fully Paid,West
1500.0,36,6.61,44.42,A,A4,3,RENT,61100.0,debt_consolidation,24.51,0,19,0,38671.84,93.01,31,Fully Paid,South
36000.0,36,14.78,1147.8,E,E4,0,MORTGAGE,56500.0,credit_card,36.8,0,2,0,18090.16,12.5,10,Charged Off,Northeast
23700.0,36,11.96,737.07,A,A4,6,MORTGAGE,80700.0,credit_card,4.44,0,19,0,13023.02,5.47,20,Fully Paid,Northeast
14700.0,60,19.45,292.65,D,D3,1,RENT,86000.0,credit_card,23.63,1,10,0,9135.88,77.7,11,Fully Paid,South
10100.0,60,18.07,198.75,B,B5,5,RENT,32000.0,debt_consolidation,29.15,1,14,0,47300.61,71.0,23,Fully Paid,Midwest
25100.0,60,17.03,489.58,A,A5,9,MORTGAGE,83600.0,major_purchase,2.83,0,17,1,47101.9,17.62,17,Fully Paid,Northeast
20900.0,36,12.86,655.22,B,B2,0,RENT,29900.0,debt_consolidation,0.9,1,23,0,3827.64,68.46,23,Fully Paid,Midwest
39700.0,36,8.44,1195.85,D,D5,6,OWN,72700.0,debt_consolidation,18.57,1,20,0,11638.37,1.55,21,Fully Paid,South
39300.0,36,23.56,1348.86,E,E3,3,MORTGAGE,73900.0,debt_consolidation,31.65,1,24,0,32305.97,63.12,24,Fully Paid,West
25800.0,36,27.0,910.17,E,E1,10,MORTGAGE,20800.0,major_purchase,6.43,2,2,0,33521.23,83.23,13,Fully Paid,West
18300.0,36,28.6,653.72,B,B1,2,MORTGAGE,56800.0,credit_card,33.47,0,9,0,20883.59,64.18,20,Fully Paid,Northeast
20200.0,36,6.47,597.42,D,D4,9,RENT,42900.0,major_purchase,26.26,1,11,0,28425.49,6.54,22,Charged Off,Midwest
27600.0,60,23.5,568.1,B,B4,6,RENT,37100.0,home_improvement,13.29,0,8,0,35131.53,99.1,18,Fully Paid,South
5000.0,36,23.16,171.06,B,B1,2,RENT,106400.0,debt_consolidation,20.63,0,4,0,47525.46,35.61,16,Fully Paid,Northeast
13800.0,36,28.68,493.27,E,E4,7,MORTGAGE,39100.0,debt_consolidation,38.62,0,14,0,36255.47,38.05,19,Charged Off,West
3900.0,36,11.32,120.6,A,A4,10,MORTGAGE,36200.0,credit_card,8.66,0,21,0,5513.53,8.48,25,Fully Paid,West
3900.0,36,23.55,133.85,A,A2,3,MORTGAGE,56300.0,debt_consolidation,19.98,1,12,0,35892.33,16.71,19,Fully Paid,Midwest
8600.0,60,6.37,152.46,B,B1,2,MORTGAGE,76300.0,debt_consolidation,24.98,0,24,0,3386.32,27.12,36,Fully Paid,Northeast
19900.0,36,20.78,667.65,A,A2,6,MORTGAGE,50500.0,small_business,5.52,0,21,1,25125.36,79.92,30,Fully Paid,Midwest
31600.0,60,13.77,599.19,B,B4,6,MORTGAGE,97100.0,home_improvement,1.74,1,6,0,26344.76,69.17,12,Charged Off,Midwest
19900.0,36,24.22,686.66,C,C5,8,RENT,70600.0,debt_consolidation,0.54,1,14,0,38913.24,58.36,25,Fully Paid,Northeast
14100.0,36,26.58,495.77,C,C4,9,MORTGAGE,18200.0,major_purchase,12.99,1,13,0,577.93,86.39,26,Charged Off,South
4200.0,60,14.12,79.88,E,E4,6,MORTGAGE,41600.0,credit_card,2.96,2,17,0,43737.6,99.78,20,Charged Off,West
22500.0,36,18.14,738.38,E,E2,5,RENT,40900.0,debt_consolidation,32.15,1,18,1,33194.24,38.48,26,Fully Paid,Northeast
11600.0,36,7.94,347.81,B,B3,2,RENT,68800.0,debt_consolidation,39.89,0,15,0,1559.54,39.12,25,Fully Paid,West
25000.0,36,15.42,801.53,B,B3,3,RENT,14600.0,debt_consolidation,2.45,0,22,0,8001.51,73.61,32,Fully Paid,South
39100.0,36,14.02,1238.38,B,B5,7,MORTGAGE,193800.0,debt_consolidation,17.31,0,11,0,1975.88,64.43,14,Fully Paid,West
5300.0,60,9.58,96.8,C,C4,5,MORTGAGE,70700.0,debt_consolidation,1.03,1,14,0,38296.98,1.34,22,Fully Paid,West
9300.0,60,27.36,197.41,B,B3,8,RENT,58400.0,other,5.36,0,13,0,8545.25,65.54,16,Fully Paid,Midwest
19500.0,60,8.7,353.28,D,D5,7,MORTGAGE,97800.0,credit_card,12.92,0,5,0,2280.0,71.96,6,Fully Paid,Midwest
38800.0,36,20.89,1302.93,C,C4,7,RENT,174900.0,small_business,15.75,0,20,0,6899.39,98.59,34,Fully Paid,Midwest
31100.0,36,27.25,1099.3,C,C1,10,MORTGAGE,83700.0,debt_consolidation,37.59,0,13,0,27977.85,58.68,14,Fully Paid,South
36000.0,36,27.8,1278.0,C,C5,9,MORTGAGE,87100.0,debt_consolidation,15.83,0,2,0,24774.33,68.44,14,Fully Paid,Midwest
14000.0,60,24.83,291.27,B,B3,9,MORTGAGE,57800.0,small_business,19.85,2,11,0,12312.87,78.87,24,Fully Paid,West
39700.0,60,9.4,723.86,F,F4,6,RENT,50500.0,credit_card,9.82,0,22,0,47146.76,9.6,27,Charged Off,West
5000.0,36,25.44,174.22,D,D5,9,MORTGAGE,42700.0,small_business,0.01,0,3,0,42740.44,73.47,8,Fully Paid,West
3100.0,36,11.91,96.37,A,A2,10,RENT,35800.0,debt_consolidation,35.97,0,6,0,15723.05,54.69,12,Fully Paid,Northeast
34400.0,36,28.06,1223.68,E,E5,0,OWN,38400.0,other,3.27,1,22,1,23728.6,10.01,34,Fully Paid,West
37200.0,36,22.73,1268.21,C,C3,4,OWN,27600.0,debt_consolidation,38.57,0,18,0,25841.16,66.99,29,Fully Paid,Midwest
4500.0,36,24.63,155.79,E,E4,6,MORTGAGE,52200.0,debt_consolidation,5.23,0,5,0,37808.79,23.45,11,Fully Paid,South
5400.0,36,7.13,160.7,E,E1,9,MORTGAGE,23300.0,home_improvement,24.2,0,8,1,21397.33,53.79,22,Fully Paid,South
2300.0,36,19.57,76.39,C,C1,8,MORTGAGE,59600.0,major_purchase,39.98,0,16,0,27323.54,28.1,28,Fully Paid,West
5100.0,60,25.53,106.7,A,A5,3,MORTGAGE,53200.0,debt_consolidation,5.54,0,2,0,20628.28,10.45,16,Fully Paid,West
9200.0,60,26.54,194.03,B,B2,7,RENT,58300.0,other,16.96,0,15,0,38141.04,25.09,26,Fully Paid,Northeast
38800.0,60,5.72,683.66,C,C1,0,RENT,41700.0,home_improvement,31.22,0,16,0,27796.7,43.88,18,Fully Paid,West
27000.0,36,28.48,963.6,D,D2,3,OWN,252300.0,debt_consolidation,1.29,1,3,0,41389.03,49.41,12,Fully Paid,West
31400.0,36,6.08,925.25,B,B5,3,RENT,106900.0,debt_consolidation,27.59,2,21,0,2686.79,14.85,27,Fully Paid,West
31300.0,36,20.36,1046.46,A,A4,1,MORTGAGE,29100.0,debt_consolidation,3.21,0,3,0,45215.32,32.1,11,Fully Paid,Northeast
21900.0,36,22.33,744.17,E,E4,10,MORTGAGE,60900.0,debt_consolidation,9.46,0,17,0,40969.52,85.94,25,Fully Paid,South
32100.0,36,7.68,960.15,G,G1,10,OWN,40000.0,credit_card,6.4,0,3,0,40925.23,91.04,13,Fully Paid,West
24200.0,60,6.2,428.34,C,C1,2,MORTGAGE,32600.0,major_purchase,36.29,0,17,0,7015.44,53.52,31,Charged Off,South
13300.0,36,24.62,460.4,A,A1,2,OWN,27700.0,home_improvement,7.22,0,18,0,13173.64,49.04,31,Fully Paid,Northeast
22900.0,60,14.62,437.47,B,B1,8,RENT,67200.0,debt_consolidation,1.62,0,19,0,49013.08,58.14,25,Fully Paid,Northeast
21800.0,60,7.68,391.24,A,A5,6,OWN,38500.0,debt_consolidation,23.51,0,20,0,47513.75,21.46,23,Fully Paid,West
33100.0,60,24.07,684.45,F,F2,1,MORTGAGE,87900.0,other,13.85,0,17,1,11327.23,99.36,30,Charged Off,Northeast
39300.0,60,26.23,826.81,A,A3,8,MORTGAGE,89000.0,debt_consolidation,16.23,0,5,0,21645.13,74.53,12,Charged Off,Northeast
17000.0,36,19.68,565.16,C,C5,7,RENT,107700.0,debt_consolidation,4.76,0,18,0,7797.16,23.87,19,Fully Paid,South
30800.0,60,9.03,559.69,B,B1,5,OWN,35400.0,credit_card,29.93,1,2,0,13131.91,27.21,9,Fully Paid,Midwest
4900.0,36,5.38,143.43,C,C1,5,RENT,68700.0,major_purchase,24.06,1,24,0,9236.42,64.84,35,Fully Paid,South
31300.0,60,22.52,639.15,D,D1,1,RENT,74300.0,other,14.57,0,22,0,4046.85,32.28,33,Charged Off,West
15500.0,36,18.75,511.28,E,E3,2,MORTGAGE,42700.0,other,6.86,0,14,0,28973.94,35.53,24,Fully Paid,Northeast
2500.0,36,21.27,84.22,B,B2,5,RENT,36800.0,other,23.74,0,8,0,12039.28,78.09,10,Fully Paid,West
15200.0,36,25.33,529.17,A,A1,2,MORTGAGE,121100.0,debt_consolidation,31.14,0,10,1,49612.02,26.69,14,Fully Paid,South
24800.0,36,15.86,798.15,A,A4,10,OWN,60700.0,debt_consolidation,12.5,0,15,0,25771.99,70.52,17,Fully Paid,Northeast
5700.0,36,8.11,171.17,F,F1,10,RENT,74500.0,credit_card,1.03,1,2,0,17954.72,93.49,14,Fully Paid,West
37000.0,36,28.5,1320.69,E,E3,6,OWN,35900.0,debt_consolidation,8.57,1,9,0,45658.11,12.41,14,Fully Paid,West
4000.0,60,18.63,79.09,C,C3,4,RENT,29400.0,debt_consolidation,27.3,0,11,0,31037.31,14.43,16,Fully Paid,South
37300.0,36,20.38,1247.27,C,C3,3,MORTGAGE,40800.0,debt_consolidation,39.56,0,5,0,6353.94,94.29,19,Fully Paid,West
28600.0,36,28.34,1019.59,D,D3,7,RENT,50900.0,debt_consolidation,0.54,1,14,0,24891.02,20.35,21,Charged Off,Northeast
13900.0,36,28.29,495.34,A,A5,10,RENT,31800.0,credit_card,12.25,1,19,0,22053.96,2.09,19,Fully Paid,West
16200.0,36,19.3,536.85,F,F1,10,MORTGAGE,53900.0,debt_consolidation,2.48,0,10,0,38256.6,86.85,14,Fully Paid,Northeast
29900.0,36,12.44,933.88,C,C4,1,MORTGAGE,23300.0,debt_consolidation,12.65,0,9,0,34688.88,28.23,13,Fully Paid,West
24500.0,60,29.93,530.55,B,B5,2,MORTGAGE,30900.0,small_business,16.24,0,7,0,18539.57,29.84,20,Fully Paid,South
27200.0,36,22.02,921.93,C,C2,9,RENT,75800.0,home_improvement,36.83,0,22,0,23473.97,22.69,30,Fully Paid,Northeast
16200.0,36,15.21,518.44,A,A5,3,RENT,73300.0,other,3.22,0,20,0,25939.4,91.77,29,Charged Off,West
20000.0,36,19.0,661.11,A,A1,9,MORTGAGE,44500.0,debt_consolidation,31.09,1,17,0,21123.05,77.44,20,Fully Paid,Midwest
39600.0,36,15.4,1269.4,D,D5,5,MORTGAGE,32600.0,debt_consolidation,15.82,0,2,0,5386.07,59.68,7,Fully Paid,Northeast
9300.0,36,27.21,328.63,A,A3,4,RENT,32400.0,debt_consolidation,32.45,0,16,0,45272.29,45.33,27,Fully Paid,Northeast
17300.0,60,17.06,337.52,C,C5,4,OWN,45000.0,home_improvement,20.54,0,7,0,33628.0,14.35,17,Fully Paid,Northeast
12400.0,36,25.59,432.59,B,B3,6,RENT,74800.0,small_business,1.57,0,11,0,23486.01,92.6,21,Charged Off,Midwest
30800.0,36,26.0,1078.0,B,B5,7,RENT,86200.0,debt_consolidation,37.85,0,6,0,28479.35,74.97,15,Fully Paid,South
30800.0,36,25.61,1074.66,B,B2,5,MORTGAGE,42300.0,small_business,3.31,0,9,0,10658.18,27.89,15,Fully Paid,West
12400.0,36,23.05,423.84,B,B1,2,RENT,30400.0,credit_card,23.91,2,2,0,26527.82,94.75,4,Fully Paid,Midwest
4200.0,60,26.37,88.46,D,D1,3,RENT,61900.0,debt_consolidation,35.11,0,14,0,37301.39,93.52,25,Fully Paid,West
1400.0,36,14.68,44.6,B,B5,0,RENT,35900.0,credit_card,3.19,0,17,0,26683.72,65.95,22,Fully Paid,Midwest
17700.0,36,7.87,530.36,C,C3,10,OWN,41800.0,credit_card,22.16,0,18,0,24033.27,98.5,31,Fully Paid,Midwest
17000.0,60,26.06,357.17,C,C2,4,RENT,105100.0,debt_consolidation,32.97,1,8,0,23119.28,18.72,20,Fully Paid,West
39500.0,36,17.45,1288.69,D,D3,9,OWN,81900.0,debt_consolidation,39.45,0,16,0,38081.14,73.14,28,Fully Paid,West
19300.0,60,8.18,347.98,F,F1,7,MORTGAGE,58600.0,major_purchase,28.97,0,15,0,37666.98,15.22,29,Charged Off,West
11000.0,36,7.88,329.63,D,D3,2,RENT,28700.0,credit_card,11.13,1,18,0,37503.51,69.17,20,Fully Paid,South
35800.0,36,8.98,1083.75,B,B2,9,MORTGAGE,60200.0,debt_consolidation,27.98,0,24,0,12308.5,91.99,35,Fully Paid,Northeast
20200.0,60,23.77,416.69,A,A2,3,MORTGAGE,92200.0,other,28.23,1,8,0,30894.75,53.61,13,Fully Paid,Midwest
24400.0,60,22.77,499.26,B,B3,3,RENT,44900.0,debt_consolidation,28.0,0,15,0,38945.37,76.31,15,Fully Paid,Northeast
4700.0,36,10.1,143.74,C,C4,5,RENT,106500.0,debt_consolidation,34.17,0,9,0,28094.71,14.31,17,Fully Paid,West
15900.0,60,26.17,334.35,A,A2,8,RENT,103400.0,debt_consolidation,3.5,0,14,0,38948.87,63.32,19,Fully Paid,West
37800.0,36,12.03,1176.32,C,C2,9,MORTGAGE,124500.0,small_business,4.34,0,2,0,42720.17,6.32,7,Charged Off,Midwest
24000.0,36,24.82,832.13,C,C4,2,MORTGAGE,63100.0,credit_card,25.62,0,5,0,8694.5,3.69,18,Fully Paid,Midwest
14400.0,36,17.22,468.88,B,B1,3,RENT,72700.0,home_improvement,38.16,1,12,0,15317.04,63.41,24,Fully Paid,Midwest
25400.0,36,23.29,869.88,D,D5,5,MORTGAGE,109900.0,other,18.63,0,10,0,30065.48,57.28,13,Fully Paid,Midwest
36500.0,60,14.53,696.72,A,A5,5,MORTGAGE,67800.0,major_purchase,38.42,1,20,0,14483.92,32.93,33,Fully Paid,Midwest
11700.0,36,13.68,369.46,A,A5,6,RENT,42200.0,debt_consolidation,37.52,0,23,0,47069.27,51.29,37,Fully Paid,West
20700.0,36,26.03,724.67,D,D5,0,MORTGAGE,43300.0,major_purchase,36.12,0,5,0,9706.71,68.43,9,Fully Paid,Midwest
38400.0,60,5.88,677.63,C,C1,8,RENT,61000.0,home_improvement,36.39,0,2,0,17847.4,64.47,5,Fully Paid,South
7700.0,36,29.37,276.71,D,D4,1,MORTGAGE,28400.0,debt_consolidation,35.93,0,20,0,49715.32,7.36,25,Fully Paid,Northeast
29100.0,36,21.2,979.7,C,C2,3,RENT,50400.0,debt_consolidation,32.8,0,20,0,9459.09,67.81,26,Fully Paid,Northeast
25000.0,36,15.81,804.24,B,B1,2,MORTGAGE,93700.0,home_improvement,27.8,0,20,0,22440.89,65.95,20,Fully Paid,South
27500.0,36,20.7,922.01,E,E5,2,RENT,18100.0,debt_consolidation,0.98,1,12,0,15689.11,66.96,25,Fully Paid,Midwest
14700.0,60,8.07,264.77,E,E3,10,MORTGAGE,116700.0,debt_consolidation,5.29,0,7,0,40489.96,84.74,9,Fully Paid,West
13200.0,36,17.85,432.12,D,D5,4,RENT,95000.0,home_improvement,5.37,2,8,0,15207.36,57.67,9,Charged Off,West
27700.0,36,29.63,997.43,B,B1,6,MORTGAGE,43100.0,small_business,0.94,0,24,0,8071.45,93.79,34,Fully Paid,South
9400.0,60,10.88,173.71,C,C1,6,RENT,71100.0,debt_consolidation,4.67,0,2,0,46656.76,98.0,13,Fully Paid,South
17400.0,36,23.06,594.79,B,B2,6,RENT,54300.0,debt_consolidation,36.79,0,16,0,15870.12,75.18,20,Fully Paid,South
8300.0,36,15.87,267.14,A,A3,2,RENT,100200.0,credit_card,26.55,0,5,1,37087.38,35.87,12,Fully Paid,Northeast
1300.0,60,21.31,26.28,F,F5,8,RENT,88600.0,home_improvement,12.48,0,14,0,14528.39,14.31,18,Fully Paid,South
38800.0,36,10.12,1186.85,A,A3,5,MORTGAGE,26900.0,other,31.73,0,13,0,8929.08,82.01,21,Fully Paid,West
17800.0,36,16.76,577.31,F,F4,10,MORTGAGE,72700.0,home_improvement,19.53,1,2,0,40120.61,14.66,15,Fully Paid,Midwest
38800.0,36,29.5,1395.72,C,C4,10,MORTGAGE,48900.0,credit_card,5.69,0,9,0,2779.1,14.62,9,Fully Paid,West
6500.0,36,9.88,198.39,B,B2,9,MORTGAGE,56500.0,other,35.38,0,22,0,16598.64,91.9,32,Fully Paid,South
23900.0,36,20.91,802.71,C,C3,10,RENT,37600.0,debt_consolidation,13.55,0,24,0,39004.08,55.99,29,Fully Paid,West
8800.0,36,19.39,291.84,E,E1,7,RENT,129800.0,debt_consolidation,27.95,0,12,0,25606.88,29.33,26,Fully Paid,Northeast
31800.0,60,19.13,631.39,D,D5,0,MORTGAGE,91100.0,credit_card,11.62,1,11,0,34478.69,96.3,13,Fully Paid,West
31600.0,36,20.38,1056.67,E,E1,3,MORTGAGE,37400.0,debt_consolidation,20.0,0,3,0,3340.85,70.73,17,Fully Paid,Northeast
5400.0,36,17.56,176.34,D,D4,6,MORTGAGE,27800.0,debt_consolidation,32.65,0,18,0,37490.5,53.48,19,Fully Paid,Midwest
36600.0,60,5.42,643.06,D,D3,8,RENT,44700.0,debt_consolidation,6.27,2,14,0,8597.02,32.95,17,Fully Paid,South
8600.0,36,27.5,304.58,E,E2,2,RENT,67300.0,home_improvement,39.09,0,23,0,40435.2,67.66,25,Charged Off,Midwest
24900.0,60,25.67,521.53,B,B3,10,RENT,61100.0,small_business,2.81,0,10,0,28208.74,73.09,20,Fully Paid,South
39400.0,36,9.35,1196.77,C,C4,5,RENT,101400.0,debt_consolidation,21.36,1,17,0,36958.09,71.21,25,Fully Paid,Midwest
35400.0,36,15.33,1134.08,B,B1,7,MORTGAGE,80400.0,credit_card,36.64,2,18,0,10641.63,19.53,31,Fully Paid,Midwest
38300.0,60,24.26,793.19,G,G3,10,RENT,88000.0,debt_consolidation,37.83,0,11,0,19771.28,69.72,22,Fully Paid,Midwest
14400.0,36,29.5,518.0,F,F3,2,MORTGAGE,63800.0,home_improvement,9.28,0,18,1,40103.47,58.14,26,Fully Paid,Northeast
5100.0,60,28.78,109.46,A,A5,5,MORTGAGE,27000.0,credit_card,5.76,0,21,0,45540.22,85.01,28,Fully Paid,Northeast
8300.0,36,27.48,293.91,D,D2,8,MORTGAGE,49100.0,other,28.98,1,11,0,11328.61,62.48,25,Fully Paid,West
20500.0,36,8.96,620.47,F,F2,8,MORTGAGE,92000.0,debt_consolidation,1.68,0,23,0,39669.68,14.63,29,Fully Paid,West
31900.0,36,27.86,1132.98,B,B5,5,RENT,52800.0,credit_card,19.41,0,15,0,5427.76,31.85,24,Fully Paid,West
6900.0,36,26.96,243.34,C,C5,4,MORTGAGE,69700.0,debt_consolidation,31.85,0,16,0,21287.43,74.38,18,Fully Paid,South
26700.0,60,14.42,509.17,F,F4,0,RENT,46200.0,credit_card,22.41,0,10,0,46935.98,74.0,23,Fully Paid,Northeast
13600.0,36,14.86,433.92,A,A1,2,MORTGAGE,32400.0,small_business,7.52,0,3,0,47256.82,22.27,13,Fully Paid,Midwest
14300.0,60,16.5,277.66,D,D5,2,RENT,50900.0,other,19.48,0,15,0,14834.11,35.46,17,Fully Paid,West
26800.0,36,21.4,903.76,B,B4,3,OWN,63200.0,debt_consolidation,36.85,0,22,0,9645.67,1.53,34,Fully Paid,Northeast
19200.0,36,11.52,594.77,F,F1,4,RENT,39000.0,major_purchase,24.69,0,8,1,7474.32,33.17,14,Fully Paid,Northeast
32700.0,36,5.57,958.93,G,G3,10,RENT,48200.0,debt_consolidation,28.86,2,5,0,24043.76,2.63,8,Fully Paid,South
7100.0,36,8.53,214.05,F,F5,7,MORTGAGE,33900.0,debt_consolidation,13.45,1,14,0,4603.84,87.29,21,Fully Paid,Midwest
31800.0,36,16.0,1024.67,C,C2,10,MORTGAGE,94800.0,small_business,7.54,0,23,0,17842.65,66.66,23,Fully Paid,Northeast
3500.0,36,12.05,108.94,E,E2,8,OWN,46800.0,debt_consolidation,10.23,0,23,0,850.56,96.91,23,Fully Paid,Northeast
8600.0,36,24.11,296.48,E,E3,6,OWN,112000.0,debt_consolidation,21.33,0,5,0,12969.91,89.19,11,Fully Paid,West
26600.0,60,7.67,477.34,B,B3,9,MORTGAGE,116400.0,debt_consolidation,11.21,0,5,0,45013.85,60.35,13,Fully Paid,South
34300.0,60,27.94,731.39,E,E3,5,RENT,52000.0,debt_consolidation,21.68,0,10,0,22348.92,50.29,11,Fully Paid,South
10900.0,36,27.38,385.68,A,A4,2,MORTGAGE,32700.0,debt_consolidation,28.31,0,12,0,3687.27,88.37,16,Fully Paid,Midwest
13800.0,36,27.72,489.59,C,C3,8,OWN,19100.0,major_purchase,29.38,0,2,0,32341.84,29.84,3,Fully Paid,South
21900.0,36,23.49,751.23,B,B4,9,MORTGAGE,26000.0,debt_consolidation,6.59,1,14,0,47781.68,22.35,25,Fully Paid,Midwest
9300.0,36,7.67,278.15,A,A5,0,MORTGAGE,27300.0,credit_card,30.02,0,22,0,23170.38,41.0,30,Fully Paid,Midwest
32600.0,36,15.95,1049.99,A,A5,8,OWN,107900.0,debt_consolidation,26.91,1,10,0,31214.39,5.32,18,Fully Paid,West
31200.0,36,8.29,938.51,D,D4,2,OWN,57400.0,credit_card,0.48,2,19,0,45970.9,30.2,19,Fully Paid,West
6700.0,60,29.69,144.82,B,B1,8,MORTGAGE,65800.0,major_purchase,2.35,0,8,0,20954.97,8.37,18,Fully Paid,Northeast
19100.0,36,13.33,601.28,D,D1,9,MORTGAGE,17900.0,other,25.85,1,15,0,33229.34,5.27,21,Fully Paid,West
31200.0,36,19.63,1036.79,A,A5,0,MORTGAGE,29800.0,other,15.35,0,18,1,22035.21,55.13,32,Fully Paid,Northeast
14200.0,36,24.48,491.0,B,B5,7,MORTGAGE,84400.0,debt_consolidation,5.84,1,19,0,48106.55,70.82,29,Fully Paid,Northeast
25700.0,60,28.02,548.35,C,C1,5,RENT,62500.0,other,1.78,0,2,0,25190.08,53.67,15,Fully Paid,Northeast
3000.0,36,23.89,103.24,E,E1,8,RENT,50300.0,debt_consolidation,6.38,1,10,0,44282.64,7.06,10,Fully Paid,Northeast
24700.0,60,21.86,501.66,B,B4,3,RENT,71900.0,debt_consolidation,38.3,1,11,0,25359.92,39.5,17,Fully Paid,Midwest
7000.0,60,16.65,136.09,D,D1,4,MORTGAGE,122700.0,major_purchase,29.1,1,17,0,33419.3,11.1,24,Fully Paid,Northeast
33400.0,60,20.14,668.78,E,E2,5,RENT,48500.0,debt_consolidation,21.11,0,12,0,19307.07,65.01,12,Charged Off,Northeast
14900.0,60,7.35,266.59,C,C1,8,MORTGAGE,56100.0,debt_consolidation,37.66,0,22,0,45877.75,82.64,24,Fully Paid,Northeast
12000.0,36,27.1,423.67,B,B1,5,MORTGAGE,59700.0,other,24.76,0,5,0,32347.11,11.67,14,Fully Paid,Midwest
33800.0,36,18.59,1113.43,A,A2,8,MORTGAGE,179200.0,major_purchase,29.03,0,20,1,995.62,6.69,24,Charged Off,South
3000.0,36,6.0,88.33,E,E3,1,RENT,19000.0,debt_consolidation,11.31,0,9,0,782.06,40.6,18,Fully Paid,South
16500.0,36,28.0,586.67,A,A2,3,RENT,76200.0,major_purchase,23.56,1,4,0,33808.88,30.35,10,Fully Paid,Northeast
15400.0,36,17.23,501.48,E,E5,2,MORTGAGE,51200.0,small_business,5.74,0,23,1,5713.44,26.07,27,Fully Paid,South
12100.0,36,26.71,425.89,C,C5,3,OWN,71900.0,other,16.18,0,5,0,35808.22,21.14,19,Fully Paid,West
36600.0,36,26.42,1285.27,F,F5,0,MORTGAGE,39000.0,credit_card,1.33,1,9,0,16100.84,31.69,11,Charged Off,West
30300.0,60,25.39,633.22,E,E3,1,MORTGAGE,52900.0,home_improvement,8.67,0,24,0,26945.98,96.54,31,Fully Paid,West
3500.0,36,6.54,103.58,G,G3,3,OWN,77300.0,major_purchase,2.99,0,13,0,8719.98,85.77,18,Charged Off,West
28900.0,36,11.18,892.53,B,B5,9,RENT,256900.0,home_improvement,15.51,0,6,0,12311.09,60.14,19,Charged Off,Midwest
21600.0,60,26.89,456.8,D,D1,3,OWN,81100.0,credit_card,33.72,0,4,1,21845.89,80.05,4,Charged Off,Northeast
36100.0,36,27.47,1278.24,C,C4,4,MORTGAGE,35500.0,credit_card,15.12,0,6,0,33273.88,1.47,12,Fully Paid,Midwest
13200.0,60,16.45,256.19,C,C4,8,RENT,43800.0,credit_card,33.27,0,5,0,7786.58,11.15,13,Charged Off,Midwest
23400.0,60,16.0,452.4,D,D3,0,MORTGAGE,43200.0,other,26.26,1,12,1,14064.16,29.25,12,Fully Paid,Northeast
20500.0,36,9.38,622.86,E,E3,7,MORTGAGE,22100.0,debt_consolidation,20.38,0,22,0,10348.12,64.39,28,Fully Paid,Midwest
20100.0,36,29.21,721.42,G,G4,2,RENT,45900.0,debt_consolidation,9.48,0,17,0,43133.72,88.34,18,Fully Paid,Northeast
18800.0,36,10.33,576.17,D,D1,8,MORTGAGE,78200.0,major_purchase,36.89,0,22,0,32400.32,23.11,22,Charged Off,Midwest
9000.0,60,9.77,164.65,C,C1,10,MORTGAGE,28600.0,debt_consolidation,2.17,0,19,0,23424.79,13.92,31,Fully Paid,South
30500.0,36,21.52,1029.54,C,C3,7,MORTGAGE,91500.0,credit_card,27.56,0,7,0,47347.15,84.79,7,Fully Paid,South
18600.0,36,11.07,573.86,D,D1,7,RENT,69100.0,debt_consolidation,24.85,0,17,0,36791.31,40.91,19,Fully Paid,West
38400.0,60,28.47,822.21,B,B4,8,RENT,37500.0,credit_card,17.64,0,2,0,46611.31,69.95,2,Charged Off,South
11200.0,36,5.27,327.51,A,A3,3,RENT,50500.0,other,9.61,0,20,0,29879.65,54.8,29,Fully Paid,West
27600.0,60,5.14,483.64,B,B2,4,RENT,120500.0,home_improvement,17.23,0,21,0,6902.85,17.59,22,Fully Paid,West
37700.0,60,17.62,739.05,B,B3,6,RENT,78200.0,debt_consolidation,34.91,0,17,0,33771.36,70.06,23,Fully Paid,West
26900.0,60,17.2,525.45,B,B5,1,MORTGAGE,54400.0,other,33.47,0,11,0,10074.56,42.08,18,Fully Paid,Midwest
35000.0,60,9.08,636.3,B,B1,6,OWN,48100.0,debt_consolidation,37.66,0,15,1,17298.43,28.77,17,Fully Paid,Northeast
33300.0,36,17.36,1085.58,A,A1,2,MORTGAGE,56300.0,debt_consolidation,12.31,0,19,0,25480.9,90.27,25,Fully Paid,South
15000.0,60,15.29,288.23,A,A4,5,MORTGAGE,41900.0,credit_card,15.48,0,14,0,7868.3,0.6,25,Fully Paid,Northeast
24400.0,36,27.26,862.54,G,G3,5,RENT,18900.0,other,0.75,0,14,1,1039.07,40.49,20,Fully Paid,South
7100.0,36,5.23,207.54,C,C4,5,OWN,150400.0,debt_consolidation,37.72,1,16,0,16354.3,30.05,25,Fully Paid,South
21900.0,36,29.41,787.24,B,B3,9,MORTGAGE,58600.0,home_improvement,13.18,0,5,0,41215.79,5.45,8,Fully Paid,Midwest
10000.0,60,20.61,201.02,D,D3,1,MORTGAGE,66100.0,debt_consolidation,16.17,0,19,0,769.0,8.04,29,Fully Paid,South
30000.0,60,8.8,544.0,B,B2,8,RENT,52600.0,debt_consolidation,36.31,0,16,0,5471.7,17.23,16,Charged Off,Northeast
21600.0,60,6.17,382.21,F,F1,7,MORTGAGE,37500.0,other,21.06,0,7,0,40342.74,50.5,20,Fully Paid,Northeast
17000.0,36,18.45,559.35,E,E5,6,RENT,49400.0,credit_card,22.65,0,11,0,15292.59,28.26,14,Charged Off,South
11500.0,60,10.87,212.5,A,A5,10,MORTGAGE,24400.0,major_purchase,7.05,0,16,0,46910.68,83.79,26,Fully Paid,Northeast
39900.0,60,12.53,748.32,C,C1,8,OWN,169200.0,debt_consolidation,19.95,1,2,1,19012.21,24.0,13,Fully Paid,West
3800.0,36,11.13,117.3,E,E4,3,RENT,29200.0,major_purchase,36.73,0,6,0,39835.2,72.02,17,Fully Paid,Northeast
2700.0,36,21.25,90.94,F,F5,1,RENT,32300.0,major_purchase,22.35,0,10,0,12939.49,21.04,24,Charged Off,West
9500.0,36,18.84,313.61,C,C2,3,MORTGAGE,43500.0,debt_consolidation,10.2,0,24,1,3091.56,4.26,24,Fully Paid,West
38900.0,36,6.95,1155.65,C,C2,9,MORTGAGE,103200.0,credit_card,1.25,1,15,0,44077.72,26.46,28,Fully Paid,Northeast
39200.0,36,18.16,1286.63,A,A2,10,OWN,54600.0,other,13.45,0,12,0,46364.82,83.76,21,Fully Paid,West
26500.0,36,24.78,918.52,G,G5,2,RENT,29200.0,small_business,22.9,0,7,0,35404.98,8.23,10,Charged Off,Northeast
35300.0,36,7.03,1049.49,B,B2,1,RENT,101400.0,debt_consolidation,1.7,0,17,0,38503.39,34.45,21,Fully Paid,Northeast
9300.0,36,27.24,328.7,F,F2,1,RENT,78100.0,home_improvement,24.39,1,24,0,356.38,0.8,32,Charged Off,South
38900.0,36,19.46,1290.83,D,D4,7,OWN,70900.0,major_purchase,20.94,0,10,0,37691.18,63.02,16,Fully Paid,Northeast
6600.0,36,28.77,236.08,C,C1,4,RENT,77500.0,debt_consolidation,31.34,0,4,0,23609.82,94.28,16,Fully Paid,Northeast
4900.0,60,8.7,88.77,C,C5,5,RENT,179400.0,credit_card,1.16,0,9,0,22639.52,38.44,17,Fully Paid,South
5400.0,36,29.84,194.76,B,B1,7,OWN,161500.0,other,31.23,0,18,0,27003.5,57.69,26,Fully Paid,Midwest
23400.0,36,21.11,787.22,A,A2,6,MORTGAGE,38400.0,other,20.84,1,23,0,13560.51,45.23,36,Fully Paid,Northeast
31500.0,36,19.19,1042.91,B,B4,6,MORTGAGE,122000.0,small_business,14.82,0,10,0,34814.43,97.33,17,Fully Paid,Midwest
15300.0,36,17.88,500.99,B,B1,6,MORTGAGE,65600.0,debt_consolidation,38.62,0,18,0,14779.44,73.6,19,Fully Paid,Midwest
39100.0,60,5.59,688.09,D,D3,10,MORTGAGE,69500.0,other,6.4,0,6,0,27930.33,4.42,10,Fully Paid,South
17900.0,36,28.49,638.88,B,B5,10,RENT,23200.0,credit_card,21.65,0,12,0,6846.36,10.87,15,Fully Paid,Midwest
6900.0,36,21.1,232.11,A,A2,6,OWN,49800.0,debt_consolidation,12.84,0,7,0,33753.78,47.05,7,Fully Paid,Midwest
19200.0,60,7.29,343.33,G,G2,7,MORTGAGE,36100.0,home_improvement,21.1,0,23,0,9480.64,63.17,28,Fully Paid,West
27500.0,36,5.52,806.06,E,E3,0,MORTGAGE,82000.0,small_business,22.09,1,15,0,8520.7,29.04,19,Fully Paid,Midwest
33500.0,36,6.27,988.9,F,F2,2,OWN,92600.0,debt_consolidation,3.58,1,4,0,1214.16,67.46,16,Charged Off,South
18900.0,36,20.23,631.21,G,G1,0,OWN,19200.0,other,26.45,0,18,0,6089.29,57.65,27,Charged Off,Northeast
24200.0,36,20.35,809.02,A,A2,7,MORTGAGE,53600.0,other,25.38,0,5,0,11628.51,43.51,17,Charged Off,West
11400.0,60,17.49,223.23,B,B1,1,MORTGAGE,94900.0,debt_consolidation,30.78,0,9,0,11115.47,58.23,20,Fully Paid,South
26200.0,36,12.67,819.99,D,D1,6,MORTGAGE,49300.0,other,3.63,0,7,0,16383.57,91.65,19,Fully Paid,South
39500.0,60,18.29,778.74,D,D5,5,MORTGAGE,78000.0,other,11.89,0,12,0,2720.82,24.32,21,Charged Off,West
2900.0,60,17.91,56.99,A,A5,10,RENT,64600.0,debt_consolidation,26.0,0,2,0,46759.9,79.12,8,Fully Paid,West
35600.0,36,5.49,1043.18,E,E5,0,OWN,64300.0,debt_consolidation,5.47,0,16,1,5958.79,1.2,16,Fully Paid,South
22900.0,36,12.06,712.83,B,B5,5,MORTGAGE,47300.0,debt_consolidation,27.1,1,17,0,35098.19,8.48,21,Charged Off,Northeast
10800.0,36,6.33,318.99,B,B3,8,RENT,29500.0,debt_consolidation,2.36,0,3,0,26753.66,94.97,15,Fully Paid,Midwest
38200.0,36,27.5,1352.92,C,C3,2,RENT,30900.0,major_purchase,13.4,0,14,0,27639.44,69.77,16,Fully Paid,Northeast
19900.0,36,23.13,680.64,C,C4,6,MORTGAGE,77200.0,debt_consolidation,33.87,0,13,0,5275.84,63.33,16,Charged Off,Midwest
13900.0,36,29.9,501.56,C,C1,3,RENT,54700.0,other,30.97,1,15,1,12160.75,33.41,28,Fully Paid,Northeast
8100.0,36,12.55,253.24,A,A4,0,MORTGAGE,50600.0,other,25.79,0,2,0,38994.06,18.43,5,Charged Off,West
10500.0,60,26.96,222.18,E,E3,6,RENT,43800.0,debt_consolidation,34.82,0,12,0,23184.32,37.99,25,Fully Paid,West
33500.0,36,20.08,1117.41,B,B4,0,MORTGAGE,46500.0,credit_card,28.37,0,5,1,22853.39,59.84,18,Fully Paid,West
25000.0,36,16.33,807.85,A,A1,10,MORTGAGE,91400.0,credit_card,20.78,0,14,0,27295.59,63.44,25,Fully Paid,South
36600.0,60,10.56,674.42,E,E5,3,OWN,45800.0,credit_card,39.19,0,21,0,21690.29,16.96,26,Charged Off,South
10000.0,36,23.46,342.94,F,F2,8,RENT,27700.0,debt_consolidation,27.79,0,7,0,40306.8,44.55,19,Charged Off,Midwest
5700.0,36,27.6,202.03,E,E3,4,RENT,78600.0,debt_consolidation,24.05,0,6,0,37435.26,56.68,17,Fully Paid,West
1200.0,36,10.88,36.96,E,E1,6,RENT,48900.0,debt_consolidation,16.35,1,5,0,15850.21,96.0,8,Fully Paid,South
20800.0,36,9.38,631.97,D,D2,6,OWN,55000.0,debt_consolidation,36.1,0,14,0,40604.06,54.94,20,Charged Off,South
39900.0,36,22.41,1356.71,C,C3,2,RENT,121000.0,other,11.83,1,19,0,25930.32,58.06,21,Fully Paid,West
28100.0,36,29.42,1010.2,A,A1,10,MORTGAGE,53600.0,debt_consolidation,0.37,1,14,0,31386.84,76.52,21,Fully Paid,Northeast
13000.0,36,23.75,446.88,C,C3,7,MORTGAGE,62600.0,debt_consolidation,7.87,0,9,0,43308.79,41.89,10,Fully Paid,West
35200.0,60,12.11,657.71,B,B1,0,RENT,30000.0,credit_card,4.38,1,20,1,23799.66,38.39,21,Fully Paid,Midwest
31500.0,36,15.5,1010.62,B,B3,3,RENT,48500.0,debt_consolidation,12.76,0,16,0,37813.02,59.09,16,Fully Paid,West
1600.0,36,14.61,50.94,D,D3,9,RENT,73500.0,debt_consolidation,33.04,0,2,0,31404.37,78.33,15,Fully Paid,Northeast
32900.0,36,26.3,1154.24,C,C5,3,MORTGAGE,24900.0,credit_card,26.06,0,12,1,21337.25,63.76,25,Fully Paid,Northeast
12700.0,36,24.28,438.43,A,A1,1,RENT,59900.0,credit_card,6.76,0,17,0,39452.42,18.61,30,Fully Paid,West
6800.0,36,19.72,226.14,B,B4,5,RENT,57000.0,debt_consolidation,31.55,0,11,1,5257.96,39.77,16,Fully Paid,South
9800.0,60,11.87,182.72,D,D2,0,RENT,55300.0,credit_card,20.17,0,8,0,29061.01,51.26,18,Fully Paid,Northeast
19300.0,36,28.45,688.63,A,A3,2,MORTGAGE,91000.0,debt_consolidation,20.51,0,9,0,2320.54,52.37,22,Fully Paid,Midwest
17600.0,36,21.33,593.17,E,E5,8,MORTGAGE,64000.0,credit_card,14.48,0,24,0,7808.46,33.96,29,Charged Off,South
12300.0,36,29.26,441.64,C,C4,9,MORTGAGE,113400.0,home_improvement,34.58,0,21,1,29943.68,52.24,33,Fully Paid,Midwest
7700.0,36,19.5,255.6,C,C3,5,RENT,33000.0,debt_consolidation,12.73,0,17,0,15380.33,67.3,22,Fully Paid,Midwest
30700.0,36,25.53,1070.49,C,C1,1,RENT,58000.0,debt_consolidation,3.77,1,11,0,13123.75,46.8,24,Fully Paid,Midwest
39600.0,36,25.33,1378.63,E,E2,8,RENT,56500.0,major_purchase,12.11,0,5,0,47791.93,45.13,5,Charged Off,Midwest
31300.0,36,13.43,986.21,B,B4,1,MORTGAGE,31700.0,other,28.61,1,13,0,18295.28,80.16,16,Fully Paid,Northeast
12500.0,36,29.1,448.26,D,D2,6,RENT,87400.0,small_business,26.3,1,22,0,28237.07,75.68,22,Fully Paid,South
10500.0,36,5.55,307.85,C,C3,0,OWN,173200.0,credit_card,7.52,0,17,0,26712.44,42.24,18,Fully Paid,West
9500.0,36,24.22,327.8,B,B5,4,RENT,53700.0,credit_card,4.47,0,19,0,3100.92,99.6,26,Charged Off,Northeast
6300.0,36,29.14,225.99,E,E4,6,MORTGAGE,69700.0,credit_card,26.43,2,17,0,33713.79,6.65,24,Charged Off,South
22500.0,60,13.47,425.51,E,E3,2,RENT,56500.0,small_business,27.06,0,14,0,25645.07,32.6,14,Fully Paid,West
24600.0,36,21.2,828.2,D,D3,3,OWN,37900.0,small_business,14.65,0,17,0,19070.86,3.68,17,Fully Paid,West
28500.0,60,19.06,565.54,E,E2,4,MORTGAGE,21800.0,debt_consolidation,33.71,0,16,1,3300.84,83.95,29,Charged Off,Northeast
27500.0,36,24.04,947.53,E,E5,2,OWN,38100.0,debt_consolidation,39.13,0,9,0,14650.7,75.56,19,Charged Off,South
12400.0,36,26.65,436.24,D,D4,5,MORTGAGE,27000.0,debt_consolidation,8.23,1,16,0,44204.77,68.37,27,Fully Paid,Midwest
13900.0,36,20.08,463.64,E,E2,2,OWN,127000.0,debt_consolidation,23.08,0,22,0,8685.57,21.45,34,Fully Paid,Midwest
27600.0,36,25.4,961.4,D,D2,7,MORTGAGE,51100.0,other,0.21,0,22,0,10966.68,70.77,35,Charged Off,West
14600.0,36,12.81,457.51,D,D3,6,RENT,45600.0,debt_consolidation,28.52,0,8,1,10264.7,35.53,20,Fully Paid,Northeast
9300.0,36,10.71,286.0,C,C3,0,RENT,84500.0,debt_consolidation,16.57,0,21,0,44540.24,86.86,23,Fully Paid,Northeast
15600.0,60,15.77,301.0,D,D3,1,MORTGAGE,30900.0,small_business,7.73,0,20,0,34999.77,19.95,26,Fully Paid,Midwest
11600.0,36,21.94,392.92,A,A1,3,OWN,36900.0,debt_consolidation,30.09,0,23,0,44092.15,21.78,28,Fully Paid,Northeast
4400.0,36,9.68,134.05,E,E4,4,MORTGAGE,56100.0,debt_consolidation,32.43,1,15,0,45687.32,96.06,17,Charged Off,Northeast
33400.0,36,22.01,1131.98,E,E4,10,MORTGAGE,90600.0,debt_consolidation,4.45,0,7,0,46398.38,51.7,14,Fully Paid,South
34300.0,60,14.85,656.56,A,A5,9,MORTGAGE,69600.0,credit_card,1.64,0,14,1,24285.78,44.64,27,Fully Paid,South
9600.0,60,24.89,199.82,E,E1,10,RENT,61300.0,debt_consolidation,13.36,0,13,0,23811.19,35.17,26,Fully Paid,West
3500.0,36,5.92,102.98,A,A5,3,MORTGAGE,56300.0,credit_card,25.04,0,23,0,41446.14,83.12,30,Fully Paid,South
29800.0,60,21.7,604.44,B,B5,3,MORTGAGE,66200.0,debt_consolidation,31.74,0,8,1,16596.33,35.27,20,Fully Paid,Northeast
9200.0,36,21.25,309.86,D,D1,8,MORTGAGE,59900.0,credit_card,21.84,1,21,0,1110.56,35.62,26,Fully Paid,Midwest
16300.0,36,28.52,581.91,A,A1,3,RENT,32400.0,debt_consolidation,23.23,0,4,0,16577.39,12.33,4,Fully Paid,Midwest
3500.0,36,22.83,119.42,E,E1,3,MORTGAGE,55400.0,small_business,31.99,0,4,0,35817.52,52.07,15,Fully Paid,Midwest
9800.0,60,24.91,204.02,E,E5,3,RENT,31700.0,debt_consolidation,21.15,1,4,0,6180.7,92.37,11,Fully Paid,West
31900.0,60,27.61,678.46,C,C4,1,RENT,56400.0,debt_consolidation,24.45,1,16,0,39239.04,95.75,20,Fully Paid,Midwest
32400.0,60,21.88,658.15,A,A5,7,MORTGAGE,42600.0,credit_card,20.65,0,17,0,40773.72,99.55,25,Fully Paid,South
9100.0,36,12.25,283.74,B,B2,3,MORTGAGE,192900.0,debt_consolidation,35.22,0,14,0,5045.62,47.31,22,Fully Paid,South
14100.0,60,26.74,297.84,C,C3,4,OWN,53100.0,debt_consolidation,9.42,0,17,0,4891.96,77.49,18,Fully Paid,Northeast
6200.0,36,23.69,213.02,G,G4,7,MORTGAGE,26800.0,major_purchase,10.56,0,3,0,9940.61,55.25,13,Fully Paid,West
3900.0,36,15.61,125.24,D,D2,3,RENT,50700.0,debt_consolidation,5.12,0,7,0,17819.47,54.8,20,Fully Paid,Midwest
39700.0,36,22.76,1353.77,B,B4,4,RENT,70200.0,home_improvement,32.78,0,18,0,26636.68,80.62,32,Fully Paid,Northeast
26600.0,36,26.69,936.1,D,D2,4,MORTGAGE,125100.0,debt_consolidation,16.47,1,7,0,24277.1,83.54,20,Fully Paid,Midwest
22100.0,36,29.39,794.31,C,C3,5,RENT,40300.0,major_purchase,13.92,0,23,0,42658.42,1.98,35,Fully Paid,Midwest
30900.0,36,28.81,1105.62,D,D3,6,MORTGAGE,24600.0,other,39.25,0,19,1,7111.6,94.28,31,Fully Paid,Northeast
33800.0,60,13.13,637.3,A,A4,2,MORTGAGE,81500.0,debt_consolidation,37.07,0,24,0,34878.64,82.3,29,Fully Paid,South
32500.0,36,15.54,1043.07,D,D5,9,RENT,27200.0,credit_card,38.88,2,13,0,27444.33,72.11,16,Fully Paid,Northeast
1600.0,36,7.74,47.88,C,C2,10,MORTGAGE,43600.0,debt_consolidation,5.69,1,20,0,36841.24,85.2,26,Fully Paid,West
8300.0,60,11.19,153.81,G,G3,2,RENT,47600.0,small_business,35.65,0,13,0,17097.32,53.73,26,Charged Off,Northeast
26500.0,36,27.06,935.3,B,B2,8,OWN,52300.0,debt_consolidation,13.15,0,23,1,23568.98,77.33,28,Fully Paid,Midwest
15700.0,36,14.02,497.25,D,D1,0,MORTGAGE,76500.0,home_improvement,0.51,0,18,0,1429.65,59.86,24,Fully Paid,South
39300.0,36,20.51,1315.57,F,F5,9,MORTGAGE,38500.0,home_improvement,15.65,1,3,0,5805.3,54.29,7,Fully Paid,Northeast
27000.0,36,21.65,912.37,A,A5,7,RENT,47200.0,debt_consolidation,20.37,0,15,0,18749.78,21.16,23,Fully Paid,South
38300.0,36,24.55,1325.07,F,F4,9,RENT,53800.0,debt_consolidation,4.33,1,14,0,24062.74,84.74,14,Charged Off,South
8900.0,36,9.57,270.88,D,D2,2,RENT,58400.0,debt_consolidation,21.51,0,7,0,4287.34,88.39,18,Fully Paid,South
34700.0,60,12.62,651.32,A,A2,4,OWN,56900.0,major_purchase,32.78,0,18,0,41249.41,97.12,24,Fully Paid,South
13500.0,36,16.21,435.79,B,B3,2,MORTGAGE,67400.0,debt_consolidation,15.11,2,10,0,47302.62,12.04,18,Fully Paid,Midwest
39600.0,36,14.12,1255.32,D,D1,9,RENT,82600.0,credit_card,14.11,1,9,0,29819.87,29.16,16,Fully Paid,Midwest
7100.0,36,29.57,255.54,A,A1,0,OWN,65900.0,debt_consolidation,13.55,0,15,0,2670.1,68.54,15,Fully Paid,Midwest
21100.0,36,25.87,737.74,C,C2,9,MORTGAGE,68000.0,debt_consolidation,36.92,0,3,0,36941.31,85.52,10,Fully Paid,Midwest
31900.0,36,16.99,1036.66,B,B3,4,OWN,24600.0,credit_card,1.95,0,11,0,10858.19,75.13,23,Fully Paid,Midwest
17900.0,60,26.98,378.82,D,D5,7,RENT,55600.0,small_business,17.8,0,22,0,36682.58,45.56,36,Fully Paid,West
19300.0,60,13.69,365.7,A,A4,4,MORTGAGE,68900.0,credit_card,10.58,1,4,0,21717.3,72.6,6,Fully Paid,West
39500.0,36,24.65,1367.69,E,E5,3,RENT,78000.0,major_purchase,35.75,0,18,0,2671.33,7.21,30,Fully Paid,Northeast
17600.0,60,10.59,324.4,G,G1,8,MORTGAGE,38300.0,credit_card,3.84,1,8,0,13937.45,66.25,17,Charged Off,South
24600.0,36,24.31,849.45,G,G1,0,RENT,39000.0,home_improvement,16.46,0,13,0,21351.5,0.8,24,Fully Paid,West
3100.0,36,16.41,100.24,D,D2,4,OWN,40700.0,debt_consolidation,16.27,0,8,0,36812.52,4.75,13,Fully Paid,Midwest
33800.0,36,7.69,1011.09,A,A1,0,OWN,70800.0,other,35.54,1,4,0,6653.46,75.73,12,Fully Paid,South
26300.0,36,11.83,816.98,D,D3,5,OWN,90800.0,credit_card,8.62,0,7,1,14350.08,47.76,13,Fully Paid,Midwest
16800.0,60,15.06,322.17,A,A5,9,OWN,44200.0,credit_card,25.8,1,4,0,4176.86,5.96,16,Fully Paid,Midwest
1600.0,36,23.73,54.99,A,A2,8,RENT,85300.0,credit_card,5.38,0,5,1,30790.35,48.19,9,Fully Paid,Northeast
24100.0,36,6.82,715.1,B,B3,10,OWN,57600.0,debt_consolidation,38.16,0,17,0,23713.57,6.28,24,Fully Paid,South
1500.0,60,21.49,30.37,C,C3,1,OWN,50900.0,debt_consolidation,23.72,1,16,1,46450.25,34.6,23,Fully Paid,Midwest
1000.0,60,22.9,20.48,D,D4,3,RENT,48700.0,debt_consolidation,25.05,0,2,0,37027.65,15.74,7,Fully Paid,Midwest
25000.0,60,21.35,505.63,D,D1,7,MORTGAGE,78700.0,home_improvement,17.35,0,3,1,38894.37,21.94,8,Fully Paid,Northeast
8400.0,36,24.02,289.38,C,C1,2,MORTGAGE,63800.0,debt_consolidation,13.69,2,2,0,8219.63,19.56,10,Fully Paid,South
8500.0,36,9.45,258.42,B,B3,6,MORTGAGE,169000.0,debt_consolidation,8.51,1,19,1,13331.13,37.18,22,Fully Paid,West
26500.0,36,19.68,880.98,G,G2,6,MORTGAGE,35400.0,other,24.16,0,5,0,25656.98,10.79,17,Charged Off,South
3100.0,36,28.53,110.68,C,C3,1,RENT,70200.0,credit_card,38.18,1,7,0,674.23,52.77,9,Fully Paid,Midwest
13200.0,60,20.27,264.59,C,C3,9,MORTGAGE,41600.0,debt_consolidation,14.39,0,12,0,43506.41,40.71,19,Fully Paid,West
6800.0,60,20.28,136.32,A,A1,3,MORTGAGE,35100.0,major_purchase,35.33,0,13,0,38887.02,83.99,26,Fully Paid,Northeast
23600.0,60,23.41,485.41,E,E5,0,RENT,53900.0,debt_consolidation,5.95,0,9,0,2896.98,82.59,17,Fully Paid,Northeast
26800.0,36,13.33,843.68,D,D1,7,OWN,58000.0,credit_card,37.45,0,15,0,42451.7,82.43,18,Fully Paid,Midwest
29100.0,60,22.51,594.17,B,B4,9,RENT,233100.0,credit_card,14.02,0,11,0,224.41,46.96,12,Fully Paid,South
11000.0,60,27.91,234.5,A,A4,9,RENT,49400.0,debt_consolidation,15.19,0,24,0,5710.97,29.08,29,Fully Paid,Midwest
4500.0,36,5.27,131.59,D,D2,8,RENT,30800.0,debt_consolidation,18.51,0,5,0,2768.23,41.54,13,Fully Paid,South
4100.0,36,26.75,144.35,D,D5,0,MORTGAGE,62100.0,debt_consolidation,28.73,0,16,0,23958.0,68.74,17,Fully Paid,Northeast
17600.0,60,10.47,324.05,B,B3,10,MORTGAGE,19200.0,debt_consolidation,28.79,0,17,0,39202.49,52.98,25,Charged Off,Midwest
37900.0,36,16.4,1225.43,F,F5,6,RENT,51700.0,debt_consolidation,19.18,1,15,0,8926.96,62.43,19,Fully Paid,Midwest
9500.0,60,26.31,199.99,A,A1,0,MORTGAGE,54600.0,other,20.93,0,16,0,38574.32,69.37,19,Fully Paid,West
11000.0,36,25.6,383.78,C,C1,0,RENT,80600.0,debt_consolidation,1.2,1,24,1,9246.24,91.84,34,Fully Paid,Midwest
4900.0,60,27.3,103.96,F,F3,8,MORTGAGE,88200.0,small_business,12.17,0,18,0,49526.82,94.4,25,Fully Paid,South
24600.0,60,28.51,526.89,C,C3,9,MORTGAGE,42100.0,credit_card,13.84,0,13,0,42673.73,84.05,14,Fully Paid,West
27500.0,36,16.18,887.49,D,D4,9,MORTGAGE,50200.0,home_improvement,22.35,0,14,2,36859.34,6.51,20,Fully Paid,South
26100.0,60,21.41,528.13,B,B1,5,MORTGAGE,36900.0,debt_consolidation,22.33,0,15,0,29584.42,97.93,24,Fully Paid,West
34600.0,36,14.76,1102.97,B,B1,0,OWN,30800.0,debt_consolidation,28.4,0,12,0,12127.41,70.36,18,Charged Off,Northeast
20000.0,36,13.77,632.06,G,G4,6,OWN,63300.0,credit_card,28.68,0,12,0,5963.38,69.34,12,Charged Off,South
6200.0,36,15.79,199.42,C,C2,2,MORTGAGE,28700.0,small_business,9.41,0,7,1,23015.34,2.31,16,Fully Paid,South
12300.0,36,23.58,422.23,E,E2,9,MORTGAGE,44000.0,debt_consolidation,30.81,0,2,0,20133.01,47.94,16,Fully Paid,Midwest
26800.0,60,17.54,525.01,B,B4,3,MORTGAGE,32900.0,credit_card,0.78,1,21,0,33724.05,62.65,28,Fully Paid,Northeast
24900.0,60,25.35,520.2,B,B1,3,MORTGAGE,71300.0,debt_consolidation,28.65,0,9,0,8504.49,27.85,9,Fully Paid,West
21700.0,36,23.63,745.21,A,A1,7,MORTGAGE,133300.0,credit_card,4.08,0,9,0,28106.42,8.32,17,Fully Paid,West
27600.0,36,5.51,808.91,D,D2,0,MORTGAGE,28300.0,credit_card,29.19,0,19,0,34667.51,53.24,20,Fully Paid,Northeast
25900.0,36,20.76,868.8,B,B3,7,MORTGAGE,21500.0,home_improvement,21.08,1,23,0,14948.31,44.63,32,Fully Paid,Midwest
35400.0,36,15.91,1139.78,E,E3,8,RENT,50900.0,debt_consolidation,17.49,0,14,0,39000.71,4.41,20,Fully Paid,South
23900.0,60,16.42,463.74,C,C4,10,OWN,54600.0,debt_consolidation,27.63,0,15,0,21592.14,51.94,19,Fully Paid,South
31400.0,36,25.46,1094.29,G,G3,6,MORTGAGE,60400.0,credit_card,1.45,1,16,0,8131.55,10.77,28,Charged Off,Midwest
10700.0,36,18.69,352.77,B,B2,0,OWN,43300.0,other,8.94,0,5,0,9738.5,42.46,18,Fully Paid,West
27400.0,36,27.14,967.68,E,E5,6,MORTGAGE,49000.0,debt_consolidation,24.66,0,20,0,13944.92,27.04,32,Fully Paid,Midwest
36200.0,36,22.82,1235.02,D,D4,5,RENT,65100.0,debt_consolidation,33.89,0,14,0,7906.31,97.05,25,Charged Off,South
16000.0,60,18.82,316.85,D,D1,4,RENT,91100.0,debt_consolidation,15.24,0,10,1,28145.98,3.47,20,Fully Paid,Northeast
31400.0,36,23.86,1080.33,E,E5,4,MORTGAGE,20400.0,debt_consolidation,10.35,0,17,0,47457.06,56.0,21,Fully Paid,West
29300.0,36,5.96,862.4,D,D2,0,RENT,45100.0,major_purchase,20.75,0,10,0,44803.65,15.19,14,Fully Paid,Midwest
3300.0,60,5.68,58.12,D,D1,5,RENT,60300.0,debt_consolidation,24.89,0,3,0,16187.7,31.93,11,Fully Paid,South
23700.0,60,7.08,422.97,A,A3,3,RENT,34200.0,home_improvement,16.8,0,22,1,43233.47,18.39,32,Fully Paid,West
6100.0,60,15.94,117.87,A,A4,0,MORTGAGE,128700.0,credit_card,35.07,0,11,0,47701.15,99.51,20,Fully Paid,Midwest
38700.0,60,10.89,715.24,F,F3,7,MORTGAGE,39400.0,credit_card,20.94,0,8,0,14708.36,3.24,19,Fully Paid,Northeast
32600.0,60,29.61,704.21,C,C4,7,MORTGAGE,53100.0,debt_consolidation,1.43,1,10,0,45264.24,54.14,11,Charged Off,West
5300.0,36,18.56,174.55,E,E2,10,RENT,71500.0,small_business,8.92,0,9,0,49871.45,60.8,17,Fully Paid,Northeast
5700.0,36,21.56,192.47,C,C2,3,MORTGAGE,40300.0,debt_consolidation,18.03,0,21,0,39883.59,77.22,32,Fully Paid,South
24200.0,36,11.97,752.69,A,A1,6,RENT,21500.0,home_improvement,27.91,0,20,0,19511.17,62.6,32,Fully Paid,West
14500.0,60,13.04,273.18,A,A4,2,RENT,43700.0,major_purchase,8.79,0,2,0,30427.08,23.13,8,Fully Paid,Northeast
2400.0,36,13.39,75.59,D,D5,7,OWN,90600.0,credit_card,39.05,0,2,0,18209.33,59.8,4,Fully Paid,Midwest
22100.0,36,22.47,751.83,C,C3,6,RENT,45800.0,debt_consolidation,12.74,1,21,0,49798.06,97.5,23,Fully Paid,Northeast
16100.0,36,16.84,522.53,B,B4,4,RENT,35500.0,other,21.3,0,9,0,3392.66,84.85,21,Fully Paid,South
4900.0,60,17.94,96.32,C,C5,4,RENT,86100.0,debt_consolidation,0.76,0,5,0,44654.02,45.35,6,Fully Paid,Midwest
32300.0,36,19.8,1074.87,A,A3,8,RENT,45900.0,other,35.4,0,23,0,3727.41,47.74,32,Fully Paid,Northeast
36700.0,36,24.22,1266.35,C,C2,5,MORTGAGE,42000.0,debt_consolidation,31.55,0,5,0,2109.89,13.29,17,Fully Paid,West
30500.0,36,7.26,908.73,B,B2,5,RENT,58400.0,debt_consolidation,7.82,1,16,0,46996.98,56.99,20,Fully Paid,Northeast
33100.0,60,24.42,686.38,E,E1,1,MORTGAGE,79600.0,debt_consolidation,37.33,0,3,0,43364.1,28.02,5,Fully Paid,West
9400.0,36,19.08,310.93,B,B2,10,MORTGAGE,178200.0,debt_consolidation,12.63,0,18,0,18078.09,10.81,19,Fully Paid,West
11300.0,36,21.73,382.1,C,C2,4,RENT,81900.0,debt_consolidation,27.69,0,9,0,47876.61,47.42,22,Fully Paid,Northeast
9100.0,36,13.19,286.12,A,A2,3,OWN,96800.0,debt_consolidation,32.76,0,17,0,43092.84,4.51,28,Fully Paid,South
30800.0,36,15.23,985.86,A,A4,9,MORTGAGE,42100.0,other,29.64,0,7,0,45099.14,12.01,10,Fully Paid,West
38000.0,36,10.78,1169.34,B,B1,2,MORTGAGE,32400.0,major_purchase,36.7,0,2,0,29755.77,21.9,10,Fully Paid,South
29000.0,36,29.48,1043.03,C,C4,8,MORTGAGE,55900.0,debt_consolidation,34.57,0,6,0,47916.43,99.06,6,Charged Off,West
35400.0,36,17.43,1154.73,C,C5,10,MORTGAGE,57200.0,debt_consolidation,39.78,1,20,0,40479.11,80.85,28,Charged Off,West
25900.0,60,29.9,560.74,B,B2,6,RENT,31600.0,home_improvement,7.3,1,19,0,46997.64,54.18,25,Fully Paid,Northeast
16100.0,36,17.24,524.32,D,D5,3,OWN,49600.0,debt_consolidation,12.19,0,4,0,14075.55,23.26,5,Fully Paid,West
17600.0,36,10.49,540.17,E,E5,8,MORTGAGE,66100.0,small_business,25.45,0,3,0,26604.88,51.89,14,Fully Paid,Midwest
3900.0,60,17.69,76.5,D,D4,8,MORTGAGE,64900.0,credit_card,29.32,0,3,0,43383.14,64.9,4,Charged Off,Northeast
2200.0,60,5.99,38.86,A,A2,6,MORTGAGE,69700.0,home_improvement,21.38,0,2,0,28986.45,0.46,6,Fully Paid,Midwest
28100.0,36,27.62,996.14,C,C4,4,MORTGAGE,62700.0,credit_card,2.96,2,4,0,40054.92,98.79,6,Fully Paid,Midwest
18100.0,36,25.46,630.78,A,A3,8,RENT,42000.0,credit_card,33.66,0,20,0,48654.85,62.68,33,Fully Paid,West
22500.0,60,23.15,461.81,B,B3,6,MORTGAGE,41900.0,debt_consolidation,38.43,1,5,1,40228.14,98.82,5,Fully Paid,South
22700.0,60,20.25,454.95,G,G2,8,MORTGAGE,29700.0,debt_consolidation,16.22,1,4,0,15767.98,46.91,11,Fully Paid,Northeast
11800.0,36,19.5,391.69,A,A5,10,RENT,132200.0,debt_consolidation,8.99,1,9,0,5934.97,62.35,13,Fully Paid,South
19600.0,36,29.92,707.34,C,C4,2,RENT,54500.0,credit_card,0.77,0,13,0,13637.34,46.15,17,Fully Paid,Northeast
19400.0,36,11.95,603.29,C,C5,10,OWN,48400.0,credit_card,9.49,0,5,0,33139.56,0.95,10,Fully Paid,Midwest
16100.0,36,24.49,556.75,D,D3,8,MORTGAGE,34100.0,major_purchase,28.0,1,15,0,547.22,84.99,25,Fully Paid,West
33000.0,36,19.54,1095.78,C,C4,0,RENT,235100.0,debt_consolidation,36.46,0,11,0,9485.94,44.9,18,Charged Off,West
18600.0,36,29.4,668.57,A,A4,4,RENT,31700.0,debt_consolidation,3.74,0,18,0,16345.13,47.09,21,Fully Paid,West
24500.0,36,25.7,855.46,B,B4,1,OWN,43700.0,debt_consolidation,22.13,0,19,1,43761.25,36.0,30,Fully Paid,South
35900.0,36,29.96,1295.99,C,C2,0,RENT,66700.0,credit_card,27.82,0,8,0,2550.21,43.27,22,Fully Paid,West
34800.0,36,19.71,1157.2,A,A2,2,RENT,73100.0,small_business,11.06,0,14,0,2496.81,72.56,26,Fully Paid,West
35700.0,36,10.11,1091.92,B,B2,6,MORTGAGE,87500.0,major_purchase,22.8,0,23,0,27589.13,70.06,25,Fully Paid,South
11500.0,36,17.59,375.63,A,A4,2,MORTGAGE,133800.0,other,28.61,0,14,0,8888.31,80.84,25,Fully Paid,South
2400.0,36,22.78,81.85,A,A5,9,MORTGAGE,69800.0,other,33.51,0,23,0,12110.76,97.47,29,Fully Paid,West
11200.0,60,24.36,232.14,B,B1,9,MORTGAGE,32000.0,major_purchase,18.1,0,3,0,9211.81,39.12,3,Fully Paid,West
11900.0,36,5.01,347.12,A,A5,10,MORTGAGE,47600.0,debt_consolidation,29.91,0,9,0,29080.36,33.9,10,Fully Paid,Midwest
36500.0,60,17.63,715.58,C,C3,8,MORTGAGE,63200.0,debt_consolidation,12.07,0,22,0,2777.39,49.35,24,Fully Paid,West
26300.0,36,10.88,810.04,D,D3,2,RENT,152400.0,debt_consolidation,8.52,0,23,0,47000.0,15.44,36,Charged Off,South
4200.0,36,26.87,148.01,E,E2,10,RENT,26900.0,other,7.49,0,21,0,6156.92,75.8,35,Fully Paid,Northeast
6300.0,36,8.82,190.44,B,B1,5,RENT,98800.0,debt_consolidation,14.35,1,12,0,47579.78,58.11,16,Fully Paid,West
7100.0,60,21.66,143.96,A,A2,1,MORTGAGE,59300.0,debt_consolidation,1.44,1,3,0,38906.45,21.13,12,Fully Paid,Northeast
25600.0,36,11.65,793.96,A,A5,7,MORTGAGE,82400.0,other,11.32,0,13,0,41400.79,86.4,16,Fully Paid,West
29700.0,36,13.91,939.76,D,D2,9,MORTGAGE,51500.0,debt_consolidation,26.09,0,6,0,8640.41,61.91,17,Fully Paid,West
34500.0,36,28.51,1231.55,D,D3,4,MORTGAGE,35600.0,home_improvement,25.92,0,22,1,33482.35,3.4,35,Charged Off,Midwest
37700.0,60,11.01,697.51,A,A3,1,MORTGAGE,78900.0,major_purchase,2.94,0,17,0,40853.61,19.65,19,Fully Paid,West
8900.0,60,7.38,159.28,F,F2,6,MORTGAGE,75100.0,small_business,11.5,1,2,0,27901.78,89.11,11,Fully Paid,South
13100.0,36,6.73,388.38,A,A5,2,RENT,88100.0,major_purchase,22.78,2,13,0,27553.74,38.1,16,Fully Paid,West
10400.0,36,17.62,339.79,C,C4,4,MORTGAGE,53800.0,small_business,12.74,0,6,1,7970.67,98.44,16,Fully Paid,Northeast
15000.0,36,21.04,504.33,D,D5,10,MORTGAGE,40100.0,home_improvement,16.72,1,2,0,20711.62,52.98,11,Fully Paid,West
36700.0,36,13.18,1153.81,E,E2,8,MORTGAGE,24800.0,debt_consolidation,28.51,0,4,0,7527.0,20.79,10,Fully Paid,South
23400.0,36,22.26,794.69,D,D5,0,RENT,81600.0,home_improvement,0.37,0,5,0,48642.89,59.39,11,Fully Paid,West
29800.0,60,6.53,529.1,E,E3,1,MORTGAGE,67000.0,small_business,11.06,0,10,0,34242.5,10.24,14,Fully Paid,Northeast
20100.0,60,26.43,423.54,B,B1,4,OWN,33400.0,debt_consolidation,5.69,0,23,0,2421.1,80.75,27,Fully Paid,West
2100.0,36,25.41,73.16,E,E3,3,MORTGAGE,41400.0,debt_consolidation,5.1,1,18,0,23838.4,62.78,24,Fully Paid,Midwest
3500.0,36,29.64,126.04,A,A3,0,MORTGAGE,42900.0,debt_consolidation,38.36,2,13,0,31898.21,96.39,16,Fully Paid,West
22000.0,36,28.41,784.73,E,E4,6,RENT,25800.0,credit_card,15.06,0,20,0,4782.02,69.01,34,Fully Paid,Northeast
29000.0,36,13.9,917.53,C,C2,8,RENT,36000.0,debt_consolidation,21.08,0,4,0,33249.43,4.92,14,Charged Off,Northeast
9400.0,36,14.98,300.23,E,E4,0,MORTGAGE,30700.0,major_purchase,29.35,1,21,1,8865.26,47.64,21,Charged Off,Northeast
29200.0,36,23.65,1002.94,C,C4,7,MORTGAGE,44100.0,debt_consolidation,1.9,0,11,0,20393.97,53.13,14,Fully Paid,Midwest
32600.0,36,8.35,981.17,D,D2,8,MORTGAGE,37400.0,debt_consolidation,9.64,0,21,0,31277.7,91.68,29,Fully Paid,West
17100.0,36,12.85,536.04,C,C5,1,MORTGAGE,24000.0,debt_consolidation,33.29,1,9,0,18252.71,43.25,18,Fully Paid,Northeast
30100.0,60,7.96,541.6,D,D1,0,MORTGAGE,148900.0,credit_card,34.48,0,4,0,19044.21,59.35,14,Charged Off,Midwest
16800.0,36,16.37,543.06,A,A4,5,RENT,101300.0,debt_consolidation,14.92,0,12,1,42180.76,18.6,25,Fully Paid,Midwest
27500.0,36,18.8,907.5,A,A4,6,MORTGAGE,36700.0,debt_consolidation,14.99,0,16,0,15463.24,24.46,27,Fully Paid,Northeast
30800.0,36,10.28,943.51,B,B5,1,MORTGAGE,62100.0,other,30.28,0,21,0,32759.72,54.86,33,Fully Paid,South
39700.0,36,5.67,1165.31,A,A2,4,MORTGAGE,66800.0,small_business,11.8,1,13,0,42457.63,69.7,27,Fully Paid,West
14500.0,60,22.98,297.2,E,E3,4,RENT,98300.0,small_business,4.68,0,4,0,7632.46,43.55,13,Fully Paid,Northeast
17000.0,60,5.5,298.92,B,B5,6,RENT,36000.0,credit_card,10.3,1,8,0,2296.4,43.27,21,Fully Paid,West
7500.0,36,29.34,269.46,G,G3,10,RENT,93500.0,small_business,15.49,0,23,0,41276.7,25.6,37,Charged Off,Midwest
9000.0,60,10.54,165.81,B,B1,0,MORTGAGE,41200.0,major_purchase,2.09,1,2,0,27556.54,69.81,11,Fully Paid,West
28000.0,36,21.6,945.78,B,B4,9,OWN,27800.0,other,19.15,0,11,0,41385.06,0.55,12,Fully Paid,South
36800.0,60,15.87,710.67,E,E1,7,OWN,77800.0,debt_consolidation,29.6,0,18,0,10651.78,51.28,18,Fully Paid,West
16400.0,36,6.49,485.12,D,D3,4,RENT,103300.0,debt_consolidation,20.55,0,7,0,41631.61,0.36,15,Charged Off,Northeast
8000.0,36,16.8,259.56,C,C3,2,RENT,197600.0,debt_consolidation,2.88,0,20,0,4765.52,59.35,25,Fully Paid,Northeast
12100.0,36,17.92,396.34,C,C3,8,MORTGAGE,29700.0,other,17.61,0,13,0,44160.15,3.09,14,Fully Paid,Northeast
18700.0,60,26.37,393.85,D,D4,10,MORTGAGE,76800.0,credit_card,28.36,0,3,0,41126.68,94.01,9,Fully Paid,West
12300.0,36,23.31,421.31,B,B2,2,MORTGAGE,44100.0,debt_consolidation,2.32,0,13,0,28366.74,47.8,16,Fully Paid,Northeast
10100.0,60,6.98,180.08,G,G2,6,RENT,80200.0,credit_card,2.39,0,20,1,30416.99,68.4,28,Fully Paid,West
29700.0,36,10.23,909.4,G,G4,9,RENT,26000.0,major_purchase,14.82,0,10,1,17292.21,85.36,20,Charged Off,West
1300.0,60,12.8,24.44,D,D2,6,MORTGAGE,28800.0,other,7.8,0,7,0,10080.81,23.54,21,Fully Paid,Northeast
22000.0,36,7.91,659.45,B,B2,9,RENT,36800.0,home_improvement,37.39,0,18,0,22771.9,54.01,30,Charged Off,South
32000.0,60,16.42,620.91,D,D4,7,MORTGAGE,56400.0,major_purchase,23.25,0,3,0,32872.61,86.34,14,Fully Paid,Northeast
11400.0,36,29.61,410.43,A,A2,9,RENT,39300.0,debt_consolidation,11.49,0,8,0,49923.24,53.78,21,Fully Paid,Midwest
24500.0,36,17.87,802.17,A,A2,7,RENT,75300.0,credit_card,28.19,0,7,0,40862.65,39.28,12,Charged Off,Midwest
27100.0,60,23.55,558.03,B,B5,3,OWN,90500.0,small_business,15.0,1,15,0,21715.39,36.89,21,Fully Paid,South
26500.0,60,22.07,539.14,C,C1,0,MORTGAGE,73100.0,major_purchase,5.28,0,18,0,37162.39,38.41,20,Fully Paid,Midwest
18400.0,36,26.25,645.28,E,E1,3,RENT,121700.0,home_improvement,9.49,0,19,0,5402.38,61.54,32,Fully Paid,South
14500.0,36,10.39,444.63,D,D1,5,MORTGAGE,66700.0,debt_consolidation,25.71,0,7,0,20751.8,4.57,21,Charged Off,West
33600.0,36,23.85,1155.93,D,D5,9,MORTGAGE,29500.0,debt_consolidation,2.08,0,13,0,21246.23,41.54,18,Fully Paid,Midwest
30600.0,36,27.03,1079.75,C,C1,10,RENT,107100.0,debt_consolidation,10.91,0,7,0,49941.19,56.06,7,Fully Paid,South
13500.0,36,9.29,409.84,B,B3,5,RENT,40000.0,credit_card,8.33,0,23,0,19550.75,78.64,27,Fully Paid,Northeast
5000.0,36,13.67,157.88,B,B1,5,MORTGAGE,85400.0,credit_card,8.05,0,15,0,4164.08,53.0,24,Fully Paid,Midwest
3800.0,36,29.25,136.43,G,G4,6,RENT,119000.0,other,27.31,1,14,0,3361.4,92.62,28,Fully Paid,Midwest
4700.0,60,24.52,97.54,A,A1,10,MORTGAGE,68100.0,home_improvement,33.03,0,10,1,34919.22,44.38,14,Fully Paid,South
23700.0,60,12.06,442.64,E,E3,0,MORTGAGE,25600.0,debt_consolidation,28.63,0,19,0,14454.65,65.08,20,Charged Off,West
3000.0,36,19.1,99.25,C,C1,9,RENT,34200.0,debt_consolidation,25.83,0,11,0,43445.67,1.76,16,Fully Paid,South
14100.0,36,15.11,450.85,C,C2,0,RENT,105000.0,small_business,36.66,0,11,0,24147.38,23.84,21,Fully Paid,South
30400.0,36,17.25,990.11,D,D3,6,RENT,49800.0,credit_card,2.34,0,15,0,16518.62,81.55,17,Fully Paid,Midwest
12500.0,36,13.88,395.42,C,C4,3,RENT,56400.0,home_improvement,6.7,0,10,0,37955.72,58.62,13,Fully Paid,South
30800.0,36,11.98,958.05,E,E2,5,RENT,79200.0,credit_card,16.58,1,10,0,20876.63,94.62,12,Fully Paid,Northeast
30100.0,36,21.87,1018.97,F,F2,5,MORTGAGE,76700.0,debt_consolidation,14.9,1,10,0,36869.17,75.29,10,Fully Paid,South
10600.0,36,24.46,366.47,C,C5,8,MORTGAGE,62300.0,debt_consolidation,16.72,0,4,0,35704.6,44.97,4,Fully Paid,Northeast
29400.0,36,26.85,1035.94,B,B2,1,MORTGAGE,48800.0,debt_consolidation,8.26,0,10,0,36160.57,77.87,14,Fully Paid,Northeast
30200.0,60,8.88,548.03,C,C1,3,MORTGAGE,46300.0,debt_consolidation,5.98,1,14,0,42856.09,46.78,27,Fully Paid,South
16500.0,60,25.57,345.32,F,F2,3,RENT,83200.0,home_improvement,20.37,0,11,0,42419.97,33.02,20,Fully Paid,West
9200.0,36,11.37,284.61,B,B2,6,RENT,71500.0,credit_card,37.12,1,4,0,33230.41,4.71,9,Fully Paid,Northeast
21300.0,36,15.68,684.44,D,D5,0,RENT,47600.0,other,15.68,0,21,0,47848.09,86.56,25,Fully Paid,Northeast
36900.0,60,27.54,784.37,D,D1,4,RENT,93100.0,small_business,1.73,0,5,0,1036.37,41.89,16,Charged Off,Northeast
25900.0,36,16.36,837.15,D,D1,10,RENT,50800.0,credit_card,28.25,1,15,0,46521.15,68.52,28,Charged Off,West
7700.0,60,9.93,141.08,A,A2,3,OWN,35400.0,credit_card,11.64,0,14,0,7412.67,15.31,17,Fully Paid,South
27600.0,60,9.0,501.4,D,D4,1,MORTGAGE,37100.0,home_improvement,9.8,0,21,0,10582.15,82.9,26,Charged Off,West
17700.0,60,16.82,344.62,F,F4,4,MORTGAGE,33200.0,debt_consolidation,12.97,1,8,0,40869.95,82.42,16,Fully Paid,South
24100.0,36,24.07,830.58,A,A1,8,RENT,47300.0,other,28.95,1,22,0,20021.77,48.21,25,Fully Paid,Northeast
29600.0,36,29.93,1068.31,B,B4,7,MORTGAGE,100400.0,credit_card,32.75,1,8,0,21265.52,67.21,21,Fully Paid,Midwest
21100.0,60,24.69,438.49,G,G1,8,MORTGAGE,36200.0,other,23.52,0,7,0,13061.35,52.15,15,Fully Paid,Northeast
32700.0,36,26.93,1152.95,B,B1,6,RENT,59500.0,other,12.9,0,24,0,11222.06,55.23,33,Fully Paid,South
29200.0,36,23.7,1003.34,E,E3,9,RENT,39000.0,credit_card,12.42,0,9,0,5312.02,88.88,15,Fully Paid,West
25000.0,36,27.39,884.65,C,C1,6,MORTGAGE,47600.0,debt_consolidation,4.97,1,7,0,9838.56,96.69,19,Fully Paid,Northeast
6900.0,36,6.91,204.91,B,B3,1,MORTGAGE,25500.0,credit_card,37.33,0,5,0,28337.32,36.75,18,Charged Off,Northeast
33600.0,60,28.25,718.2,E,E2,2,MORTGAGE,48500.0,credit_card,25.53,0,6,0,35330.44,33.17,9,Fully Paid,South
37500.0,36,14.91,1196.98,C,C5,10,OWN,49200.0,major_purchase,1.08,0,19,0,36941.96,30.38,28,Fully Paid,South
6300.0,60,28.04,134.44,C,C1,9,RENT,71000.0,debt_consolidation,26.49,0,3,0,18506.16,77.08,6,Fully Paid,Midwest
20000.0,60,6.89,356.3,B,B2,7,RENT,60600.0,credit_card,17.89,0,23,0,46097.74,72.29,25,Fully Paid,Northeast
11100.0,36,22.88,378.88,C,C1,10,MORTGAGE,29800.0,other,38.9,1,15,0,16436.4,4.38,21,Fully Paid,Northeast
30400.0,36,23.39,1041.96,A,A1,1,RENT,93200.0,other,32.76,1,15,0,5556.83,8.84,18,Fully Paid,Northeast
29100.0,60,29.92,630.11,B,B5,6,RENT,60200.0,debt_consolidation,6.85,0,6,0,47261.14,64.62,15,Fully Paid,Midwest
6500.0,36,24.22,224.29,G,G3,5,OWN,59800.0,small_business,28.8,1,12,0,27033.86,27.5,15,Fully Paid,Midwest
35200.0,60,14.56,672.09,B,B1,9,RENT,53900.0,debt_consolidation,19.42,0,21,0,48568.81,9.16,31,Fully Paid,Northeast
8100.0,60,18.93,160.56,D,D1,3,RENT,41800.0,small_business,7.48,0,4,0,19683.33,41.37,10,Charged Off,South
32100.0,36,14.16,1017.93,B,B3,10,MORTGAGE,60400.0,debt_consolidation,27.95,0,17,0,37869.66,87.75,23,Charged Off,West
18800.0,60,9.9,344.35,D,D4,3,RENT,68700.0,other,21.9,0,21,0,5496.84,36.63,32,Fully Paid,Northeast
13800.0,36,11.21,426.3,A,A5,2,OWN,22600.0,home_improvement,1.21,0,9,0,42703.96,69.56,23,Charged Off,Northeast
7200.0,36,10.55,221.1,G,G5,5,RENT,41400.0,debt_consolidation,25.86,1,21,0,8534.99,90.06,22,Charged Off,Northeast
7500.0,60,18.72,148.4,C,C1,2,MORTGAGE,47700.0,debt_consolidation,25.4,0,16,0,3433.95,16.93,23,Fully Paid,South
26800.0,60,27.65,570.17,B,B5,8,RENT,61600.0,debt_consolidation,5.76,0,15,0,4887.66,60.97,21,Fully Paid,Midwest
22500.0,36,27.82,798.88,A,A4,3,RENT,98400.0,home_improvement,13.96,1,15,1,27868.78,90.77,29,Fully Paid,West
5800.0,36,6.37,171.37,A,A1,3,MORTGAGE,36800.0,small_business,23.44,0,9,0,14593.68,19.34,9,Fully Paid,West
5400.0,36,7.0,160.5,C,C3,1,RENT,42200.0,major_purchase,5.55,0,2,0,48047.72,98.87,16,Fully Paid,Midwest
3800.0,36,11.13,117.3,B,B3,1,RENT,41900.0,small_business,34.11,0,17,0,42633.83,36.51,26,Fully Paid,Northeast
30000.0,36,11.38,928.17,E,E1,6,MORTGAGE,36300.0,major_purchase,1.1,0,13,1,40165.39,21.75,21,Fully Paid,Northeast
28800.0,36,7.37,858.96,C,C3,4,RENT,45500.0,other,4.11,0,15,0,40481.92,83.78,22,Fully Paid,West
3300.0,36,14.71,105.15,B,B3,2,RENT,79700.0,major_purchase,4.64,0,10,0,44533.87,46.79,24,Fully Paid,West
22900.0,60,19.69,456.82,C,C1,5,MORTGAGE,32000.0,debt_consolidation,21.12,0,15,0,43260.51,67.07,15,Charged Off,Northeast
4300.0,36,19.45,142.68,D,D2,5,MORTGAGE,67100.0,major_purchase,24.8,0,14,0,46410.38,48.96,18,Fully Paid,South
36200.0,36,18.59,1192.49,A,A5,0,MORTGAGE,23100.0,debt_consolidation,16.15,0,20,1,46718.32,64.35,25,Charged Off,Northeast
36400.0,60,13.47,688.38,A,A5,2,OWN,40900.0,other,11.55,0,23,0,14916.07,3.54,30,Fully Paid,South
28200.0,60,22.66,576.5,A,A2,4,OWN,45900.0,debt_consolidation,32.37,0,17,1,10978.21,35.02,26,Fully Paid,Northeast
37100.0,60,25.66,777.0,D,D3,10,MORTGAGE,125200.0,debt_consolidation,2.73,0,20,0,32154.91,65.73,26,Fully Paid,West
32600.0,36,13.66,1029.25,D,D5,10,RENT,47200.0,debt_consolidation,11.21,1,18,0,6166.56,35.08,22,Fully Paid,Northeast
33300.0,36,7.14,991.04,C,C4,6,RENT,18000.0,home_improvement,1.56,0,24,1,10557.26,77.58,24,Fully Paid,Northeast
23200.0,36,12.41,724.42,E,E2,3,MORTGAGE,19900.0,debt_consolidation,0.56,0,6,0,38647.83,96.09,9,Charged Off,Midwest
12900.0,36,8.43,388.54,E,E3,7,OWN,55100.0,other,14.14,1,4,1,32466.77,3.74,12,Fully Paid,Northeast
9500.0,36,16.68,307.91,C,C4,2,MORTGAGE,73600.0,debt_consolidation,7.79,0,24,0,32542.6,85.53,31,Charged Off,Northeast
13800.0,36,8.9,417.45,E,E2,5,RENT,65400.0,debt_consolidation,10.73,0,2,0,47531.92,16.91,11,Fully Paid,Northeast
25500.0,36,16.57,825.7,B,B3,5,RENT,58900.0,debt_consolidation,32.84,0,23,0,33381.22,91.73,32,Charged Off,West
7700.0,36,10.53,236.41,A,A1,8,MORTGAGE,96900.0,debt_consolidation,6.52,0,8,0,21540.36,94.68,9,Fully Paid,Northeast
11100.0,36,23.47,380.7,B,B3,3,OWN,41400.0,debt_consolidation,31.21,0,8,0,14016.62,56.92,9,Fully Paid,South
19300.0,36,5.69,566.62,A,A4,6,MORTGAGE,84700.0,debt_consolidation,27.0,0,22,0,16927.77,47.9,36,Fully Paid,South
10100.0,36,18.87,333.5,C,C5,9,RENT,24000.0,debt_consolidation,13.06,1,24,0,13890.67,75.85,31,Fully Paid,Northeast
24000.0,36,9.24,728.27,F,F2,0,RENT,34500.0,debt_consolidation,21.86,0,18,0,1749.4,91.8,29,Fully Paid,West
37000.0,36,5.02,1079.37,A,A1,10,RENT,21900.0,debt_consolidation,17.78,0,8,0,13078.7,23.24,22,Fully Paid,South
30200.0,36,26.73,1063.12,A,A2,0,OWN,47200.0,major_purchase,5.14,0,14,0,41768.5,38.24,26,Fully Paid,Northeast
27000.0,36,21.79,913.42,C,C3,1,MORTGAGE,52900.0,debt_consolidation,36.29,0,14,0,36411.45,41.75,16,Fully Paid,Northeast
23700.0,36,7.47,707.51,F,F1,3,MORTGAGE,57400.0,debt_consolidation,22.78,0,11,0,31091.91,84.58,15,Charged Off,South
20000.0,36,21.6,675.56,B,B5,5,MORTGAGE,55900.0,debt_consolidation,35.21,0,21,0,45110.27,13.69,29,Fully Paid,West
8300.0,60,20.29,166.4,C,C2,3,MORTGAGE,34100.0,credit_card,32.95,0,3,0,13206.25,62.3,4,Charged Off,West
35900.0,36,16.83,1165.05,A,A2,5,MORTGAGE,49300.0,debt_consolidation,3.19,1,7,0,28884.22,35.09,14,Fully Paid,South
10700.0,36,15.48,343.23,A,A4,1,RENT,25600.0,credit_card,8.29,0,8,0,1566.32,88.55,9,Fully Paid,Northeast
4600.0,60,27.18,97.5,G,G3,8,RENT,107100.0,other,5.81,0,14,0,44600.33,33.98,16,Fully Paid,West
30300.0,36,11.13,935.34,G,G4,10,MORTGAGE,46500.0,debt_consolidation,33.23,0,24,0,22386.85,97.79,30,Fully Paid,Midwest
7800.0,36,14.96,249.08,A,A1,2,RENT,42400.0,debt_consolidation,34.5,0,9,0,8893.57,1.56,15,Fully Paid,Northeast
15500.0,36,13.23,487.52,F,F2,6,OWN,119900.0,debt_consolidation,21.12,1,22,0,11965.83,23.96,26,Charged Off,West
2100.0,60,24.28,43.5,D,D1,0,MORTGAGE,29100.0,debt_consolidation,4.17,1,14,0,42411.95,45.73,14,Fully Paid,Northeast
6300.0,36,27.91,223.84,E,E5,7,RENT,30900.0,debt_consolidation,5.42,0,12,0,5440.31,25.63,13,Fully Paid,Midwest
7800.0,36,26.24,273.52,C,C5,3,RENT,31300.0,credit_card,32.54,0,11,0,46260.14,73.74,17,Fully Paid,South
3100.0,36,24.94,107.59,C,C4,10,RENT,52400.0,other,37.17,0,5,0,18673.13,81.46,12,Charged Off,Midwest
26600.0,36,29.67,958.12,C,C4,4,MORTGAGE,67200.0,debt_consolidation,7.98,0,11,0,12554.26,69.75,16,Fully Paid,Northeast
33600.0,36,22.43,1142.68,D,D4,6,RENT,78400.0,debt_consolidation,0.45,0,18,0,16592.93,97.04,20,Fully Paid,South
15600.0,60,23.78,321.83,A,A2,2,OWN,196000.0,major_purchase,13.24,0,9,0,20449.16,45.6,11,Fully Paid,Midwest
35100.0,36,29.57,1263.31,A,A5,8,RENT,17600.0,debt_consolidation,1.22,0,21,0,27405.66,97.98,34,Fully Paid,West
9300.0,36,5.17,271.69,B,B5,8,OWN,73500.0,debt_consolidation,33.12,0,6,0,29340.37,12.46,14,Fully Paid,Midwest
13700.0,36,20.85,459.9,D,D4,7,RENT,41000.0,credit_card,19.66,0,21,1,22390.96,84.59,23,Fully Paid,Northeast
6900.0,36,23.47,236.65,B,B5,0,MORTGAGE,40400.0,debt_consolidation,25.67,1,16,0,22318.2,3.84,21,Fully Paid,West
25200.0,60,27.95,537.39,D,D2,1,OWN,39700.0,major_purchase,16.46,0,24,1,14264.99,53.19,26,Fully Paid,Midwest
17400.0,36,27.1,614.32,G,G3,1,MORTGAGE,34400.0,debt_consolidation,13.82,0,11,0,19190.49,48.45,23,Charged Off,Northeast
24900.0,36,26.05,871.85,A,A2,2,MORTGAGE,125800.0,credit_card,8.89,0,20,0,23356.92,85.63,29,Fully Paid,South
30700.0,36,28.64,1097.01,D,D1,1,OWN,82500.0,home_improvement,30.82,1,19,0,29879.4,70.07,31,Fully Paid,Midwest
22300.0,36,18.43,733.61,C,C1,0,RENT,54800.0,debt_consolidation,27.82,0,13,0,6534.99,44.11,15,Fully Paid,South
25500.0,36,5.17,744.95,E,E4,10,OWN,106500.0,debt_consolidation,14.43,0,3,0,38198.69,89.57,14,Fully Paid,West
37500.0,60,5.28,658.0,A,A1,4,MORTGAGE,25400.0,debt_consolidation,12.84,1,8,0,34028.56,88.59,16,Fully Paid,South
12700.0,36,18.62,418.46,D,D4,5,OWN,27900.0,small_business,0.05,0,12,0,14938.39,2.47,19,Fully Paid,Northeast
15000.0,60,15.88,289.7,E,E3,6,RENT,18200.0,home_improvement,2.54,2,16,0,22967.2,87.1,22,Fully Paid,West
29000.0,60,16.28,562.02,F,F2,9,RENT,38200.0,debt_consolidation,24.93,0,13,0,47346.45,52.66,15,Fully Paid,Midwest
24800.0,60,15.01,475.37,D,D5,6,RENT,58700.0,home_improvement,20.58,0,11,0,1023.87,83.9,21,Fully Paid,South
8000.0,36,27.94,284.31,C,C1,1,RENT,57000.0,home_improvement,17.39,1,14,0,40567.58,18.13,27,Fully Paid,West
15700.0,36,13.98,497.08,C,C3,6,MORTGAGE,58400.0,other,33.1,0,23,0,25586.24,15.11,27,Fully Paid,West
19200.0,60,26.41,404.51,E,E2,1,RENT,26800.0,debt_consolidation,20.16,0,3,0,30940.62,72.22,3,Fully Paid,Midwest
17400.0,60,27.57,369.95,C,C3,1,RENT,80900.0,small_business,15.38,0,16,0,34226.63,27.54,29,Fully Paid,Midwest
8000.0,60,17.49,156.65,A,A2,5,MORTGAGE,61100.0,debt_consolidation,6.45,0,23,1,22801.01,55.88,24,Fully Paid,Midwest
37100.0,36,16.17,1197.2,F,F1,5,MORTGAGE,78200.0,small_business,32.83,0,9,0,9592.98,68.88,17,Charged Off,Midwest
30700.0,36,24.03,1057.7,D,D4,7,OWN,21000.0,debt_consolidation,23.05,0,7,0,45479.53,61.04,9,Charged Off,South
19800.0,60,22.7,404.91,D,D2,4,RENT,63300.0,debt_consolidation,3.7,1,5,0,37009.54,69.9,9,Charged Off,West
27500.0,36,13.21,864.8,B,B2,4,RENT,29900.0,small_business,25.96,0,9,0,27979.48,62.04,23,Fully Paid,Midwest
36000.0,36,7.56,1075.6,D,D3,9,OWN,44400.0,major_purchase,17.0,0,21,0,22422.82,37.91,24,Charged Off,West
6300.0,36,11.62,195.34,B,B1,0,RENT,70800.0,debt_consolidation,32.46,0,23,0,24966.58,9.05,30,Charged Off,West
10800.0,36,8.28,324.84,D,D3,3,RENT,56700.0,credit_card,36.76,1,6,0,41176.91,85.53,16,Fully Paid,Northeast
22200.0,36,12.37,692.95,A,A4,0,RENT,35400.0,debt_consolidation,24.02,1,21,0,625.17,84.6,21,Fully Paid,Northeast
32200.0,36,11.55,997.75,D,D5,9,MORTGAGE,54300.0,debt_consolidation,29.26,0,24,0,43266.75,0.57,29,Charged Off,Midwest
2400.0,36,20.94,80.63,G,G3,4,RENT,25200.0,debt_consolidation,2.26,1,9,0,2337.6,84.09,14,Fully Paid,Midwest
39400.0,36,28.86,1410.3,A,A5,7,OWN,96300.0,debt_consolidation,22.41,0,15,0,30795.65,15.1,22,Fully Paid,Northeast
18700.0,36,22.14,634.45,G,G3,0,MORTGAGE,48900.0,credit_card,30.21,0,23,0,16656.13,33.29,37,Fully Paid,West
15000.0,36,28.17,534.04,C,C2,2,MORTGAGE,94800.0,debt_consolidation,19.87,0,18,0,33911.81,41.33,18,Fully Paid,Midwest
12400.0,60,24.6,257.51,E,E4,0,RENT,41600.0,debt_consolidation,23.74,0,24,0,4277.15,67.96,27,Fully Paid,South
7800.0,36,23.2,266.93,E,E5,5,RENT,41700.0,other,35.96,0,21,2,27811.63,9.24,21,Fully Paid,Midwest
31900.0,36,15.35,1022.13,C,C5,9,MORTGAGE,37000.0,debt_consolidation,7.92,0,3,0,42761.71,82.66,16,Fully Paid,Midwest
38300.0,60,13.12,722.08,D,D3,0,RENT,84000.0,home_improvement,3.93,0,20,0,24731.89,94.27,28,Charged Off,South
17100.0,60,26.16,359.56,E,E4,9,MORTGAGE,38000.0,small_business,27.63,0,5,0,4217.33,95.27,10,Fully Paid,Midwest
38100.0,36,27.63,1350.75,C,C3,2,MORTGAGE,74800.0,debt_consolidation,32.91,0,15,0,1868.92,9.18,21,Fully Paid,West
33100.0,36,16.3,1069.31,B,B5,4,RENT,44700.0,debt_consolidation,34.02,0,8,0,31060.07,91.94,20,Fully Paid,South
19800.0,36,5.23,578.76,D,D4,4,MORTGAGE,20200.0,credit_card,25.67,0,17,0,3476.53,56.78,17,Fully Paid,South
27300.0,36,24.81,946.48,E,E3,1,MORTGAGE,40700.0,credit_card,33.33,0,11,1,3564.44,72.69,20,Fully Paid,Northeast
18000.0,60,12.13,336.39,D,D2,2,MORTGAGE,30000.0,credit_card,28.03,0,12,0,21271.98,93.06,15,Charged Off,West
22800.0,60,5.25,399.95,E,E4,8,OWN,55100.0,credit_card,3.5,0,23,0,10475.42,66.1,33,Fully Paid,Northeast
3300.0,60,25.12,68.82,C,C2,0,MORTGAGE,29900.0,other,30.48,0,6,0,10209.79,45.67,12,Fully Paid,West
28200.0,36,17.94,923.86,E,E4,0,MORTGAGE,86100.0,debt_consolidation,7.17,0,13,0,24048.81,52.51,16,Fully Paid,Midwest
3100.0,36,22.13,105.17,A,A5,1,MORTGAGE,51800.0,major_purchase,9.46,0,16,0,14040.09,68.45,29,Fully Paid,Northeast
32900.0,60,27.87,701.15,C,C4,7,MORTGAGE,49600.0,debt_consolidation,15.79,0,11,0,10963.32,94.47,21,Charged Off,Midwest
33200.0,36,18.53,1093.11,A,A2,5,RENT,75200.0,debt_consolidation,12.58,0,24,0,25720.72,88.98,28,Charged Off,Midwest
10200.0,36,17.58,333.14,B,B3,3,RENT,87700.0,debt_consolidation,12.87,0,3,0,14544.19,57.71,3,Fully Paid,Northeast
13600.0,60,12.27,254.48,B,B5,6,RENT,53600.0,debt_consolidation,6.77,0,19,0,4011.02,21.1,32,Fully Paid,Northeast
19800.0,36,12.63,619.46,B,B2,5,RENT,36800.0,major_purchase,11.75,0,12,0,34136.95,34.67,14,Fully Paid,Midwest
24300.0,36,24.91,843.14,D,D1,8,RENT,22300.0,debt_consolidation,0.79,1,6,0,29280.4,36.18,13,Fully Paid,Midwest
12200.0,60,16.23,236.33,B,B4,5,OWN,38400.0,debt_consolidation,18.92,3,7,0,10605.86,28.92,17,Fully Paid,West
24100.0,36,9.09,730.3,C,C1,1,RENT,39800.0,debt_consolidation,30.74,0,14,0,29112.32,74.67,26,Fully Paid,Midwest
12600.0,36,7.36,375.76,B,B2,2,MORTGAGE,57200.0,debt_consolidation,34.49,0,18,0,47779.48,83.6,31,Fully Paid,South
3200.0,36,16.82,103.84,B,B1,8,MORTGAGE,45600.0,major_purchase,32.82,0,17,0,47823.93,31.98,28,Fully Paid,Midwest
1100.0,36,16.62,35.63,B,B2,6,MORTGAGE,76400.0,major_purchase,16.66,0,24,0,26597.12,84.61,37,Fully Paid,Midwest
4900.0,36,21.34,165.16,A,A5,5,OWN,39900.0,small_business,29.22,0,24,0,4901.49,73.44,35,Fully Paid,Midwest
31900.0,36,16.78,1034.8,C,C3,4,RENT,52700.0,credit_card,11.52,0,2,0,22909.28,44.11,13,Fully Paid,Northeast
38500.0,36,8.59,1161.31,D,D3,2,OWN,97900.0,credit_card,2.22,1,14,0,1349.17,69.87,22,Fully Paid,Northeast
17700.0,60,17.7,347.22,C,C4,3,MORTGAGE,64300.0,debt_consolidation,27.04,0,11,0,20760.06,76.93,23,Fully Paid,South
21000.0,36,27.67,744.74,C,C5,0,MORTGAGE,52600.0,home_improvement,25.95,1,14,0,45470.94,56.1,21,Fully Paid,Midwest
6700.0,60,8.99,121.71,B,B1,4,RENT,40100.0,debt_consolidation,32.07,2,21,0,23372.18,44.31,31,Fully Paid,West
22500.0,36,22.24,764.0,E,E5,6,MORTGAGE,39500.0,other,24.64,0,22,1,27524.37,10.17,33,Fully Paid,West
6600.0,36,19.85,219.73,C,C1,1,MORTGAGE,35400.0,other,6.28,0,19,0,7901.83,0.14,22,Charged Off,Midwest
24800.0,36,23.71,852.22,C,C5,10,MORTGAGE,41300.0,other,34.13,0,19,1,782.53,93.73,30,Charged Off,Midwest
37400.0,36,8.77,1130.0,A,A3,7,RENT,79000.0,debt_consolidation,25.09,0,5,0,49669.2,26.75,14,Fully Paid,Midwest
8600.0,60,28.54,184.24,B,B4,9,OWN,48500.0,debt_consolidation,32.3,0,4,0,16912.86,66.3,4,Fully Paid,Midwest
30800.0,36,20.52,1031.12,B,B3,5,OWN,27600.0,small_business,30.96,0,17,0,13967.5,94.34,20,Fully Paid,Midwest
1900.0,36,26.18,66.6,B,B3,9,OWN,131100.0,home_improvement,11.91,0,8,0,28564.08,81.83,13,Charged Off,Northeast
15600.0,36,11.17,481.74,C,C5,2,OWN,63600.0,home_improvement,2.98,0,8,0,37265.93,12.26,9,Fully Paid,South
5300.0,36,23.49,181.8,C,C1,1,RENT,26800.0,debt_consolidation,7.06,0,3,0,12570.39,80.19,9,Fully Paid,Northeast
14700.0,36,24.53,508.5,C,C5,7,RENT,43400.0,small_business,3.71,1,17,0,26206.19,72.64,29,Fully Paid,West
7800.0,36,14.94,249.04,D,D1,3,RENT,57300.0,credit_card,9.74,0,6,0,16631.78,32.94,8,Fully Paid,Northeast
15600.0,36,14.6,496.6,E,E2,6,RENT,127000.0,debt_consolidation,18.38,0,22,0,24048.28,68.96,29,Fully Paid,Northeast
17300.0,36,21.44,583.59,D,D4,6,RENT,31100.0,small_business,36.27,0,9,1,8065.5,82.59,12,Fully Paid,South
12700.0,36,7.34,378.67,F,F1,9,RENT,88300.0,debt_consolidation,34.88,0,9,0,25505.91,29.14,17,Fully Paid,West
26600.0,36,23.39,911.72,A,A2,8,RENT,109100.0,home_improvement,28.74,0,12,1,2367.35,86.9,23,Fully Paid,West
36800.0,36,6.07,1084.27,B,B4,9,MORTGAGE,39600.0,credit_card,0.96,0,21,0,41999.87,7.88,21,Fully Paid,Midwest
16600.0,36,9.76,506.12,A,A1,7,MORTGAGE,47200.0,credit_card,13.66,0,11,1,31382.98,52.75,20,Fully Paid,South
8500.0,60,21.6,172.27,D,D3,7,RENT,32300.0,debt_consolidation,27.29,0,2,0,47074.52,23.32,2,Fully Paid,Northeast
11600.0,60,7.46,207.76,E,E4,6,RENT,48900.0,credit_card,5.16,0,7,0,29986.6,72.8,20,Fully Paid,Northeast
34300.0,60,29.3,739.16,B,B4,9,MORTGAGE,53200.0,credit_card,32.04,0,8,0,9108.3,17.49,12,Charged Off,Northeast
23300.0,36,26.71,820.1,F,F5,4,MORTGAGE,75300.0,credit_card,36.58,0,18,0,24202.54,34.15,26,Fully Paid,West
18700.0,60,20.66,376.06,A,A4,8,RENT,93400.0,small_business,14.16,1,17,0,33234.77,12.74,22,Fully Paid,West
6800.0,36,25.48,237.02,F,F5,10,MORTGAGE,37300.0,debt_consolidation,28.23,0,15,0,18711.17,81.19,25,Fully Paid,Northeast
18500.0,60,27.19,392.17,B,B2,6,RENT,20300.0,small_business,5.93,1,4,0,27632.48,13.23,5,Fully Paid,West
11900.0,36,11.49,368.54,A,A4,10,MORTGAGE,53600.0,debt_consolidation,27.63,0,10,1,8134.43,72.32,18,Fully Paid,Midwest
37800.0,36,26.24,1325.52,C,C1,2,MORTGAGE,62700.0,home_improvement,0.86,0,11,0,38856.21,70.72,22,Fully Paid,Northeast
35500.0,36,9.87,1083.44,B,B4,5,RENT,61400.0,debt_consolidation,6.03,0,4,0,45476.5,14.24,10,Fully Paid,Northeast
4300.0,36,15.33,137.76,B,B4,2,MORTGAGE,46000.0,debt_consolidation,28.4,0,13,0,15743.83,56.61,17,Fully Paid,Midwest
21100.0,60,18.96,418.34,B,B1,5,RENT,57700.0,major_purchase,28.47,1,5,0,39666.57,49.69,11,Fully Paid,West
9800.0,60,22.85,200.66,E,E4,7,OWN,115600.0,debt_consolidation,25.65,0,13,0,4597.28,59.45,23,Fully Paid,Northeast
17000.0,60,5.75,299.62,C,C5,8,OWN,65600.0,other,19.09,1,23,0,12335.22,93.72,31,Charged Off,Midwest
35200.0,36,12.26,1097.65,B,B1,1,MORTGAGE,45000.0,debt_consolidation,27.0,0,24,0,23093.5,8.05,31,Fully Paid,South
21600.0,36,20.21,721.26,C,C3,5,RENT,42200.0,other,30.95,0,14,0,19320.36,82.05,21,Fully Paid,Midwest
14000.0,36,13.93,443.06,D,D4,2,MORTGAGE,49800.0,credit_card,38.66,0,8,0,30981.29,86.21,16,Charged Off,Northeast
9100.0,60,24.38,188.64,B,B4,6,MORTGAGE,122800.0,credit_card,35.55,0,20,0,28149.25,12.63,30,Fully Paid,Midwest
32200.0,36,21.29,1084.87,C,C5,10,OWN,49400.0,debt_consolidation,31.78,0,19,0,4363.6,65.61,21,Fully Paid,West
25400.0,60,10.86,469.31,A,A1,3,RENT,53600.0,debt_consolidation,27.79,0,19,0,6584.72,70.21,19,Fully Paid,Northeast
19300.0,36,8.65,582.48,B,B4,4,RENT,42600.0,debt_consolidation,22.97,0,10,0,2585.58,54.87,21,Fully Paid,Northeast
9500.0,36,20.73,318.59,D,D5,9,MORTGAGE,93900.0,credit_card,4.82,0,8,0,47630.34,50.29,19,Charged Off,West
14000.0,60,16.26,271.27,B,B3,5,MORTGAGE,144300.0,credit_card,6.62,2,8,1,32267.21,31.78,11,Fully Paid,West
38400.0,36,9.22,1165.01,C,C3,10,OWN,67900.0,home_improvement,32.81,0,22,0,42779.22,68.91,30,Fully Paid,West
21300.0,36,13.16,669.53,D,D5,7,MORTGAGE,56500.0,small_business,32.13,0,14,0,27063.19,28.55,23,Fully Paid,South
16600.0,36,12.58,519.12,A,A1,1,RENT,55200.0,credit_card,24.58,0,7,0,9691.91,46.0,7,Fully Paid,Northeast
21300.0,60,7.7,382.34,C,C4,3,OWN,16400.0,debt_consolidation,17.55,0,8,0,31330.04,85.74,17,Fully Paid,Northeast
31400.0,36,18.67,1035.07,B,B5,10,RENT,78600.0,debt_consolidation,1.04,0,14,0,25266.95,8.95,25,Fully Paid,Northeast
14300.0,36,24.09,492.91,G,G5,3,MORTGAGE,57900.0,small_business,13.09,1,21,0,20409.62,52.84,21,Fully Paid,Midwest
8000.0,36,19.39,265.31,C,C5,5,MORTGAGE,67100.0,debt_consolidation,16.83,0,7,0,18590.26,48.61,12,Fully Paid,Northeast
23800.0,36,25.66,830.75,E,E2,3,MORTGAGE,38000.0,credit_card,19.43,0,18,0,32503.83,37.85,21,Fully Paid,Northeast
26900.0,36,8.19,808.42,C,C3,10,RENT,44700.0,debt_consolidation,37.17,0,24,1,30888.08,59.75,24,Fully Paid,West
28800.0,36,15.89,927.12,A,A2,4,MORTGAGE,44100.0,debt_consolidation,4.35,0,21,0,7578.3,1.56,24,Fully Paid,West
35400.0,60,20.24,709.42,D,D5,4,RENT,90300.0,credit_card,20.75,0,19,0,40811.1,49.25,29,Charged Off,West
15500.0,60,21.9,314.91,F,F3,7,RENT,44800.0,credit_card,14.72,1,21,0,31804.56,48.57,26,Charged Off,Northeast
3900.0,36,22.39,132.59,C,C4,3,RENT,153500.0,credit_card,39.6,0,9,0,26790.42,51.61,16,Fully Paid,West
38400.0,60,23.22,788.61,E,E4,5,RENT,67200.0,home_improvement,34.47,1,19,0,37445.88,21.24,27,Fully Paid,South
18000.0,36,21.29,606.45,E,E2,6,MORTGAGE,28600.0,debt_consolidation,17.55,0,16,0,7683.32,20.76,25,Fully Paid,West
25300.0,36,7.36,754.5,B,B2,7,OWN,50800.0,debt_consolidation,39.99,0,2,0,45985.81,64.72,13,Charged Off,South
27000.0,36,22.38,917.85,B,B3,8,MORTGAGE,39100.0,home_improvement,20.56,0,2,0,13529.36,9.27,7,Fully Paid,Midwest
22300.0,36,23.12,762.66,C,C4,9,RENT,18100.0,credit_card,6.68,1,8,0,13137.87,30.59,21,Fully Paid,South
9000.0,36,29.84,324.6,C,C2,7,RENT,120500.0,debt_consolidation,22.23,1,17,0,40745.13,83.08,30,Fully Paid,South
30500.0,36,22.33,1036.41,E,E5,3,RENT,77000.0,home_improvement,9.05,0,24,0,16699.56,10.38,36,Fully Paid,Midwest
32300.0,60,22.17,657.68,F,F5,3,RENT,70700.0,credit_card,25.45,0,21,0,41535.41,46.81,22,Fully Paid,South
22600.0,36,17.87,739.96,B,B2,9,MORTGAGE,58800.0,debt_consolidation,37.5,0,15,0,16400.49,66.86,27,Fully Paid,Northeast
20100.0,36,26.7,707.41,B,B1,10,RENT,27100.0,home_improvement,31.45,2,22,0,27534.4,14.16,33,Fully Paid,Northeast
5400.0,36,29.92,194.88,E,E2,4,MORTGAGE,42500.0,credit_card,10.93,0,13,0,11542.25,31.25,18,Fully Paid,West
4300.0,36,24.48,148.68,B,B1,2,RENT,82500.0,debt_consolidation,11.87,0,6,0,36576.02,55.88,20,Charged Off,West
14200.0,36,20.31,474.56,E,E4,1,RENT,32000.0,credit_card,2.77,0,8,0,8347.06,32.72,8,Fully Paid,West
13100.0,36,6.97,389.25,C,C2,1,RENT,15300.0,credit_card,11.43,0,13,1,44971.57,10.99,13,Fully Paid,West
38200.0,60,23.17,784.18,D,D4,8,MORTGAGE,48400.0,other,3.7,0,20,0,18582.44,23.24,20,Fully Paid,Northeast
31600.0,60,22.71,646.27,A,A2,7,RENT,50500.0,home_improvement,19.98,0,6,0,23578.72,10.94,18,Fully Paid,West
26700.0,36,24.39,922.56,D,D2,5,MORTGAGE,58000.0,debt_consolidation,28.33,0,8,0,1201.09,98.36,13,Fully Paid,South
21200.0,36,8.11,636.65,C,C5,8,OWN,78000.0,debt_consolidation,30.05,0,8,1,48789.5,23.56,22,Charged Off,Midwest
7500.0,60,21.34,151.68,C,C5,4,RENT,74500.0,small_business,2.38,1,14,0,40658.77,53.06,28,Fully Paid,South
39200.0,36,12.39,1223.8,A,A1,9,MORTGAGE,61700.0,small_business,13.6,1,21,0,22350.45,42.85,32,Fully Paid,Midwest
15600.0,36,24.01,537.38,D,D4,0,RENT,98500.0,debt_consolidation,11.53,0,18,0,46013.07,56.95,28,Charged Off,Northeast
5200.0,36,11.01,160.35,E,E3,7,RENT,25300.0,debt_consolidation,4.17,0,6,0,46552.98,49.81,12,Fully Paid,Midwest
20300.0,36,22.1,688.51,B,B1,2,MORTGAGE,69700.0,home_improvement,14.5,0,15,1,26652.61,72.72,15,Fully Paid,West
35100.0,60,12.37,657.36,A,A2,8,OWN,74100.0,home_improvement,11.97,0,12,0,11692.54,87.3,23,Fully Paid,Northeast
35600.0,36,5.22,1040.51,A,A2,10,OWN,29200.0,debt_consolidation,25.38,1,21,0,24355.52,28.53,23,Fully Paid,West
1400.0,36,20.83,46.99,D,D5,0,RENT,25600.0,home_improvement,35.33,0,20,0,16239.93,18.36,22,Charged Off,South
35600.0,36,7.83,1066.32,C,C1,2,RENT,37300.0,debt_consolidation,18.19,0,24,0,22399.28,98.43,30,Fully Paid,South
11600.0,36,21.48,391.44,C,C2,0,RENT,38900.0,debt_consolidation,29.87,0,5,0,45569.6,86.61,8,Fully Paid,West
2500.0,60,28.14,53.39,B,B4,0,OWN,79000.0,debt_consolidation,5.84,1,23,0,14091.73,36.39,31,Fully Paid,Midwest
34100.0,36,29.23,1224.1,B,B3,5,MORTGAGE,39800.0,credit_card,35.8,0,18,2,41948.34,89.48,26,Fully Paid,South
34700.0,36,10.9,1068.95,C,C3,3,OWN,35300.0,major_purchase,6.1,0,18,0,46765.05,67.05,27,Fully Paid,Midwest
24300.0,60,25.23,507.18,C,C4,9,MORTGAGE,39900.0,credit_card,7.68,1,4,0,40252.64,43.74,7,Fully Paid,South
23400.0,36,13.84,739.96,G,G1,3,RENT,94800.0,debt_consolidation,4.26,0,15,0,26362.67,87.34,28,Fully Paid,West
32700.0,36,27.51,1158.22,A,A1,4,RENT,54500.0,small_business,12.39,0,22,0,28198.87,67.53,24,Fully Paid,West
31700.0,36,24.69,1097.96,D,D3,2,RENT,49500.0,debt_consolidation,22.1,1,7,0,40981.75,82.65,19,Charged Off,South
35700.0,36,6.85,1059.6,C,C3,1,MORTGAGE,51300.0,major_purchase,39.52,0,11,0,2225.04,41.78,23,Fully Paid,South
22600.0,36,15.18,723.07,C,C4,9,MORTGAGE,103400.0,major_purchase,31.73,0,18,0,36796.5,79.87,23,Charged Off,Midwest
38700.0,36,13.43,1219.37,D,D3,7,RENT,37300.0,debt_consolidation,15.22,1,3,0,26443.37,36.69,17,Fully Paid,Midwest
39800.0,36,24.63,1377.85,D,D4,10,RENT,104600.0,debt_consolidation,23.03,1,13,0,19856.87,73.51,21,Fully Paid,Midwest
5500.0,60,15.26,105.66,G,G4,6,MORTGAGE,60200.0,small_business,24.93,0,22,0,38346.38,43.55,31,Fully Paid,West
34100.0,36,22.11,1156.65,A,A5,9,MORTGAGE,50000.0,credit_card,32.91,0,17,0,13312.36,40.52,30,Fully Paid,South
20500.0,36,20.06,683.68,A,A5,3,MORTGAGE,189200.0,debt_consolidation,29.46,0,17,0,44776.69,79.66,24,Fully Paid,Northeast
16100.0,36,29.39,578.66,D,D2,1,RENT,32000.0,small_business,22.77,0,4,0,34424.39,12.5,10,Fully Paid,Midwest
24900.0,60,28.44,533.03,C,C4,8,MORTGAGE,45400.0,debt_consolidation,26.77,0,19,0,30507.78,92.82,25,Charged Off,Northeast
3200.0,36,15.69,102.84,B,B4,7,MORTGAGE,29300.0,debt_consolidation,29.84,0,8,0,26156.01,50.87,12,Fully Paid,West
20800.0,60,23.09,426.71,A,A2,3,RENT,87200.0,credit_card,5.33,1,11,0,10637.88,63.61,19,Fully Paid,Midwest
35000.0,36,25.74,1222.47,A,A5,10,OWN,126100.0,home_improvement,8.02,0,9,0,30847.25,40.53,10,Fully Paid,Midwest
9300.0,60,27.47,197.58,E,E4,4,RENT,124900.0,debt_consolidation,27.54,1,19,0,36245.7,64.59,31,Fully Paid,Northeast
17600.0,36,6.7,521.64,B,B1,9,RENT,99900.0,debt_consolidation,34.02,0,18,0,584.49,70.99,28,Charged Off,Northeast
37600.0,36,12.55,1175.52,B,B3,5,MORTGAGE,49100.0,credit_card,16.37,0,4,0,18320.96,86.85,8,Charged Off,South
17700.0,36,13.01,555.63,B,B3,3,MORTGAGE,45100.0,credit_card,39.2,0,9,0,41623.2,85.44,13,Fully Paid,Northeast
15000.0,60,15.86,289.65,B,B2,1,OWN,23500.0,small_business,8.64,0,21,1,31610.54,35.78,25,Fully Paid,West
18200.0,36,9.23,552.22,A,A5,4,RENT,149900.0,credit_card,16.67,1,6,0,30763.52,61.59,13,Fully Paid,Midwest
21300.0,36,17.41,694.68,C,C3,10,MORTGAGE,68500.0,credit_card,15.14,0,21,0,11430.63,78.06,35,Fully Paid,Northeast
25600.0,36,21.58,864.57,A,A2,0,RENT,42400.0,debt_consolidation,37.21,0,13,0,31604.44,76.49,25,Charged Off,West
32200.0,60,17.43,630.21,E,E2,6,RENT,105200.0,small_business,11.42,1,7,0,39307.5,89.09,7,Fully Paid,Northeast
18600.0,60,21.64,377.08,B,B5,8,RENT,33300.0,debt_consolidation,18.83,0,24,0,20087.82,83.19,35,Fully Paid,Northeast
32900.0,36,6.66,974.75,C,C5,2,OWN,66400.0,credit_card,7.49,0,11,0,9104.61,71.79,21,Fully Paid,Northeast
21800.0,36,26.9,768.45,E,E1,5,RENT,49700.0,other,20.85,1,11,0,3863.71,74.89,25,Fully Paid,South
14200.0,36,28.48,506.78,D,D2,8,MORTGAGE,74600.0,major_purchase,34.3,0,2,0,25284.78,80.74,5,Fully Paid,Midwest
26700.0,60,20.45,536.0,C,C2,10,RENT,52500.0,credit_card,12.16,0,10,0,34192.93,83.79,10,Fully Paid,Midwest
29000.0,60,27.03,613.98,B,B1,3,MORTGAGE,26200.0,home_improvement,32.43,0,19,0,8131.96,35.27,23,Fully Paid,Midwest
22800.0,36,8.29,685.84,B,B4,5,MORTGAGE,56300.0,other,36.45,1,4,0,21072.18,78.18,10,Fully Paid,South
3200.0,36,24.94,111.06,D,D5,2,MORTGAGE,91500.0,major_purchase,2.92,1,2,0,28432.16,94.92,3,Fully Paid,Northeast
7600.0,60,7.98,136.77,G,G1,8,OWN,53400.0,credit_card,30.26,1,11,0,7792.92,23.3,12,Fully Paid,Midwest
12100.0,60,15.2,232.32,D,D3,6,RENT,79800.0,home_improvement,10.21,0,4,0,13494.5,4.82,15,Fully Paid,Midwest
12000.0,36,13.1,377.0,C,C2,6,MORTGAGE,32100.0,debt_consolidation,7.01,0,19,0,30420.67,7.24,25,Fully Paid,Northeast
27300.0,36,19.64,907.27,D,D2,3,MORTGAGE,53500.0,credit_card,24.04,0,8,0,36251.2,21.67,21,Fully Paid,Midwest
1700.0,36,12.54,53.14,C,C5,5,RENT,39600.0,debt_consolidation,28.22,0,8,0,31799.67,91.98,9,Fully Paid,Northeast
30500.0,36,20.93,1024.55,A,A4,10,OWN,78700.0,debt_consolidation,15.79,0,23,0,35681.71,12.68,34,Charged Off,South
11300.0,36,14.18,358.4,C,C4,10,RENT,55000.0,home_improvement,1.57,0,11,1,29075.22,74.76,21,Fully Paid,Midwest
13100.0,36,26.52,460.39,F,F5,7,RENT,76500.0,debt_consolidation,36.35,0,14,0,41791.65,86.7,15,Charged Off,Midwest
21600.0,36,20.85,725.1,A,A5,5,OWN,93300.0,debt_consolidation,29.23,0,5,0,41336.8,87.75,19,Fully Paid,Northeast
9400.0,36,10.38,288.21,D,D4,5,MORTGAGE,76600.0,debt_consolidation,10.87,0,13,0,39812.38,41.67,18,Fully Paid,West
35500.0,36,13.4,1118.25,B,B5,3,RENT,62100.0,debt_consolidation,19.87,1,4,0,28772.91,49.53,8,Fully Paid,South
4300.0,36,26.19,150.73,C,C4,7,OWN,32900.0,debt_consolidation,1.11,0,24,0,49706.51,32.32,24,Charged Off,Midwest
18300.0,60,14.66,349.71,A,A1,9,MORTGAGE,54100.0,other,13.57,1,17,0,1955.6,14.73,27,Fully Paid,Northeast
34100.0,36,18.39,1121.42,C,C2,7,OWN,41500.0,home_improvement,20.9,0,12,1,9782.65,21.22,18,Fully Paid,South
25000.0,36,21.22,841.81,D,D5,8,MORTGAGE,45600.0,debt_consolidation,20.69,0,4,0,40443.86,13.48,5,Fully Paid,Northeast
12400.0,36,13.7,391.63,B,B3,5,RENT,44900.0,debt_consolidation,8.33,0,9,0,41314.63,40.75,23,Fully Paid,West
17400.0,60,12.35,325.82,D,D3,1,MORTGAGE,33200.0,credit_card,31.07,0,8,0,40937.64,17.03,9,Fully Paid,Midwest
28600.0,60,16.88,557.13,E,E3,3,RENT,20400.0,home_improvement,11.95,1,15,0,43635.7,40.34,29,Charged Off,West
39000.0,36,10.37,1195.67,F,F4,3,MORTGAGE,38800.0,credit_card,23.22,2,3,0,21130.4,85.12,17,Fully Paid,Midwest
35800.0,60,12.11,668.92,B,B1,7,RENT,59700.0,debt_consolidation,10.86,0,11,2,46591.68,65.45,22,Fully Paid,West
14400.0,36,6.55,426.2,B,B1,4,OWN,27600.0,debt_consolidation,17.01,0,4,0,10458.52,66.28,6,Fully Paid,Midwest
39900.0,60,12.6,748.79,A,A5,3,RENT,54600.0,debt_consolidation,8.3,0,12,0,46847.42,81.19,20,Fully Paid,Northeast
1100.0,36,13.02,34.53,G,G1,7,OWN,140100.0,credit_card,25.32,0,20,0,27833.93,4.12,20,Fully Paid,South
2100.0,36,29.05,75.28,F,F3,2,RENT,90400.0,major_purchase,17.02,1,9,0,8194.2,79.45,20,Fully Paid,Midwest
33100.0,36,19.74,1100.94,C,C1,1,MORTGAGE,123200.0,small_business,0.64,0,21,0,36803.86,19.63,32,Fully Paid,Midwest
8800.0,36,24.68,304.77,E,E5,3,RENT,65900.0,debt_consolidation,1.13,0,6,0,14793.96,34.59,17,Fully Paid,Northeast
3400.0,36,6.13,100.23,C,C2,10,MORTGAGE,97100.0,major_purchase,18.85,1,10,0,11022.88,30.8,17,Fully Paid,West
10200.0,60,7.66,183.02,D,D3,0,RENT,37700.0,other,7.33,0,14,0,8603.76,10.57,15,Charged Off,Midwest
17600.0,60,25.36,367.72,A,A4,0,MORTGAGE,39300.0,home_improvement,23.4,1,12,0,1470.27,17.37,26,Fully Paid,West
29500.0,36,20.59,988.17,D,D3,4,OWN,13800.0,home_improvement,16.33,0,3,0,38232.7,95.63,13,Fully Paid,Northeast
25300.0,36,9.77,771.44,A,A5,10,MORTGAGE,98000.0,other,26.18,0,13,0,24325.21,60.03,21,Fully Paid,Midwest
10300.0,36,15.12,329.37,E,E3,0,OWN,117000.0,debt_consolidation,38.1,0,4,1,48936.61,47.4,8,Fully Paid,South
20600.0,36,18.47,677.91,E,E1,3,RENT,41100.0,debt_consolidation,21.15,0,16,0,21963.58,75.78,24,Fully Paid,Midwest
37100.0,36,26.09,1299.43,D,D5,7,RENT,47700.0,other,31.5,0,2,0,42167.53,81.37,15,Fully Paid,Northeast
32800.0,36,6.51,970.42,A,A5,7,MORTGAGE,37200.0,credit_card,30.12,0,12,1,48404.73,11.03,22,Fully Paid,West
13600.0,60,19.92,271.82,B,B2,1,MORTGAGE,65600.0,major_purchase,36.87,1,11,0,1123.1,74.09,22,Fully Paid,Midwest
39300.0,36,22.93,1341.99,B,B3,2,MORTGAGE,95100.0,major_purchase,8.56,1,4,0,5265.94,93.24,13,Fully Paid,Northeast
28600.0,36,29.45,1028.41,B,B3,2,RENT,22700.0,debt_consolidation,33.09,0,15,0,17393.19,58.54,23,Fully Paid,Northeast
3400.0,36,25.18,118.23,A,A3,0,MORTGAGE,66500.0,credit_card,36.22,0,22,0,43505.81,61.42,26,Fully Paid,Northeast
2400.0,36,11.91,74.61,F,F5,10,MORTGAGE,47200.0,credit_card,15.71,0,17,0,41897.52,87.04,18,Fully Paid,West
7600.0,36,22.74,259.12,C,C1,2,RENT,57300.0,debt_consolidation,12.55,0,10,0,18336.75,67.95,18,Fully Paid,West
29400.0,60,24.08,607.99,B,B2,7,RENT,68200.0,debt_consolidation,38.08,0,15,0,9995.2,99.53,29,Fully Paid,South
8200.0,36,23.24,280.71,B,B2,5,MORTGAGE,49300.0,credit_card,25.11,2,22,0,40116.04,28.27,29,Fully Paid,South
20900.0,36,25.5,728.6,C,C4,4,RENT,51400.0,debt_consolidation,15.23,1,2,0,29845.73,84.55,4,Charged Off,Midwest
4600.0,60,27.59,97.82,C,C2,9,MORTGAGE,48700.0,debt_consolidation,31.67,0,2,0,1580.02,61.24,16,Fully Paid,Northeast
36900.0,36,7.46,1101.46,C,C3,8,OWN,88000.0,debt_consolidation,12.18,1,5,0,40210.8,36.57,5,Fully Paid,South
14400.0,60,7.62,258.29,F,F4,6,MORTGAGE,66800.0,home_improvement,7.06,0,24,0,47848.04,88.31,28,Charged Off,West
36400.0,36,24.91,1262.98,C,C4,5,MORTGAGE,60500.0,small_business,21.76,0,24,0,2104.35,99.62,25,Fully Paid,Northeast
37900.0,36,11.31,1171.85,G,G1,4,MORTGAGE,28700.0,credit_card,22.65,0,24,0,14293.68,5.78,32,Charged Off,Midwest
1200.0,60,6.46,21.29,E,E2,4,RENT,44800.0,debt_consolidation,33.03,0,23,0,40973.25,92.55,27,Fully Paid,Northeast
19100.0,60,15.03,366.18,B,B2,9,RENT,84900.0,other,18.28,0,2,0,29232.48,20.31,8,Fully Paid,South
2000.0,36,25.5,69.72,F,F3,8,MORTGAGE,55200.0,debt_consolidation,32.58,1,20,0,49467.81,20.52,20,Fully Paid,South
36400.0,36,8.16,1093.62,A,A1,9,MORTGAGE,75300.0,debt_consolidation,12.45,0,22,1,45775.15,4.18,22,Fully Paid,Northeast
21200.0,60,21.8,430.36,E,E5,5,MORTGAGE,131000.0,debt_consolidation,23.01,1,13,0,8913.58,92.22,27,Fully Paid,West
3900.0,36,5.09,113.85,B,B5,10,OWN,91100.0,debt_consolidation,8.34,0,21,0,33701.41,75.94,28,Fully Paid,Northeast
5300.0,36,7.74,158.62,E,E5,3,RENT,56800.0,debt_consolidation,15.42,2,5,0,32664.35,5.34,18,Charged Off,Northeast
16000.0,60,13.77,303.39,E,E4,3,RENT,42000.0,debt_consolidation,34.3,2,10,0,5542.86,63.35,17,Charged Off,Northeast
37700.0,36,7.09,1121.47,E,E5,3,RENT,15100.0,debt_consolidation,8.64,0,8,0,4475.95,12.01,19,Fully Paid,Northeast
28000.0,60,26.15,588.7,E,E3,10,MORTGAGE,49800.0,credit_card,32.41,0,15,0,28472.21,75.14,22,Fully Paid,Northeast
34800.0,60,26.6,734.28,B,B5,5,MORTGAGE,46000.0,debt_consolidation,11.31,0,24,0,20148.66,40.91,30,Fully Paid,West
15300.0,36,23.89,526.53,A,A2,0,RENT,65900.0,credit_card,1.38,0,4,0,27272.3,5.18,8,Fully Paid,Midwest
2700.0,60,11.06,49.98,C,C1,8,MORTGAGE,50200.0,credit_card,4.4,1,16,0,11941.42,82.94,16,Fully Paid,Midwest
39000.0,36,18.08,1279.2,A,A1,1,MORTGAGE,46200.0,debt_consolidation,29.84,0,12,0,27833.15,57.24,25,Fully Paid,South
1700.0,36,9.6,51.76,D,D2,1,MORTGAGE,22300.0,major_purchase,10.48,0,11,0,19169.77,77.29,18,Fully Paid,West
38000.0,36,12.03,1182.54,B,B1,4,OWN,33900.0,credit_card,26.17,0,21,0,44376.88,67.45,30,Fully Paid,Northeast
15400.0,60,17.9,302.61,G,G1,10,RENT,68800.0,debt_consolidation,27.97,0,16,0,15304.33,43.44,26,Fully Paid,West
1400.0,60,23.38,28.79,D,D2,3,MORTGAGE,127800.0,debt_consolidation,13.8,0,18,0,43541.73,69.87,24,Charged Off,Midwest
27900.0,36,7.37,832.12,E,E3,2,OWN,51600.0,major_purchase,19.0,0,20,0,19499.62,1.48,31,Charged Off,Northeast
39200.0,36,12.42,1224.13,A,A4,4,MORTGAGE,63800.0,home_improvement,16.15,0,12,0,28908.29,33.97,25,Charged Off,West
38700.0,60,28.17,826.7,E,E5,6,MORTGAGE,87200.0,credit_card,37.89,0,21,0,14318.85,77.79,32,Fully Paid,South
7300.0,36,15.73,234.67,F,F2,9,MORTGAGE,36100.0,debt_consolidation,12.8,0,17,0,40454.45,76.31,28,Charged Off,Midwest
8100.0,36,28.47,289.06,C,C2,1,MORTGAGE,65100.0,credit_card,7.33,0,5,0,42182.33,88.74,7,Fully Paid,Northeast
23100.0,36,29.79,832.82,C,C1,5,MORTGAGE,37400.0,credit_card,14.62,1,8,0,40452.52,61.1,14,Fully Paid,Northeast
25900.0,60,18.17,510.1,D,D5,3,RENT,83500.0,small_business,26.78,0,12,0,31991.82,94.22,16,Fully Paid,Northeast
29800.0,60,12.2,557.26,A,A4,1,RENT,58400.0,credit_card,27.89,0,21,0,15239.2,55.77,30,Charged Off,Northeast
8100.0,60,24.77,168.44,C,C4,0,RENT,62900.0,debt_consolidation,36.96,0,18,0,31824.41,50.05,28,Fully Paid,Northeast
38400.0,36,8.98,1162.45,B,B2,7,RENT,36600.0,debt_consolidation,35.27,0,20,1,47975.58,19.72,29,Fully Paid,Northeast
25900.0,60,11.3,480.44,A,A3,4,RENT,77200.0,debt_consolidation,11.53,0,11,0,32419.27,77.88,20,Fully Paid,West
34000.0,36,24.62,1176.97,B,B3,9,OWN,153600.0,home_improvement,18.21,0,16,0,47819.65,69.21,19,Fully Paid,South
22100.0,60,15.84,426.68,A,A2,1,RENT,32700.0,debt_consolidation,29.89,0,7,1,15229.02,46.08,7,Fully Paid,West
17200.0,36,10.04,525.75,A,A3,7,OWN,45700.0,credit_card,36.66,0,14,0,42300.05,8.71,23,Fully Paid,West
39100.0,36,21.28,1317.24,A,A5,2,MORTGAGE,60800.0,home_improvement,13.49,0,4,0,35923.42,12.57,5,Fully Paid,Northeast
23700.0,36,23.32,811.86,G,G3,6,MORTGAGE,80300.0,debt_consolidation,17.78,0,9,0,40960.2,11.45,10,Fully Paid,Northeast
34800.0,36,8.13,1045.26,C,C5,1,MORTGAGE,41000.0,home_improvement,35.98,0,8,0,35538.15,37.56,17,Fully Paid,West
38200.0,60,11.92,712.56,G,G3,6,RENT,13100.0,credit_card,14.34,0,6,0,24018.14,15.9,17,Charged Off,Midwest
27300.0,60,10.53,502.91,C,C4,3,OWN,106900.0,debt_consolidation,19.22,1,19,0,34328.75,86.08,20,Charged Off,Northeast
22400.0,36,14.5,712.44,B,B2,9,RENT,79200.0,small_business,36.18,0,22,0,46604.5,89.93,30,Fully Paid,Northeast
1100.0,60,24.09,22.75,C,C5,0,OWN,22700.0,home_improvement,32.09,0,17,1,20877.06,85.68,22,Fully Paid,Midwest
2600.0,36,22.84,88.72,C,C4,4,MORTGAGE,40000.0,debt_consolidation,9.74,0,10,0,47587.26,60.89,22,Fully Paid,West
8800.0,60,21.56,178.29,A,A2,3,RENT,118700.0,major_purchase,12.99,1,12,0,2470.0,59.64,16,Fully Paid,Midwest
8300.0,60,5.16,145.47,D,D4,7,RENT,111700.0,home_improvement,14.12,1,22,0,708.63,89.09,31,Fully Paid,Northeast
10900.0,60,8.55,197.2,B,B5,0,MORTGAGE,86600.0,major_purchase,36.51,1,20,0,24690.14,40.63,23,Fully Paid,South
12900.0,36,10.58,396.24,C,C3,1,MORTGAGE,49600.0,credit_card,39.96,0,15,0,42425.65,6.23,23,Fully Paid,Midwest
15000.0,36,11.8,465.83,D,D2,4,MORTGAGE,56500.0,debt_consolidation,30.96,0,8,0,12391.77,47.04,22,Charged Off,Midwest
17400.0,60,8.66,315.11,A,A4,9,RENT,50700.0,debt_consolidation,19.37,1,13,0,34671.19,55.37,21,Fully Paid,Northeast
4900.0,36,15.26,156.88,A,A3,9,OWN,95200.0,home_improvement,0.41,1,20,0,27345.25,54.95,29,Fully Paid,Midwest
2700.0,60,6.88,48.1,E,E1,1,RENT,35000.0,debt_consolidation,27.9,1,9,0,14539.76,15.9,20,Charged Off,Northeast
27300.0,60,23.75,563.06,C,C5,10,MORTGAGE,36200.0,major_purchase,15.57,0,22,1,14289.67,78.34,28,Fully Paid,South
22000.0,36,24.69,761.99,A,A5,0,MORTGAGE,89800.0,debt_consolidation,25.32,1,6,0,3663.81,73.2,10,Fully Paid,South
18300.0,60,19.36,364.05,G,G3,5,RENT,53000.0,credit_card,24.27,0,7,0,26810.7,22.99,12,Charged Off,West
25700.0,60,7.24,459.34,A,A3,9,RENT,107900.0,credit_card,19.23,1,12,0,22507.05,55.12,14,Fully Paid,Northeast
33300.0,36,27.25,1177.06,D,D2,3,MORTGAGE,38700.0,credit_card,37.78,0,23,0,14471.15,79.03,24,Fully Paid,South
17700.0,36,29.14,634.94,G,G4,4,RENT,52700.0,home_improvement,0.93,0,4,0,48521.62,0.77,13,Charged Off,Northeast
26000.0,60,10.06,476.93,B,B1,2,MORTGAGE,34200.0,credit_card,28.49,0,12,0,40923.74,27.52,21,Fully Paid,Midwest
38200.0,36,22.62,1301.13,A,A2,9,MORTGAGE,54400.0,debt_consolidation,16.39,0,24,0,26247.54,47.2,27,Fully Paid,Midwest
33700.0,36,26.05,1179.97,A,A2,5,RENT,25900.0,debt_consolidation,28.55,0,13,0,26085.21,84.5,27,Charged Off,Northeast
17600.0,60,18.5,347.6,B,B1,3,RENT,42500.0,small_business,27.01,0,2,0,9680.58,79.9,16,Fully Paid,Northeast
26100.0,36,13.08,819.83,A,A5,5,MORTGAGE,26400.0,small_business,0.41,0,5,0,32456.36,15.1,7,Fully Paid,Midwest
7900.0,60,16.96,154.0,D,D2,4,OWN,76600.0,debt_consolidation,11.41,0,21,0,47681.77,46.27,24,Charged Off,Northeast
22900.0,36,17.81,749.4,A,A5,10,MORTGAGE,77500.0,debt_consolidation,7.56,0,2,1,44914.48,30.46,11,Fully Paid,Midwest
39300.0,36,15.02,1255.64,C,C4,1,RENT,22800.0,debt_consolidation,6.68,0,7,0,4238.55,40.14,17,Charged Off,West
21200.0,60,28.25,453.15,G,G3,3,RENT,105600.0,other,29.14,0,3,0,2654.86,54.06,3,Charged Off,West
37200.0,36,23.6,1277.2,E,E4,1,MORTGAGE,188800.0,debt_consolidation,9.58,0,14,0,48062.25,49.93,14,Charged Off,West
16900.0,60,11.03,312.73,C,C3,4,OWN,55400.0,debt_consolidation,18.99,0,17,0,9995.29,14.16,22,Fully Paid,Northeast
40000.0,60,19.64,797.6,B,B2,2,RENT,39300.0,debt_consolidation,9.88,1,12,0,27520.7,12.17,22,Fully Paid,Midwest
23600.0,60,22.22,480.73,D,D3,5,RENT,222400.0,home_improvement,23.21,0,15,0,3735.49,13.03,24,Fully Paid,South
2600.0,36,8.5,78.36,C,C1,10,MORTGAGE,28000.0,small_business,28.82,0,7,0,42164.88,84.13,10,Fully Paid,South
23900.0,36,13.96,756.57,C,C1,4,MORTGAGE,54700.0,debt_consolidation,13.24,0,17,0,5893.23,1.99,18,Fully Paid,Midwest
11700.0,60,27.64,248.9,A,A4,1,RENT,59300.0,debt_consolidation,24.12,1,18,0,32187.86,20.24,20,Fully Paid,Midwest
2300.0,36,19.18,76.14,E,E1,9,MORTGAGE,106100.0,credit_card,32.99,0,11,0,2831.4,95.59,18,Fully Paid,Midwest
33000.0,36,10.42,1012.18,C,C4,10,RENT,64900.0,debt_consolidation,3.77,0,22,0,7833.59,6.6,27,Fully Paid,Midwest
11800.0,36,8.07,354.23,B,B5,7,RENT,42200.0,debt_consolidation,28.43,0,23,0,25607.05,3.63,37,Charged Off,Midwest
32100.0,36,17.96,1051.81,B,B5,5,MORTGAGE,33700.0,small_business,12.93,1,14,0,2284.26,38.73,15,Fully Paid,South
12200.0,60,18.69,241.34,C,C4,8,MORTGAGE,45700.0,small_business,4.91,0,14,0,9780.64,15.12,20,Fully Paid,West
8600.0,60,13.36,162.48,E,E4,2,RENT,32700.0,other,21.83,0,3,0,6808.62,56.58,4,Fully Paid,Midwest
39000.0,60,20.76,784.94,D,D4,10,RENT,55500.0,credit_card,9.05,0,2,0,2028.75,33.86,2,Fully Paid,Northeast
15100.0,36,6.72,447.63,D,D3,3,RENT,40900.0,debt_consolidation,32.85,0,24,0,48549.84,20.9,28,Fully Paid,West
24500.0,60,8.63,443.57,A,A1,10,MORTGAGE,25700.0,major_purchase,1.72,0,2,0,22508.31,99.86,13,Fully Paid,South
24800.0,36,18.66,817.44,C,C3,7,RENT,101500.0,debt_consolidation,3.95,0,8,0,42946.79,34.11,21,Fully Paid,Midwest
22900.0,36,6.55,677.78,C,C3,6,RENT,42200.0,debt_consolidation,20.84,0,14,0,17911.14,64.1,23,Fully Paid,Northeast
36700.0,36,27.02,1294.9,A,A3,7,RENT,28700.0,debt_consolidation,23.56,0,18,0,2129.6,87.41,26,Fully Paid,South
27300.0,60,8.55,493.9,B,B5,8,OWN,49800.0,other,29.2,1,10,0,34782.69,92.24,14,Fully Paid,West
16700.0,60,21.85,339.15,D,D5,7,MORTGAGE,56100.0,home_improvement,10.37,0,14,0,1937.71,41.01,14,Fully Paid,West
34600.0,60,14.78,661.9,A,A3,7,RENT,22600.0,debt_consolidation,33.67,0,17,0,27639.11,97.62,18,Fully Paid,Northeast
8100.0,60,14.99,155.24,C,C2,5,OWN,63900.0,debt_consolidation,38.13,0,6,0,6955.6,72.46,9,Fully Paid,Midwest
22200.0,60,24.12,459.24,B,B3,10,RENT,32100.0,small_business,19.96,0,23,0,33540.85,58.33,27,Fully Paid,Northeast
38100.0,36,17.49,1243.44,A,A2,1,OWN,127500.0,major_purchase,30.42,0,8,0,44635.2,69.33,9,Fully Paid,Northeast
25400.0,60,23.14,521.29,B,B2,6,RENT,70400.0,home_improvement,20.99,0,2,0,47788.19,36.01,4,Fully Paid,South
32900.0,36,17.63,1075.01,G,G1,3,RENT,44400.0,debt_consolidation,2.78,0,9,0,26388.82,42.44,14,Fully Paid,Northeast
26500.0,36,19.82,882.01,E,E4,2,RENT,37300.0,credit_card,13.04,0,7,0,26635.19,58.63,12,Fully Paid,Northeast
33700.0,36,24.02,1160.96,F,F3,3,MORTGAGE,51400.0,credit_card,3.5,0,13,0,1913.95,32.68,22,Fully Paid,West
37800.0,36,20.18,1261.89,C,C3,3,MORTGAGE,73600.0,other,39.56,0,3,0,38493.81,76.88,3,Fully Paid,South
11600.0,36,20.39,387.92,A,A3,2,OWN,53500.0,debt_consolidation,9.16,0,2,0,47810.42,25.11,11,Fully Paid,Midwest
7600.0,36,24.73,263.32,C,C4,8,RENT,48600.0,credit_card,25.44,0,16,0,21911.71,79.68,23,Fully Paid,West
19900.0,36,28.73,711.59,C,C2,2,RENT,55800.0,debt_consolidation,11.37,1,18,0,39684.6,15.22,28,Fully Paid,Northeast
28400.0,60,14.42,541.59,E,E3,1,OWN,40100.0,debt_consolidation,26.13,0,21,0,39872.82,21.74,26,Charged Off,Midwest
9900.0,60,19.43,197.06,A,A3,0,MORTGAGE,45600.0,debt_consolidation,8.42,1,4,0,39285.04,75.31,6,Fully Paid,South
1200.0,36,7.16,35.72,C,C4,10,MORTGAGE,19100.0,small_business,31.41,0,7,1,37934.05,26.31,8,Fully Paid,West
14400.0,36,13.97,455.88,A,A5,0,MORTGAGE,88200.0,debt_consolidation,4.43,0,17,0,10754.84,79.54,31,Fully Paid,Midwest
38800.0,36,15.3,1242.68,B,B4,4,RENT,62900.0,debt_consolidation,35.81,0,11,0,37571.24,78.39,21,Fully Paid,Northeast
28100.0,36,25.88,982.56,D,D4,4,MORTGAGE,36800.0,debt_consolidation,33.62,0,14,0,7219.77,25.73,22,Charged Off,Northeast
16700.0,36,17.83,546.6,C,C5,8,RENT,140000.0,small_business,27.15,0,9,0,35625.15,7.31,19,Fully Paid,Midwest
8500.0,60,23.28,174.65,B,B1,3,MORTGAGE,56600.0,major_purchase,2.7,1,18,0,176.94,16.64,25,Fully Paid,West
14900.0,36,5.48,436.57,B,B4,4,RENT,32300.0,debt_consolidation,8.34,0,8,0,45941.25,75.25,21,Fully Paid,Midwest
7600.0,36,16.61,246.18,C,C4,5,RENT,83100.0,debt_consolidation,34.37,1,6,0,41369.44,84.7,8,Charged Off,Northeast
5100.0,36,27.53,180.67,E,E3,9,RENT,66100.0,credit_card,4.88,1,9,0,34148.17,38.31,15,Fully Paid,South
36400.0,36,10.61,1118.39,E,E2,6,OWN,66000.0,debt_consolidation,6.24,0,2,0,4723.39,16.42,8,Fully Paid,West
39900.0,36,5.79,1172.51,F,F2,8,MORTGAGE,43800.0,debt_consolidation,21.76,0,3,0,41249.43,7.55,14,Fully Paid,Northeast
7400.0,36,15.84,238.12,E,E4,5,MORTGAGE,67900.0,major_purchase,10.97,1,5,0,43758.69,21.58,5,Fully Paid,Northeast
3100.0,60,22.61,63.35,B,B2,0,MORTGAGE,47500.0,debt_consolidation,8.88,0,2,0,34399.39,97.97,7,Fully Paid,Midwest
13900.0,36,16.36,449.28,D,D3,7,MORTGAGE,71500.0,other,23.03,0,22,0,48794.33,17.03,24,Charged Off,Northeast
19000.0,36,16.5,614.86,C,C4,1,RENT,20900.0,debt_consolidation,14.9,0,11,0,4643.97,8.62,24,Fully Paid,West
9000.0,36,21.75,304.38,B,B4,8,OWN,43600.0,debt_consolidation,5.62,0,4,0,35432.48,78.55,13,Fully Paid,Midwest
12800.0,36,11.36,395.95,E,E4,10,OWN,128200.0,debt_consolidation,21.39,0,3,0,26239.8,61.54,5,Fully Paid,South
8800.0,36,23.8,302.62,A,A3,6,MORTGAGE,36900.0,credit_card,15.48,0,8,1,7280.31,53.48,12,Fully Paid,Northeast
31200.0,36,8.83,943.19,F,F2,6,RENT,40100.0,debt_consolidation,29.38,0,3,0,32920.71,44.79,15,Fully Paid,West
28800.0,36,14.89,919.12,C,C4,9,RENT,43300.0,home_improvement,4.11,0,7,0,39976.41,70.18,12,Charged Off,West
25800.0,36,21.4,870.03,D,D5,9,RENT,29500.0,debt_consolidation,24.82,0,9,0,8237.41,69.84,17,Charged Off,South
16100.0,36,25.71,562.2,D,D4,4,MORTGAGE,18000.0,debt_consolidation,17.46,0,4,0,39674.54,42.44,16,Fully Paid,West
36500.0,36,24.79,1265.23,E,E2,7,MORTGAGE,48300.0,small_business,16.24,0,22,1,4648.53,23.42,36,Fully Paid,West
38800.0,36,23.04,1326.1,D,D1,9,RENT,58000.0,other,9.29,0,20,0,29570.01,84.13,24,Fully Paid,South
7800.0,36,13.98,246.96,C,C1,0,MORTGAGE,52800.0,credit_card,1.22,2,10,0,39923.51,16.46,12,Fully Paid,Northeast
9700.0,36,8.06,291.16,A,A1,2,RENT,50400.0,major_purchase,33.91,0,2,0,7297.84,53.4,2,Fully Paid,West
21500.0,36,10.42,659.45,C,C5,8,RENT,55400.0,debt_consolidation,13.06,0,9,0,28575.95,69.27,20,Charged Off,Midwest
4600.0,36,26.62,161.79,A,A1,0,MORTGAGE,90300.0,debt_consolidation,27.24,2,7,1,21243.91,63.89,9,Fully Paid,West
18000.0,36,26.43,632.15,D,D3,10,RENT,49300.0,debt_consolidation,37.9,2,24,0,30363.77,61.88,27,Charged Off,Midwest
23700.0,36,28.79,847.87,C,C3,7,RENT,40700.0,other,22.6,0,3,0,21211.09,66.25,12,Fully Paid,West
21400.0,36,6.9,635.46,D,D1,5,MORTGAGE,47100.0,credit_card,15.89,0,24,0,12545.59,87.57,37,Fully Paid,Northeast
13900.0,36,18.42,457.23,A,A1,9,MORTGAGE,72400.0,debt_consolidation,10.73,0,15,0,12690.54,36.54,21,Fully Paid,West
22200.0,60,21.22,448.51,A,A2,4,MORTGAGE,109800.0,debt_consolidation,37.36,0,2,0,43235.01,62.74,6,Fully Paid,Midwest
38400.0,60,22.77,785.73,D,D3,5,RENT,39600.0,debt_consolidation,27.28,0,8,0,7822.72,69.7,10,Fully Paid,West
9000.0,60,21.1,181.65,A,A2,10,RENT,56900.0,debt_consolidation,26.61,0,12,0,6155.71,59.03,20,Fully Paid,Midwest
26500.0,60,24.25,548.77,A,A2,4,RENT,64200.0,credit_card,17.05,2,17,0,4853.96,90.3,29,Fully Paid,South
2700.0,60,13.99,51.3,A,A1,8,MORTGAGE,33000.0,debt_consolidation,33.8,1,3,0,3707.74,65.48,12,Fully Paid,West
3600.0,60,9.49,65.69,F,F2,1,RENT,54700.0,debt_consolidation,28.55,0,19,0,724.61,42.44,24,Charged Off,West
22500.0,36,10.11,688.19,D,D1,9,RENT,26000.0,debt_consolidation,11.33,0,20,0,8020.29,84.56,24,Charged Off,Midwest
5100.0,36,5.3,149.17,B,B1,5,RENT,22400.0,credit_card,23.98,0,11,1,9636.37,48.96,25,Fully Paid,Midwest
1900.0,36,13.76,60.04,B,B4,3,MORTGAGE,65100.0,home_improvement,17.21,0,5,0,13486.2,53.02,11,Fully Paid,Northeast
7700.0,36,7.29,229.48,B,B3,2,RENT,44700.0,debt_consolidation,0.26,1,4,0,6201.97,58.23,16,Fully Paid,South
23000.0,60,13.04,433.32,D,D5,4,RENT,59900.0,home_improvement,32.3,0,14,0,4707.79,32.28,25,Charged Off,Midwest
28400.0,36,20.71,952.27,D,D3,1,OWN,53700.0,debt_consolidation,4.91,0,7,0,27073.84,72.25,21,Fully Paid,Northeast
8900.0,60,27.36,188.92,B,B5,2,RENT,33200.0,debt_consolidation,20.4,1,11,0,35934.32,9.81,20,Fully Paid,Midwest
27100.0,36,25.99,948.42,A,A4,6,RENT,53000.0,small_business,13.45,0,9,0,31509.36,86.88,9,Fully Paid,South
8100.0,36,11.32,250.47,A,A4,0,RENT,29200.0,debt_consolidation,13.68,1,11,0,27835.32,75.45,18,Fully Paid,South
24900.0,36,8.35,749.42,D,D3,1,MORTGAGE,108600.0,debt_consolidation,19.09,1,3,0,22028.19,35.36,9,Fully Paid,South
17100.0,36,9.83,521.69,D,D4,2,RENT,27500.0,other,39.88,1,21,1,31699.01,22.64,33,Fully Paid,South
26500.0,36,29.27,951.57,B,B4,9,RENT,49100.0,debt_consolidation,16.34,1,16,0,45093.34,38.79,20,Fully Paid,West
39800.0,60,18.74,787.64,A,A1,6,RENT,32200.0,debt_consolidation,7.29,0,2,0,31370.92,80.51,7,Fully Paid,South
37600.0,60,9.56,686.58,A,A4,3,MORTGAGE,72100.0,other,24.54,0,12,0,3043.05,3.16,26,Fully Paid,South
1200.0,60,26.02,25.2,G,G2,7,RENT,45900.0,debt_consolidation,9.45,0,2,0,28520.94,46.79,10,Fully Paid,Northeast
35500.0,36,14.88,1132.84,B,B4,7,MORTGAGE,41800.0,home_improvement,4.22,0,23,0,26210.72,25.41,23,Fully Paid,South
3600.0,60,27.48,76.49,D,D5,0,MORTGAGE,83000.0,debt_consolidation,2.01,0,17,0,22601.16,87.5,31,Fully Paid,Midwest
38200.0,36,11.52,1183.35,D,D3,4,RENT,55000.0,credit_card,0.92,0,13,0,28439.77,41.38,23,Fully Paid,Midwest
12000.0,36,14.83,382.77,B,B5,0,RENT,70100.0,credit_card,17.25,0,13,0,33630.88,69.79,15,Fully Paid,Midwest
15900.0,60,17.62,311.69,B,B1,6,MORTGAGE,33200.0,debt_consolidation,17.07,0,20,0,1863.0,35.79,34,Fully Paid,West
4600.0,36,27.32,162.69,A,A4,3,MORTGAGE,26800.0,major_purchase,7.42,0,14,0,24010.04,32.97,26,Fully Paid,Midwest
5400.0,36,26.72,190.08,C,C2,7,MORTGAGE,57200.0,other,31.36,0,9,0,40861.4,32.59,19,Charged Off,South
29300.0,36,19.36,971.46,D,D1,7,MORTGAGE,46200.0,debt_consolidation,5.17,0,3,0,26538.86,67.82,15,Fully Paid,West
37800.0,60,10.54,696.4,D,D3,8,RENT,74100.0,major_purchase,36.61,1,20,0,3392.89,96.42,28,Fully Paid,South
24800.0,36,15.08,792.77,C,C4,10,MORTGAGE,52100.0,debt_consolidation,23.5,0,15,0,38753.5,20.81,17,Fully Paid,Northeast
28900.0,36,29.39,1038.71,A,A3,5,RENT,60000.0,debt_consolidation,1.1,1,24,1,47066.58,64.39,29,Fully Paid,South
30700.0,36,20.19,1024.95,G,G1,6,OWN,24100.0,other,38.52,2,2,0,42592.2,26.54,11,Fully Paid,Midwest
11200.0,60,24.53,232.46,E,E2,6,MORTGAGE,139300.0,credit_card,12.32,0,10,0,18128.44,54.94,11,Fully Paid,Northeast
2800.0,60,16.25,54.25,B,B3,4,RENT,49900.0,debt_consolidation,18.0,0,20,0,26741.19,54.16,28,Fully Paid,Northeast
1100.0,36,18.3,36.15,G,G4,6,RENT,76800.0,credit_card,11.37,0,15,0,29565.61,45.0,19,Charged Off,Northeast
14700.0,36,15.72,472.52,C,C5,8,RENT,35700.0,debt_consolidation,29.14,0,5,0,35789.93,49.86,12,Fully Paid,Northeast
10400.0,36,22.57,354.09,C,C5,10,OWN,63200.0,credit_card,19.43,0,3,0,33303.44,88.02,4,Charged Off,West
3400.0,36,26.29,119.27,D,D3,3,MORTGAGE,28200.0,credit_card,5.29,0,11,0,9953.57,8.86,21,Charged Off,South
8000.0,60,17.68,156.91,E,E2,1,OWN,67900.0,small_business,4.17,0,16,0,42151.92,83.03,23,Fully Paid,Northeast
5900.0,36,17.02,191.78,D,D1,7,MORTGAGE,45300.0,debt_consolidation,29.02,0,2,0,42459.12,46.23,13,Charged Off,West
36700.0,36,13.51,1157.17,A,A4,6,RENT,55000.0,debt_consolidation,9.48,0,12,0,20217.58,33.36,16,Fully Paid,West
6500.0,60,9.43,118.55,B,B3,5,RENT,76800.0,debt_consolidation,5.51,0,17,0,6545.73,17.71,19,Fully Paid,West
22000.0,36,28.48,785.16,F,F4,6,RENT,29300.0,debt_consolidation,19.98,0,14,0,30428.34,81.48,26,Fully Paid,South
24100.0,60,12.9,453.48,B,B2,2,RENT,38500.0,other,32.11,0,9,0,17863.0,59.2,14,Charged Off,Northeast
22200.0,60,25.02,462.57,B,B5,5,OWN,68100.0,other,11.15,0,10,0,37069.53,72.84,15,Fully Paid,South
4900.0,60,22.88,100.35,C,C1,9,MORTGAGE,154700.0,home_improvement,11.06,0,16,0,15782.86,31.5,26,Fully Paid,West
13400.0,36,24.77,464.42,C,C5,6,OWN,50600.0,credit_card,33.36,0,6,0,13149.96,39.3,13,Fully Paid,West
3000.0,36,28.42,107.02,C,C1,6,OWN,72800.0,small_business,5.91,0,22,0,43385.52,91.36,28,Charged Off,South
16400.0,60,20.58,329.59,F,F5,4,RENT,51400.0,debt_consolidation,24.67,0,22,0,30791.03,96.12,30,Fully Paid,West
8400.0,36,27.45,297.38,B,B3,2,RENT,143100.0,debt_consolidation,38.2,1,23,0,4299.58,73.98,23,Fully Paid,West
22900.0,36,9.19,694.57,A,A2,1,RENT,22600.0,debt_consolidation,33.65,0,21,1,34468.14,74.94,28,Fully Paid,Midwest
28000.0,36,20.67,938.54,B,B5,6,MORTGAGE,56800.0,small_business,2.47,1,19,0,37636.68,69.44,19,Fully Paid,West
21800.0,36,24.31,752.77,E,E2,3,OWN,24000.0,credit_card,12.8,1,3,0,11760.18,58.72,11,Fully Paid,South
17900.0,60,11.79,333.51,D,D5,1,RENT,15500.0,credit_card,5.69,0,23,0,48382.82,59.51,33,Fully Paid,Northeast
16100.0,36,23.52,552.41,B,B4,7,MORTGAGE,62900.0,debt_consolidation,37.97,1,6,0,18642.91,96.38,15,Fully Paid,Northeast
33800.0,36,24.46,1168.54,E,E5,1,OWN,58100.0,credit_card,39.44,0,21,0,47028.69,75.09,23,Fully Paid,South
9600.0,60,25.78,201.25,E,E1,5,RENT,47000.0,small_business,9.4,0,17,0,14680.85,65.53,19,Fully Paid,South
29600.0,60,12.82,556.58,E,E4,3,MORTGAGE,51400.0,debt_consolidation,26.79,0,17,1,30459.8,18.91,28,Charged Off,West
30500.0,36,22.04,1033.95,F,F3,8,MORTGAGE,255000.0,credit_card,33.67,0,23,0,25878.49,97.71,34,Fully Paid,South
17300.0,36,12.61,541.15,B,B3,4,RENT,47600.0,debt_consolidation,9.35,0,5,0,49607.93,52.03,18,Fully Paid,South
12600.0,36,23.48,432.18,D,D3,3,MORTGAGE,69900.0,major_purchase,7.51,1,21,0,20417.78,94.37,35,Charged Off,West
19400.0,36,16.57,628.18,C,C2,7,RENT,39200.0,credit_card,0.45,0,23,0,8964.53,71.36,25,Fully Paid,Midwest
4600.0,60,19.94,91.95,E,E3,2,MORTGAGE,62800.0,debt_consolidation,16.48,0,12,0,41660.44,4.01,12,Fully Paid,Midwest
2800.0,36,15.4,89.76,D,D5,8,MORTGAGE,48100.0,debt_consolidation,35.98,1,21,0,2102.21,53.9,27,Fully Paid,West
5400.0,36,9.05,163.58,D,D4,7,OWN,44100.0,debt_consolidation,36.12,0,17,1,44247.8,89.27,28,Fully Paid,Midwest
8300.0,36,9.45,252.34,D,D1,7,RENT,134500.0,small_business,5.11,0,24,0,5529.47,5.18,27,Fully Paid,Midwest
20700.0,36,6.94,614.9,A,A3,9,RENT,97600.0,other,8.17,0,13,0,28600.62,86.67,27,Fully Paid,West
34100.0,36,20.45,1140.93,C,C1,4,RENT,58000.0,credit_card,16.32,0,7,0,35670.77,61.34,21,Fully Paid,Midwest
10200.0,36,26.22,357.62,G,G2,0,RENT,17100.0,debt_consolidation,31.22,0,17,0,16816.17,4.45,31,Charged Off,South
37500.0,60,5.52,659.5,F,F2,10,MORTGAGE,45200.0,home_improvement,24.47,1,20,0,42237.07,37.36,22,Fully Paid,Midwest
38200.0,36,6.66,1131.78,A,A1,9,RENT,209300.0,credit_card,20.55,0,12,0,29685.25,3.02,16,Fully Paid,Midwest
38400.0,60,16.44,745.22,A,A5,8,RENT,48300.0,debt_consolidation,23.68,0,13,1,19757.79,0.17,24,Fully Paid,South
33700.0,36,23.44,1155.54,A,A1,1,MORTGAGE,94100.0,debt_consolidation,3.85,0,5,0,16268.18,89.64,5,Fully Paid,South
15200.0,36,8.94,459.97,D,D4,0,MORTGAGE,111400.0,small_business,19.11,0,14,0,5600.41,74.86,27,Fully Paid,Northeast
3800.0,36,11.79,118.0,E,E3,5,RENT,60400.0,major_purchase,39.68,0,3,0,32018.18,28.95,17,Fully Paid,West
23200.0,36,10.8,714.04,B,B5,0,MORTGAGE,35600.0,major_purchase,3.54,0,20,0,18202.15,11.37,30,Fully Paid,Northeast
22800.0,36,14.98,728.21,C,C1,9,MORTGAGE,16000.0,debt_consolidation,20.77,1,12,0,16028.03,5.44,16,Fully Paid,Northeast
34100.0,36,10.62,1047.82,E,E4,9,RENT,76300.0,major_purchase,11.83,0,2,0,47497.4,91.72,3,Charged Off,Midwest
39800.0,60,13.81,754.94,D,D1,9,OWN,36000.0,credit_card,21.6,0,10,1,13639.88,62.56,17,Charged Off,South
20800.0,60,23.21,427.13,C,C3,6,MORTGAGE,59200.0,debt_consolidation,22.95,0,11,0,43828.26,16.06,25,Charged Off,Northeast
14500.0,36,20.28,484.46,C,C2,6,MORTGAGE,29000.0,small_business,23.1,0,4,0,48744.8,68.15,12,Fully Paid,West
8300.0,36,7.03,246.76,C,C1,0,RENT,47400.0,other,34.09,0,9,0,41137.0,99.89,17,Fully Paid,Northeast
1200.0,60,20.94,24.19,B,B4,9,RENT,55100.0,small_business,15.59,0,17,0,975.85,78.8,19,Charged Off,Midwest
20900.0,36,16.93,678.84,C,C1,4,MORTGAGE,62000.0,major_purchase,20.65,0,5,0,43431.2,44.65,19,Fully Paid,Northeast
22700.0,60,28.36,485.63,D,D3,2,MORTGAGE,31000.0,home_improvement,0.44,0,12,0,10670.77,81.42,19,Fully Paid,South
33200.0,60,12.23,621.01,E,E4,10,MORTGAGE,98600.0,home_improvement,31.58,0,9,0,17663.88,74.43,10,Fully Paid,South
20700.0,36,23.15,708.11,D,D2,1,MORTGAGE,40200.0,small_business,10.38,0,8,1,49579.16,8.87,8,Fully Paid,West
36700.0,36,23.27,1256.67,D,D3,10,MORTGAGE,23500.0,credit_card,32.66,0,21,0,20248.89,92.57,21,Fully Paid,Northeast
25500.0,36,10.54,782.99,A,A1,4,MORTGAGE,51300.0,debt_consolidation,10.63,0,16,0,32741.74,88.41,22,Fully Paid,South
33800.0,60,27.58,718.7,C,C5,4,MORTGAGE,55100.0,major_purchase,0.43,0,24,0,15535.96,59.06,34,Fully Paid,Northeast
6800.0,36,17.28,221.53,A,A1,1,MORTGAGE,58700.0,other,6.19,1,9,0,18471.43,50.81,9,Fully Paid,Northeast
34400.0,60,21.97,699.29,B,B2,5,RENT,107100.0,debt_consolidation,39.43,1,11,0,29881.27,22.77,16,Fully Paid,South
27300.0,36,8.65,823.93,D,D1,6,MORTGAGE,48100.0,major_purchase,12.79,0,20,1,47414.29,83.45,27,Charged Off,South
7600.0,36,11.45,235.28,G,G5,0,RENT,51000.0,debt_consolidation,4.35,0,6,0,14122.78,43.19,18,Charged Off,Midwest
8400.0,36,19.65,279.18,A,A2,2,RENT,31200.0,other,4.75,0,4,0,12368.3,57.93,13,Fully Paid,Midwest
37100.0,36,12.98,1164.32,C,C2,3,OWN,81700.0,home_improvement,12.41,0,8,0,1313.73,17.01,19,Fully Paid,West
2300.0,36,17.49,75.06,E,E1,1,RENT,59400.0,credit_card,1.51,0,7,0,10105.44,21.38,10,Fully Paid,West
19000.0,36,14.35,603.51,B,B3,9,RENT,43900.0,major_purchase,20.46,0,18,0,13120.63,98.52,19,Fully Paid,West
13200.0,36,21.01,443.7,C,C2,10,MORTGAGE,20900.0,major_purchase,8.55,0,11,0,3143.79,49.4,24,Fully Paid,Northeast
26900.0,36,17.18,875.59,D,D4,4,MORTGAGE,111500.0,small_business,20.77,0,22,0,28180.44,81.57,34,Fully Paid,West
33700.0,36,5.12,984.04,C,C2,3,MORTGAGE,29300.0,other,5.63,0,21,1,6338.22,82.97,31,Fully Paid,South
15100.0,60,21.24,305.12,B,B4,10,MORTGAGE,40300.0,debt_consolidation,17.19,0,16,0,25553.82,98.15,26,Fully Paid,West
17600.0,36,15.55,564.91,B,B3,1,RENT,64800.0,debt_consolidation,23.92,0,3,0,9449.07,98.29,6,Fully Paid,Northeast
39300.0,36,13.54,1239.48,E,E5,10,RENT,29800.0,major_purchase,2.48,1,2,0,46786.28,45.7,10,Fully Paid,Midwest
31600.0,60,7.35,565.38,C,C4,0,RENT,25700.0,other,15.95,0,13,0,15354.88,95.03,14,Fully Paid,Northeast
36000.0,60,10.51,663.06,A,A4,7,OWN,18700.0,debt_consolidation,12.1,0,14,0,4646.42,36.55,18,Fully Paid,South
18100.0,36,10.59,556.02,D,D5,1,MORTGAGE,77700.0,debt_consolidation,9.61,0,13,0,41807.72,60.76,23,Fully Paid,West
10100.0,36,28.38,360.18,A,A2,3,OWN,41300.0,debt_consolidation,24.18,0,13,0,20101.82,82.17,14,Fully Paid,West
17100.0,60,15.81,330.06,D,D4,9,RENT,234100.0,debt_consolidation,23.54,2,8,0,41006.05,91.38,8,Charged Off,South
28900.0,60,6.05,510.81,B,B4,4,RENT,33000.0,major_purchase,25.23,1,8,0,15624.48,52.38,19,Fully Paid,West
5300.0,60,8.47,95.82,F,F5,1,OWN,34200.0,debt_consolidation,6.36,0,7,0,25001.89,41.79,15,Fully Paid,Midwest
11500.0,36,6.98,341.74,B,B2,9,RENT,40800.0,debt_consolidation,11.43,0,14,0,22267.87,72.85,18,Fully Paid,Northeast
2800.0,36,19.72,93.12,B,B1,8,MORTGAGE,61200.0,small_business,8.39,0,22,1,27895.32,45.59,27,Fully Paid,Northeast
17900.0,36,9.67,545.3,A,A4,1,RENT,42800.0,debt_consolidation,21.62,0,10,0,20082.56,67.18,15,Fully Paid,South
33300.0,60,17.46,651.9,B,B3,5,RENT,73600.0,major_purchase,18.44,0,17,0,24840.11,80.42,24,Fully Paid,Midwest
2000.0,36,14.25,63.47,E,E5,6,RENT,33200.0,debt_consolidation,13.21,0,3,0,33966.38,84.11,6,Fully Paid,South
27300.0,36,25.1,948.68,G,G4,5,MORTGAGE,27200.0,home_improvement,31.44,0,12,0,20734.14,25.43,12,Charged Off,South
37400.0,60,13.01,704.43,B,B2,10,RENT,22000.0,debt_consolidation,3.76,0,4,0,34220.24,57.15,18,Charged Off,Midwest
10200.0,36,16.46,329.97,C,C3,10,RENT,17800.0,debt_consolidation,39.0,0,10,0,35715.1,2.5,16,Fully Paid,South
28100.0,36,23.03,960.32,D,D1,3,OWN,41800.0,debt_consolidation,4.66,0,13,0,37446.34,79.78,18,Fully Paid,Northeast
39000.0,36,15.83,1254.82,E,E3,0,MORTGAGE,46600.0,small_business,30.92,1,3,1,23546.84,12.51,9,Fully Paid,West
38500.0,36,24.83,1334.99,C,C4,1,MORTGAGE,39500.0,credit_card,14.73,0,20,0,189.5,87.17,27,Fully Paid,Northeast
10200.0,36,21.54,344.36,B,B3,9,RENT,100900.0,debt_consolidation,34.61,1,7,0,37675.55,40.68,11,Fully Paid,West
4900.0,36,15.26,156.88,C,C1,9,MORTGAGE,100100.0,major_purchase,2.97,1,24,0,45454.26,16.73,29,Fully Paid,West
6800.0,36,17.6,222.13,D,D2,5,RENT,45800.0,debt_consolidation,14.99,0,19,1,32630.89,79.58,31,Fully Paid,Northeast
28400.0,36,29.18,1019.09,A,A1,7,RENT,22100.0,other,13.42,0,14,0,26227.35,20.03,26,Fully Paid,South
29300.0,36,21.54,989.2,C,C1,2,OWN,40800.0,debt_consolidation,39.73,1,15,0,27979.57,39.44,16,Fully Paid,Midwest
27300.0,36,27.62,967.79,B,B5,6,RENT,40100.0,credit_card,39.42,0,9,0,32040.59,56.69,13,Fully Paid,West
14100.0,36,9.47,428.76,E,E5,8,MORTGAGE,39000.0,debt_consolidation,7.59,0,10,0,49926.23,36.0,12,Fully Paid,Midwest
7600.0,36,17.08,247.17,A,A1,3,MORTGAGE,38200.0,credit_card,25.2,0,14,0,3102.8,17.9,18,Charged Off,Midwest
23600.0,36,27.72,837.28,C,C3,10,RENT,39100.0,credit_card,21.42,0,18,0,1059.14,40.61,26,Fully Paid,West
19900.0,36,13.07,625.03,C,C3,6,RENT,44700.0,debt_consolidation,6.17,0,7,0,48208.4,14.42,9,Fully Paid,Midwest
29400.0,36,29.19,1055.05,D,D1,6,OWN,39400.0,debt_consolidation,6.71,0,21,0,22023.73,71.92,32,Fully Paid,Midwest
18200.0,36,7.43,543.12,A,A3,9,MORTGAGE,60100.0,small_business,39.57,0,11,0,30617.68,17.15,24,Fully Paid,South
14200.0,36,27.57,503.19,C,C2,8,MORTGAGE,64900.0,major_purchase,18.11,0,12,0,37672.05,48.24,25,Fully Paid,Midwest
12400.0,36,16.13,400.0,C,C3,2,MORTGAGE,34400.0,credit_card,5.03,1,11,0,37104.81,56.04,13,Charged Off,Northeast
9200.0,60,6.84,163.82,C,C3,10,MORTGAGE,102300.0,credit_card,8.59,1,22,0,32359.71,94.51,22,Fully Paid,West
11400.0,36,26.99,402.14,C,C1,0,RENT,33200.0,home_improvement,10.73,0,7,0,23594.58,7.83,21,Fully Paid,South
4700.0,36,11.3,145.31,D,D3,7,MORTGAGE,24100.0,debt_consolidation,20.44,0,7,0,28803.91,93.05,20,Fully Paid,Northeast
14500.0,36,5.56,425.17,E,E3,3,RENT,65500.0,other,13.42,0,16,0,36482.3,20.82,29,Fully Paid,Midwest
2400.0,60,8.4,43.36,B,B5,1,MORTGAGE,36000.0,debt_consolidation,18.2,1,8,0,42540.73,84.09,19,Fully Paid,Midwest
8300.0,36,21.48,280.08,E,E5,4,RENT,63600.0,home_improvement,6.66,0,13,0,6365.2,9.05,13,Fully Paid,Northeast
30100.0,36,29.45,1082.35,C,C3,3,MORTGAGE,16300.0,credit_card,13.07,1,21,0,13897.93,98.87,27,Fully Paid,Northeast
13700.0,36,7.79,410.2,A,A3,0,RENT,108700.0,credit_card,2.81,0,10,0,19879.74,80.76,18,Fully Paid,South
27100.0,36,16.55,877.36,A,A1,6,OWN,75800.0,small_business,35.59,0,2,1,33274.91,6.3,3,Fully Paid,Midwest
29000.0,60,9.52,529.35,B,B2,3,MORTGAGE,25600.0,debt_consolidation,7.95,0,17,1,19783.57,21.41,18,Fully Paid,Midwest
23700.0,36,23.63,813.9,E,E5,7,MORTGAGE,25900.0,home_improvement,30.28,0,19,0,11944.25,54.85,19,Fully Paid,Midwest
38400.0,60,7.95,690.88,D,D4,8,MORTGAGE,125000.0,credit_card,13.98,1,24,0,1657.15,52.36,28,Fully Paid,Northeast
1800.0,36,11.0,55.5,E,E3,7,MORTGAGE,37500.0,debt_consolidation,18.98,0,8,0,42125.4,62.93,17,Fully Paid,Midwest
29800.0,36,9.91,909.81,C,C4,0,RENT,35700.0,debt_consolidation,11.65,0,19,1,20946.69,46.35,25,Fully Paid,West
38400.0,36,18.81,1267.31,C,C1,7,MORTGAGE,17400.0,small_business,27.86,0,9,0,16461.45,73.42,22,Fully Paid,West
34600.0,36,26.83,1218.98,A,A4,4,MORTGAGE,45500.0,debt_consolidation,33.78,0,23,0,26541.31,34.85,23,Fully Paid,South
7500.0,36,17.78,245.38,B,B2,0,RENT,48300.0,credit_card,11.45,0,16,0,6145.99,17.64,26,Fully Paid,South
13700.0,36,6.46,405.14,C,C2,8,MORTGAGE,77500.0,credit_card,9.69,0,7,1,19867.92,3.38,14,Fully Paid,Northeast
7700.0,36,19.08,254.7,A,A1,8,MORTGAGE,26900.0,credit_card,27.26,0,22,0,37589.29,32.48,22,Fully Paid,West
24500.0,60,24.94,510.17,B,B5,6,MORTGAGE,25300.0,small_business,7.81,0,13,0,36805.87,42.69,13,Fully Paid,Northeast
28800.0,36,8.3,866.4,C,C3,6,RENT,67900.0,debt_consolidation,25.59,0,16,0,38594.82,65.91,19,Charged Off,South
13400.0,36,6.82,397.61,D,D4,10,MORTGAGE,89600.0,credit_card,3.78,0,16,0,23370.85,80.65,30,Fully Paid,Northeast
22000.0,36,9.7,670.39,G,G1,0,RENT,24700.0,debt_consolidation,24.81,0,11,0,18445.69,24.01,12,Fully Paid,Northeast
27900.0,36,23.65,958.29,F,F2,8,MORTGAGE,93000.0,debt_consolidation,20.54,0,10,0,41572.02,49.32,21,Fully Paid,Midwest
17400.0,36,19.79,578.98,D,D2,0,OWN,55200.0,other,4.56,1,15,0,8664.55,23.37,27,Fully Paid,South
34300.0,60,18.51,677.48,C,C1,6,MORTGAGE,93500.0,debt_consolidation,25.96,0,22,0,36256.89,95.12,30,Fully Paid,Midwest
31100.0,60,11.24,576.59,D,D1,8,MORTGAGE,52300.0,debt_consolidation,17.86,1,15,1,44397.36,64.75,24,Fully Paid,South
3500.0,36,13.31,110.16,E,E1,8,RENT,15300.0,home_improvement,8.68,0,18,0,14307.61,67.79,19,Charged Off,Midwest
25200.0,36,29.15,904.05,A,A4,4,MORTGAGE,50200.0,debt_consolidation,14.14,0,12,1,9889.77,53.12,18,Fully Paid,South
10200.0,36,11.02,314.56,C,C2,5,RENT,92000.0,home_improvement,19.68,0,7,0,25626.23,28.18,20,Fully Paid,South
22700.0,60,27.54,482.53,E,E1,1,RENT,34700.0,small_business,3.66,1,13,0,10819.53,20.04,14,Fully Paid,West
38300.0,36,19.51,1271.45,B,B3,1,RENT,44600.0,debt_consolidation,38.3,0,18,0,43538.43,65.66,18,Fully Paid,South
35300.0,36,8.08,1059.78,C,C1,9,RENT,49600.0,debt_consolidation,26.62,0,6,0,12220.85,92.17,14,Fully Paid,Northeast
16800.0,60,16.68,326.7,C,C1,8,MORTGAGE,12700.0,debt_consolidation,4.1,0,7,0,15698.3,21.29,20,Fully Paid,West
12400.0,60,28.71,266.0,B,B4,0,OWN,125000.0,debt_consolidation,32.91,0,4,0,44420.98,57.18,14,Fully Paid,Midwest
10100.0,36,15.46,323.93,B,B5,9,MORTGAGE,34500.0,debt_consolidation,12.9,1,2,0,10281.08,52.93,5,Fully Paid,Northeast
21800.0,60,26.58,459.91,B,B2,4,RENT,69800.0,small_business,23.87,0,19,1,44239.2,64.17,30,Fully Paid,Northeast
5500.0,36,11.41,170.21,A,A1,6,MORTGAGE,51900.0,major_purchase,11.09,0,15,0,10490.15,58.78,21,Fully Paid,South
22400.0,36,19.27,742.12,A,A4,9,MORTGAGE,101600.0,debt_consolidation,29.34,0,13,0,45590.28,27.28,13,Fully Paid,South
1100.0,36,26.1,38.53,E,E5,5,OWN,66400.0,small_business,28.92,0,13,0,15882.1,69.14,20,Fully Paid,Northeast
13600.0,60,28.02,290.18,B,B5,5,MORTGAGE,48200.0,debt_consolidation,22.08,1,12,0,12311.73,27.27,26,Fully Paid,West
9600.0,36,17.15,312.4,C,C5,5,OWN,34700.0,home_improvement,9.64,0,20,0,23859.49,65.3,34,Fully Paid,Northeast
38900.0,36,20.99,1307.36,B,B1,7,MORTGAGE,80700.0,debt_consolidation,10.15,0,4,1,18461.18,29.99,16,Fully Paid,Northeast
29400.0,60,5.07,514.84,F,F1,6,RENT,21200.0,debt_consolidation,15.31,0,3,0,10087.48,8.24,8,Charged Off,South
14600.0,36,11.33,451.5,B,B4,4,RENT,74800.0,major_purchase,5.8,0,23,0,16917.69,12.72,24,Fully Paid,South
4600.0,60,11.97,85.84,C,C2,9,MORTGAGE,31300.0,credit_card,13.51,1,8,0,35661.47,83.41,16,Charged Off,South
21200.0,36,7.34,632.11,E,E4,1,MORTGAGE,101300.0,credit_card,27.37,0,22,0,41595.03,12.14,22,Charged Off,Midwest
9300.0,36,11.99,289.31,E,E5,9,OWN,58700.0,debt_consolidation,33.23,0,24,0,41038.09,33.05,32,Charged Off,Northeast
21900.0,36,13.03,687.6,B,B3,5,MORTGAGE,74800.0,debt_consolidation,13.3,0,13,1,37840.86,28.76,22,Fully Paid,Northeast
33600.0,60,29.22,723.63,E,E2,9,OWN,56400.0,home_improvement,9.34,0,20,0,271.76,5.79,34,Charged Off,Midwest
25000.0,36,21.72,845.28,C,C4,4,MORTGAGE,22600.0,major_purchase,33.31,0,22,0,21330.2,59.95,23,Fully Paid,Northeast
25700.0,36,15.65,825.61,C,C2,3,RENT,35200.0,debt_consolidation,35.63,0,14,0,8448.61,79.88,19,Fully Paid,Northeast
22100.0,36,29.7,796.21,A,A3,9,MORTGAGE,75800.0,debt_consolidation,16.4,1,20,0,3673.79,99.23,28,Fully Paid,Northeast
37200.0,60,8.83,674.75,A,A5,10,RENT,58900.0,credit_card,1.08,1,5,1,36794.1,93.6,7,Fully Paid,West
37300.0,36,16.9,1211.21,D,D4,4,RENT,97800.0,credit_card,27.8,0,23,0,39673.99,4.93,34,Fully Paid,Midwest
21000.0,36,21.18,706.88,C,C2,8,MORTGAGE,66300.0,credit_card,31.36,0,13,1,40730.83,25.75,26,Charged Off,Midwest
12900.0,36,6.39,381.23,C,C2,1,RENT,33400.0,home_improvement,0.72,0,5,0,44515.54,41.21,7,Fully Paid,Northeast
18900.0,60,22.92,387.2,D,D1,5,RENT,36400.0,other,23.8,0,14,0,29502.41,87.5,16,Fully Paid,South
8300.0,36,7.5,247.85,D,D5,10,RENT,57000.0,debt_consolidation,23.53,0,21,1,49906.49,36.01,29,Charged Off,Northeast
25800.0,36,8.51,777.66,A,A4,8,RENT,17000.0,credit_card,15.15,0,8,1,24186.13,57.03,22,Fully Paid,Northeast
20500.0,60,8.99,372.38,C,C5,9,RENT,125100.0,home_improvement,29.99,0,7,0,44174.95,65.96,8,Charged Off,West
5000.0,60,28.22,106.85,A,A1,4,RENT,67600.0,credit_card,17.13,0,13,0,5647.04,29.8,16,Fully Paid,West
8700.0,36,22.08,295.03,D,D3,10,OWN,100100.0,debt_consolidation,27.07,0,13,0,7446.18,58.19,20,Charged Off,South
19700.0,60,21.39,398.56,D,D5,5,MORTGAGE,24600.0,credit_card,20.68,1,17,0,29517.47,5.09,27,Fully Paid,West
35600.0,36,18.89,1175.69,F,F1,9,MORTGAGE,100900.0,home_improvement,9.94,0,14,0,6206.74,48.02,21,Fully Paid,Northeast
23100.0,36,12.32,720.72,A,A3,3,MORTGAGE,165300.0,credit_card,24.26,0,18,0,3765.03,37.85,22,Fully Paid,Northeast
27600.0,36,20.52,923.99,A,A5,4,MORTGAGE,28000.0,debt_consolidation,29.48,0,9,0,9803.23,35.58,10,Fully Paid,West
14200.0,36,15.25,454.6,B,B3,7,RENT,79700.0,credit_card,38.96,1,2,0,39376.84,23.49,16,Fully Paid,West
23300.0,60,8.64,421.89,B,B4,0,RENT,54200.0,small_business,15.2,1,13,0,46372.9,81.77,18,Fully Paid,Midwest
18400.0,36,22.24,624.78,B,B2,0,MORTGAGE,25000.0,small_business,2.58,0,21,0,16673.37,88.19,28,Fully Paid,Northeast
26700.0,36,8.24,802.78,F,F3,9,MORTGAGE,69300.0,major_purchase,39.52,0,8,0,48737.79,88.81,9,Fully Paid,South
3000.0,36,9.77,91.47,B,B2,3,RENT,82200.0,home_improvement,24.95,0,22,0,40477.52,39.61,25,Fully Paid,West
20200.0,36,25.44,703.86,B,B4,9,RENT,40100.0,debt_consolidation,37.86,0,13,0,11305.39,25.92,16,Fully Paid,West
12500.0,36,21.5,421.88,D,D3,2,MORTGAGE,97000.0,credit_card,4.15,0,20,0,29305.75,9.84,31,Fully Paid,Midwest
13700.0,36,20.77,459.6,C,C2,4,MORTGAGE,23500.0,debt_consolidation,13.68,0,14,0,49089.67,67.24,22,Fully Paid,Midwest
38500.0,36,15.46,1234.78,D,D3,10,MORTGAGE,25700.0,major_purchase,5.36,1,11,0,42439.29,33.02,20,Fully Paid,West
8100.0,60,14.91,155.13,A,A1,9,RENT,58000.0,debt_consolidation,33.42,0,3,0,18167.95,27.67,3,Fully Paid,South
13100.0,36,22.26,444.89,C,C3,7,MORTGAGE,54900.0,major_purchase,35.21,0,4,0,15316.15,37.14,12,Charged Off,South
20900.0,36,23.5,716.99,A,A3,0,MORTGAGE,37900.0,major_purchase,20.05,0,13,1,40962.71,55.47,27,Fully Paid,West
34700.0,36,17.76,1135.08,A,A5,4,MORTGAGE,81200.0,small_business,7.46,0,6,0,27458.26,16.19,13,Fully Paid,Midwest
17300.0,36,29.23,621.02,F,F5,4,MORTGAGE,70600.0,major_purchase,5.08,0,6,0,8172.13,96.13,6,Fully Paid,Northeast
30000.0,60,28.89,644.45,A,A4,1,MORTGAGE,83200.0,credit_card,23.53,1,6,0,16391.63,73.26,20,Fully Paid,Northeast
34400.0,60,15.31,661.11,C,C4,4,MORTGAGE,50900.0,credit_card,20.26,1,8,0,33090.65,4.68,17,Fully Paid,Midwest
13100.0,36,25.52,456.75,C,C4,7,OWN,73200.0,debt_consolidation,27.79,0,9,0,7657.94,30.68,14,Fully Paid,Northeast
16300.0,36,18.58,536.9,B,B2,9,RENT,43400.0,debt_consolidation,12.21,0,20,0,34935.81,5.03,32,Fully Paid,Midwest
14900.0,36,17.79,487.52,E,E4,6,MORTGAGE,151300.0,debt_consolidation,16.09,0,17,0,35496.44,22.95,27,Fully Paid,South
33500.0,36,6.37,989.83,A,A4,1,OWN,36100.0,debt_consolidation,0.85,0,11,0,13537.32,28.66,20,Fully Paid,Northeast
2700.0,36,19.35,89.51,D,D5,5,MORTGAGE,155200.0,other,24.41,0,14,0,19901.53,71.8,28,Charged Off,West
13000.0,60,27.51,276.27,G,G3,9,MORTGAGE,55100.0,debt_consolidation,16.93,0,3,0,46772.53,71.87,4,Fully Paid,West
27500.0,60,24.5,570.62,C,C4,10,MORTGAGE,27200.0,home_improvement,36.79,0,5,0,37458.79,4.53,16,Charged Off,Northeast
23100.0,36,24.66,799.9,F,F4,10,MORTGAGE,107400.0,debt_consolidation,25.67,1,3,0,39390.53,58.81,5,Charged Off,West
18000.0,60,9.0,327.0,A,A3,0,RENT,57700.0,other,15.95,0,22,0,25813.26,96.09,33,Fully Paid,Midwest
22100.0,60,13.96,419.75,C,C5,9,RENT,82900.0,debt_consolidation,10.54,0,4,0,10657.0,62.84,8,Fully Paid,Midwest
8700.0,60,10.83,160.7,B,B5,9,MORTGAGE,99900.0,debt_consolidation,36.21,0,11,0,29562.8,96.05,18,Fully Paid,West
17800.0,60,12.9,334.94,D,D3,2,RENT,64100.0,debt_consolidation,0.65,0,12,0,38605.21,38.06,17,Fully Paid,Northeast
20600.0,36,19.49,683.75,G,G5,10,MORTGAGE,40300.0,major_purchase,13.08,1,4,0,194.16,45.98,12,Fully Paid,Northeast
36100.0,36,14.12,1144.37,B,B5,10,RENT,88200.0,debt_consolidation,37.74,0,6,1,5688.81,49.55,17,Fully Paid,Northeast
11200.0,60,19.02,222.17,D,D1,5,MORTGAGE,54200.0,small_business,26.16,0,21,0,23714.71,92.39,33,Fully Paid,South
34800.0,60,15.96,672.57,B,B2,8,OWN,76300.0,home_improvement,21.31,1,7,0,21859.81,38.03,17,Fully Paid,Northeast
26100.0,60,12.17,487.94,C,C3,0,RENT,18500.0,debt_consolidation,8.14,1,22,0,49114.15,98.34,22,Fully Paid,Northeast
1800.0,36,7.39,53.7,C,C2,5,MORTGAGE,67700.0,debt_consolidation,33.33,0,14,1,4607.65,54.31,18,Fully Paid,Midwest
29300.0,36,27.3,1036.08,G,G3,1,MORTGAGE,39400.0,major_purchase,8.17,0,6,0,16184.32,21.81,9,Fully Paid,South
2400.0,36,5.28,70.19,C,C1,8,RENT,123800.0,debt_consolidation,9.93,0,4,0,40755.52,10.37,11,Fully Paid,Midwest
39900.0,36,5.04,1164.19,B,B3,1,RENT,74000.0,small_business,7.67,0,21,0,30621.38,17.29,33,Fully Paid,West
35000.0,36,25.67,1221.79,A,A3,2,MORTGAGE,61100.0,debt_consolidation,6.33,0,13,0,28080.72,3.93,17,Fully Paid,West
12600.0,36,29.92,454.72,A,A3,1,RENT,69100.0,credit_card,38.13,1,4,0,37060.05,69.23,18,Fully Paid,Northeast
11000.0,36,23.18,376.38,B,B1,10,MORTGAGE,32900.0,home_improvement,24.08,1,20,0,1999.15,51.69,34,Fully Paid,South
15900.0,36,5.38,465.43,B,B5,3,RENT,122000.0,home_improvement,25.51,2,16,1,47374.58,73.79,24,Charged Off,West
14900.0,36,10.67,458.05,E,E4,3,RENT,146600.0,debt_consolidation,38.17,2,11,0,9563.2,78.23,12,Fully Paid,Northeast
15500.0,36,29.3,556.71,C,C2,9,RENT,65900.0,small_business,9.22,1,7,0,4091.88,93.14,14,Fully Paid,South
13400.0,36,25.22,466.1,C,C2,0,RENT,120000.0,major_purchase,0.24,0,17,1,16947.68,11.7,29,Fully Paid,West
25200.0,36,19.17,834.19,A,A2,7,RENT,40800.0,credit_card,23.96,0,16,0,35117.81,18.61,16,Fully Paid,West
7400.0,60,10.92,136.8,E,E4,4,MORTGAGE,36400.0,credit_card,20.31,0,3,0,11574.16,54.83,10,Fully Paid,South
34000.0,36,5.36,995.07,D,D5,7,RENT,55300.0,credit_card,19.11,0,18,0,2493.06,12.95,31,Fully Paid,South
32700.0,36,5.52,958.47,A,A1,5,RENT,67300.0,other,2.48,3,17,0,2870.64,9.27,30,Fully Paid,South
19600.0,60,20.3,392.98,D,D3,1,RENT,44500.0,small_business,18.18,1,4,0,12828.85,66.63,12,Fully Paid,South
34300.0,36,5.55,1005.66,C,C3,6,MORTGAGE,70900.0,debt_consolidation,11.5,1,20,0,6763.69,72.47,30,Fully Paid,West
10600.0,60,29.84,229.38,A,A5,9,MORTGAGE,63100.0,debt_consolidation,10.98,1,5,0,18621.66,84.34,7,Charged Off,South
1700.0,36,9.58,51.75,C,C1,8,MORTGAGE,32900.0,other,8.9,2,21,0,8653.65,91.57,22,Fully Paid,Midwest
25100.0,60,22.77,513.59,C,C3,6,RENT,70200.0,debt_consolidation,13.3,0,6,0,17215.72,44.25,17,Fully Paid,Midwest
18900.0,36,8.88,571.62,A,A1,10,MORTGAGE,83400.0,other,14.13,1,14,0,22224.36,97.99,26,Fully Paid,West
23100.0,60,18.5,456.22,F,F5,4,MORTGAGE,59000.0,credit_card,12.35,0,21,0,37126.96,3.79,25,Fully Paid,West
36100.0,60,7.02,643.9,E,E5,3,OWN,96400.0,debt_consolidation,39.15,0,3,0,11369.98,87.01,11,Fully Paid,Northeast
38800.0,36,24.17,1338.28,D,D5,10,RENT,29500.0,debt_consolidation,37.31,0,13,0,23753.19,32.15,20,Fully Paid,West
25700.0,36,19.62,853.95,C,C3,7,MORTGAGE,68500.0,credit_card,22.98,1,18,0,40767.76,92.17,18,Fully Paid,South
30800.0,36,7.15,916.73,C,C1,5,RENT,30200.0,small_business,39.24,1,11,0,49318.86,22.26,11,Fully Paid,South
4300.0,36,26.21,150.75,D,D2,4,RENT,31000.0,debt_consolidation,39.65,0,24,0,27865.31,74.1,31,Fully Paid,West
7300.0,36,18.68,240.66,C,C2,6,RENT,39500.0,debt_consolidation,14.24,1,10,0,21616.02,42.55,23,Charged Off,Midwest
29600.0,60,28.04,631.66,A,A3,10,OWN,33800.0,other,17.81,0,10,0,31576.66,38.15,12,Fully Paid,Northeast
17800.0,36,27.92,632.49,C,C4,2,RENT,41200.0,debt_consolidation,38.36,1,18,0,24314.78,5.94,31,Charged Off,West
18400.0,36,28.01,654.27,E,E4,8,MORTGAGE,48700.0,credit_card,24.35,0,10,1,8237.83,70.59,23,Fully Paid,West
13000.0,60,6.94,231.7,C,C5,3,MORTGAGE,82300.0,credit_card,8.52,0,15,0,22972.36,17.54,15,Fully Paid,Northeast
24700.0,36,8.02,741.14,A,A1,3,MORTGAGE,46100.0,debt_consolidation,27.58,1,18,1,48955.02,46.3,27,Fully Paid,Midwest
8200.0,36,29.69,295.4,E,E2,7,OWN,24500.0,debt_consolidation,8.23,0,18,0,32021.43,14.13,18,Fully Paid,West
25400.0,60,17.19,496.1,B,B5,5,MORTGAGE,95800.0,debt_consolidation,13.57,0,3,0,14171.61,60.45,6,Fully Paid,Midwest
7800.0,60,10.96,144.25,B,B3,10,MORTGAGE,35600.0,debt_consolidation,9.1,0,16,0,47357.3,23.11,21,Fully Paid,South
3500.0,36,24.24,120.79,A,A4,0,RENT,52600.0,credit_card,9.8,0,12,0,19429.08,59.44,20,Fully Paid,Midwest
13900.0,60,11.61,258.56,B,B3,1,MORTGAGE,67700.0,credit_card,0.19,0,23,0,19506.07,94.66,37,Charged Off,South
10000.0,36,23.18,342.17,D,D1,8,MORTGAGE,59900.0,home_improvement,35.23,0,6,0,30829.97,92.09,10,Fully Paid,Northeast
35700.0,36,25.93,1248.81,C,C1,5,RENT,93600.0,credit_card,11.84,1,10,0,28448.69,20.05,22,Fully Paid,West
3100.0,36,24.61,107.3,B,B1,6,RENT,68800.0,debt_consolidation,3.45,0,10,0,14521.83,9.92,16,Fully Paid,South
7900.0,36,11.85,245.45,E,E4,10,RENT,35200.0,debt_consolidation,3.48,0,15,0,23354.02,4.27,23,Fully Paid,Midwest
22400.0,36,15.04,715.8,E,E4,8,MORTGAGE,161000.0,debt_consolidation,22.24,0,9,0,16625.65,82.85,13,Fully Paid,West
19800.0,36,15.33,634.31,E,E5,2,RENT,59700.0,debt_consolidation,39.72,0,12,0,36889.02,24.93,18,Charged Off,South
2800.0,60,17.28,54.73,B,B3,4,RENT,50300.0,other,5.8,0,13,0,6125.14,28.39,21,Fully Paid,South
1300.0,36,9.18,39.43,C,C2,4,OWN,87700.0,debt_consolidation,3.98,0,8,0,37512.56,22.62,13,Fully Paid,Midwest
39500.0,60,16.31,765.71,G,G2,9,MORTGAGE,61400.0,debt_consolidation,17.53,0,4,1,8058.35,84.01,12,Fully Paid,South
26700.0,36,17.77,873.46,D,D2,6,RENT,66100.0,home_improvement,22.53,0,4,0,15299.1,97.89,9,Fully Paid,Northeast
15300.0,60,18.29,301.64,A,A4,1,MORTGAGE,188400.0,home_improvement,11.78,2,15,0,16666.59,75.52,25,Fully Paid,South
19300.0,36,25.5,672.82,A,A5,3,MORTGAGE,47200.0,other,12.1,0,5,0,49520.61,82.36,10,Fully Paid,Midwest
11400.0,36,17.93,373.45,C,C1,10,MORTGAGE,46200.0,debt_consolidation,16.98,0,15,0,29491.1,62.05,17,Charged Off,West
14500.0,36,10.77,446.16,F,F1,3,MORTGAGE,57400.0,debt_consolidation,12.57,0,15,0,38877.71,52.88,19,Fully Paid,Midwest
26300.0,60,21.58,532.93,C,C5,7,RENT,92600.0,debt_consolidation,36.61,0,4,0,27768.9,72.16,16,Fully Paid,Midwest
35400.0,60,24.93,737.09,C,C4,9,MORTGAGE,25500.0,debt_consolidation,1.68,0,14,0,49157.9,3.58,20,Fully Paid,West
8200.0,36,12.98,257.34,A,A2,2,MORTGAGE,20300.0,credit_card,9.38,0,9,0,8869.07,6.14,10,Fully Paid,South
33800.0,36,21.13,1137.28,D,D3,1,MORTGAGE,40400.0,small_business,32.34,0,7,0,30243.71,68.73,20,Charged Off,Northeast
5700.0,36,8.67,172.06,E,E4,8,MORTGAGE,23900.0,home_improvement,33.36,0,3,0,39869.1,33.51,8,Charged Off,Midwest
9400.0,60,13.55,177.9,B,B2,10,MORTGAGE,43800.0,debt_consolidation,4.46,0,7,0,31427.81,48.88,8,Fully Paid,Midwest
2400.0,60,27.73,51.09,D,D1,3,RENT,69700.0,debt_consolidation,38.95,1,21,1,44846.81,78.2,29,Fully Paid,Northeast
6500.0,60,27.78,138.43,G,G5,8,RENT,34700.0,other,27.73,0,15,0,30035.4,57.72,24,Fully Paid,Midwest
36800.0,60,19.38,732.2,B,B5,5,RENT,26500.0,credit_card,10.9,0,8,0,41321.93,80.53,19,Fully Paid,West
18900.0,60,22.56,386.06,C,C2,0,RENT,56100.0,other,18.24,0,18,0,8789.86,41.92,20,Fully Paid,South
4000.0,36,26.35,140.39,B,B4,10,MORTGAGE,83400.0,home_improvement,11.89,0,4,0,13103.19,28.74,17,Fully Paid,West
38400.0,60,28.96,825.34,E,E2,2,RENT,23200.0,other,6.0,0,15,0,22203.43,23.48,21,Fully Paid,Midwest
35300.0,60,17.25,689.82,C,C4,6,RENT,81600.0,small_business,11.65,0,2,0,42580.89,13.17,8,Fully Paid,West
30400.0,60,19.04,603.14,D,D1,8,MORTGAGE,81500.0,debt_consolidation,23.2,0,13,0,21327.97,3.68,17,Charged Off,Midwest
37400.0,36,15.39,1198.77,E,E5,7,MORTGAGE,87300.0,major_purchase,33.04,0,4,0,31372.95,5.31,18,Charged Off,South
9600.0,36,6.8,284.8,B,B4,4,MORTGAGE,99600.0,credit_card,14.54,0,20,0,19790.58,27.1,29,Fully Paid,West
33600.0,36,15.57,1078.65,F,F1,7,MORTGAGE,162900.0,debt_consolidation,13.92,0,13,0,40286.02,27.84,24,Charged Off,West
27900.0,36,24.77,966.97,C,C3,1,MORTGAGE,45300.0,debt_consolidation,18.72,0,15,0,10014.38,38.18,16,Fully Paid,Northeast
34900.0,36,25.12,1212.97,A,A2,2,MORTGAGE,57200.0,debt_consolidation,25.78,0,2,0,29688.47,59.16,6,Fully Paid,Northeast
32100.0,36,27.31,1135.18,D,D4,7,OWN,44000.0,debt_consolidation,30.06,0,6,0,28894.51,75.93,7,Charged Off,Midwest
14500.0,36,6.29,428.11,E,E2,8,MORTGAGE,54200.0,debt_consolidation,13.07,0,8,0,20162.09,19.77,10,Fully Paid,West
31200.0,36,18.18,1024.23,B,B2,9,RENT,116600.0,credit_card,23.45,0,21,0,35256.4,75.92,28,Fully Paid,South
11200.0,36,7.69,335.04,E,E5,7,MORTGAGE,27700.0,other,15.57,0,20,0,1423.83,13.9,25,Fully Paid,South
13800.0,36,10.02,421.74,F,F2,3,MORTGAGE,35200.0,credit_card,28.66,1,7,0,42075.0,98.87,21,Fully Paid,Northeast
5200.0,60,27.51,110.51,B,B3,5,MORTGAGE,107900.0,debt_consolidation,6.59,0,22,0,17398.26,28.5,31,Fully Paid,Northeast
37500.0,60,17.42,733.88,G,G5,10,MORTGAGE,90200.0,debt_consolidation,10.28,0,19,0,39651.13,83.73,30,Fully Paid,Northeast
12300.0,36,23.96,423.53,A,A2,4,MORTGAGE,45200.0,debt_consolidation,17.04,0,7,0,15252.97,19.05,20,Fully Paid,South
21300.0,60,6.61,378.47,B,B3,3,MORTGAGE,83100.0,home_improvement,35.58,0,12,0,9395.32,95.06,21,Fully Paid,South
16300.0,60,15.42,313.56,B,B4,8,RENT,64300.0,small_business,22.93,0,4,0,19474.47,82.66,18,Fully Paid,South
38400.0,36,21.86,1299.84,E,E1,9,RENT,114700.0,debt_consolidation,38.62,2,10,0,39868.35,35.94,24,Fully Paid,Midwest
14100.0,36,8.34,424.33,D,D3,2,RENT,56200.0,credit_card,4.13,0,4,0,35175.9,42.15,16,Fully Paid,West
31400.0,36,13.15,986.92,A,A4,0,RENT,90500.0,home_improvement,18.41,0,7,0,20051.56,0.38,21,Fully Paid,Midwest
34400.0,36,6.61,1018.72,C,C4,6,RENT,203000.0,debt_consolidation,16.76,1,10,0,46893.44,25.14,24,Fully Paid,West
18000.0,60,21.28,363.84,C,C4,9,MORTGAGE,73100.0,debt_consolidation,24.01,0,9,0,20438.81,28.93,18,Fully Paid,West
15700.0,36,29.27,563.76,A,A1,7,OWN,55500.0,home_improvement,32.48,0,3,0,17537.64,45.27,6,Fully Paid,West
30200.0,36,25.68,1054.32,E,E2,10,MORTGAGE,77700.0,home_improvement,33.66,0,20,0,7235.95,13.9,27,Fully Paid,Northeast
36600.0,60,29.37,789.16,E,E2,2,OWN,45100.0,debt_consolidation,26.81,0,17,0,3513.93,47.88,26,Fully Paid,West
30400.0,36,26.14,1065.18,C,C2,2,MORTGAGE,178800.0,debt_consolidation,25.66,0,6,0,17495.12,66.85,14,Fully Paid,Northeast
9900.0,60,26.38,208.53,G,G3,5,RENT,59300.0,home_improvement,37.96,0,11,1,4600.11,37.13,15,Fully Paid,West
35600.0,36,19.43,1181.03,C,C1,1,MORTGAGE,47300.0,debt_consolidation,15.35,0,21,0,23131.75,23.22,21,Fully Paid,Midwest
16100.0,36,17.96,527.54,G,G5,5,MORTGAGE,35700.0,major_purchase,33.31,1,23,0,43000.48,54.77,28,Fully Paid,Midwest
23500.0,36,15.16,751.74,D,D1,4,RENT,93800.0,debt_consolidation,36.86,0,13,0,23805.83,2.9,21,Fully Paid,West
33400.0,36,25.45,1163.9,D,D5,6,RENT,83600.0,debt_consolidation,19.66,0,13,0,24029.05,34.08,18,Fully Paid,Midwest
8300.0,36,9.55,252.57,A,A4,8,RENT,42200.0,debt_consolidation,29.16,1,7,0,12672.03,52.76,12,Fully Paid,Midwest
31600.0,36,6.41,934.04,E,E2,8,MORTGAGE,72300.0,other,15.08,0,15,0,8314.78,33.58,19,Fully Paid,West
24300.0,36,28.7,868.72,C,C5,0,MORTGAGE,25500.0,major_purchase,6.36,0,8,0,11116.44,34.54,14,Fully Paid,West
35800.0,36,5.09,1045.06,A,A2,6,MORTGAGE,59400.0,small_business,23.46,1,22,0,28399.42,84.83,34,Charged Off,Northeast
7700.0,36,29.42,276.82,A,A1,2,RENT,67900.0,debt_consolidation,7.86,0,2,0,29589.66,93.4,5,Fully Paid,Midwest
17400.0,60,23.22,357.34,C,C2,3,RENT,127200.0,major_purchase,18.3,0,15,0,11009.39,82.74,18,Fully Paid,Midwest
33500.0,36,13.21,1053.48,C,C2,1,RENT,36800.0,small_business,34.92,0,16,1,19946.02,9.89,19,Fully Paid,West
1800.0,36,22.45,61.22,D,D3,0,RENT,28600.0,debt_consolidation,3.44,1,14,0,28434.13,28.97,22,Fully Paid,South
5400.0,36,25.45,188.18,E,E5,9,RENT,34600.0,other,1.22,0,2,0,38023.1,71.13,15,Fully Paid,Northeast
39600.0,36,11.13,1222.43,A,A3,2,RENT,27800.0,small_business,24.26,1,21,1,15988.47,97.44,30,Fully Paid,Northeast
11900.0,36,24.27,410.78,D,D1,9,MORTGAGE,105700.0,other,13.24,0,20,0,13567.85,24.23,22,Fully Paid,South
39000.0,36,25.11,1355.36,B,B4,8,RENT,117500.0,small_business,16.72,0,20,0,36523.35,89.82,29,Fully Paid,Northeast
8100.0,60,11.23,150.16,E,E4,0,OWN,63600.0,major_purchase,16.23,0,7,0,25690.61,73.9,9,Fully Paid,Northeast
15100.0,36,6.05,444.82,E,E2,2,MORTGAGE,99800.0,other,3.46,0,6,0,42837.33,98.35,16,Fully Paid,Midwest
30400.0,36,10.1,929.73,C,C4,10,MORTGAGE,57900.0,debt_consolidation,0.14,0,23,0,10550.15,9.36,25,Charged Off,Midwest
26700.0,36,10.02,815.98,D,D3,4,MORTGAGE,51700.0,major_purchase,35.94,0,23,0,38547.14,39.47,25,Fully Paid,West
23700.0,60,6.63,421.19,B,B2,2,RENT,45900.0,debt_consolidation,8.71,0,18,0,8101.68,47.81,30,Fully Paid,West
21700.0,36,23.15,742.32,C,C2,3,MORTGAGE,46400.0,home_improvement,17.04,0,16,0,29238.56,67.21,27,Charged Off,Northeast
33900.0,36,14.5,1078.21,E,E5,3,MORTGAGE,25000.0,major_purchase,38.88,0,8,0,14181.69,65.4,20,Fully Paid,South
10200.0,36,27.11,360.14,C,C2,0,RENT,61800.0,home_improvement,33.07,0,18,0,5054.55,90.63,25,Fully Paid,West
18300.0,36,11.3,565.78,B,B4,5,RENT,53100.0,small_business,4.32,0,13,0,30838.23,83.87,21,Fully Paid,West
7100.0,36,16.33,229.43,C,C5,10,MORTGAGE,78600.0,debt_consolidation,20.34,0,8,0,25339.95,5.54,20,Fully Paid,South
24200.0,60,20.98,487.95,E,E3,6,MORTGAGE,56800.0,credit_card,29.2,0,14,0,24299.01,48.65,21,Fully Paid,Northeast
10800.0,36,26.94,380.82,B,B4,6,RENT,49900.0,debt_consolidation,27.94,0,9,0,29625.97,40.71,12,Fully Paid,Northeast
14000.0,36,18.12,459.36,A,A4,5,RENT,35000.0,debt_consolidation,30.43,1,5,0,18621.86,99.71,14,Fully Paid,West
19400.0,60,14.34,369.7,D,D4,6,MORTGAGE,56200.0,credit_card,18.3,0,9,0,33508.38,42.73,15,Fully Paid,Northeast
2000.0,36,26.68,70.38,E,E3,2,RENT,78400.0,credit_card,7.04,1,23,0,6542.19,68.26,26,Fully Paid,Northeast
4600.0,36,12.76,144.08,A,A5,4,MORTGAGE,30600.0,debt_consolidation,18.59,0,17,0,35748.57,28.44,26,Fully Paid,West
27800.0,36,6.99,826.2,B,B5,6,RENT,56600.0,debt_consolidation,25.92,0,17,0,28990.69,61.46,17,Fully Paid,West
17700.0,36,16.13,570.97,A,A4,9,MORTGAGE,60900.0,debt_consolidation,24.34,1,23,0,24323.63,20.66,29,Fully Paid,Midwest
34700.0,36,24.63,1201.29,B,B2,4,RENT,37800.0,home_improvement,2.82,2,12,0,6382.52,60.36,14,Fully Paid,Midwest
28100.0,36,5.77,825.59,C,C2,9,RENT,40400.0,credit_card,2.6,1,10,0,13913.22,86.82,23,Fully Paid,Northeast
1300.0,60,19.65,25.92,D,D4,1,MORTGAGE,60800.0,debt_consolidation,38.61,1,23,0,14764.83,1.92,27,Fully Paid,South
25100.0,60,19.86,501.41,D,D2,5,RENT,30700.0,major_purchase,6.07,0,12,0,11690.63,50.46,25,Fully Paid,Midwest
4700.0,60,28.21,100.43,D,D3,6,RENT,64500.0,debt_consolidation,11.78,0,6,0,47708.99,98.24,8,Fully Paid,Northeast
31500.0,36,12.16,981.4,B,B5,10,MORTGAGE,34600.0,home_improvement,30.71,0,11,0,45782.08,15.93,11,Fully Paid,South
39700.0,36,11.97,1234.78,E,E3,1,RENT,92200.0,debt_consolidation,16.39,1,7,0,27306.66,18.34,15,Fully Paid,Midwest
21700.0,36,16.01,699.28,C,C4,9,RENT,174400.0,other,7.26,0,17,0,10283.63,47.08,18,Fully Paid,Midwest
27600.0,36,13.92,873.39,G,G2,7,RENT,35200.0,debt_consolidation,18.69,0,13,0,45556.92,87.1,14,Fully Paid,Northeast
10300.0,60,23.41,211.85,D,D4,4,MORTGAGE,70800.0,home_improvement,22.76,1,9,0,37470.33,56.28,14,Fully Paid,West
18100.0,36,21.04,608.56,A,A3,10,MORTGAGE,37700.0,credit_card,18.11,1,14,0,1938.59,50.87,14,Fully Paid,West
34400.0,60,23.97,710.76,D,D5,7,MORTGAGE,91200.0,debt_consolidation,36.76,0,14,1,24535.58,8.68,21,Fully Paid,South
7500.0,36,25.5,261.46,B,B1,2,OWN,28800.0,debt_consolidation,11.39,1,17,0,30247.23,96.2,20,Charged Off,West
11400.0,36,28.07,405.56,D,D4,1,RENT,68900.0,debt_consolidation,26.45,0,12,0,3323.67,34.71,14,Fully Paid,Northeast
18400.0,36,15.77,591.71,A,A4,6,RENT,35000.0,major_purchase,4.49,1,9,0,2491.55,25.18,13,Fully Paid,Midwest
28800.0,36,29.62,1036.96,A,A4,4,MORTGAGE,48800.0,debt_consolidation,15.69,0,24,0,23176.2,41.17,31,Fully Paid,South
15700.0,60,10.39,288.85,E,E4,4,MORTGAGE,32400.0,home_improvement,29.64,1,14,0,97.59,41.42,14,Fully Paid,West
37200.0,60,22.86,761.73,B,B5,7,MORTGAGE,81700.0,home_improvement,8.99,1,2,0,2341.78,45.85,6,Fully Paid,Midwest
4700.0,36,18.35,154.51,E,E5,8,MORTGAGE,35700.0,debt_consolidation,23.59,0,21,0,8256.88,68.85,29,Fully Paid,Northeast
15500.0,36,25.42,540.0,B,B3,7,RENT,71400.0,debt_consolidation,6.14,0,21,0,45498.54,86.79,22,Fully Paid,Northeast
28600.0,36,16.92,928.86,D,D1,9,OWN,45600.0,other,4.11,2,20,0,38314.18,5.73,27,Fully Paid,Midwest
9800.0,36,24.6,339.19,D,D4,1,MORTGAGE,51200.0,debt_consolidation,20.93,0,5,0,22521.3,49.08,6,Fully Paid,Northeast
26600.0,36,28.25,947.62,C,C3,9,RENT,58300.0,debt_consolidation,27.0,0,3,0,23960.28,41.4,9,Fully Paid,Northeast
7400.0,60,23.31,152.08,B,B5,10,RENT,37000.0,home_improvement,4.53,0,20,0,34301.23,1.09,28,Fully Paid,Midwest
3200.0,36,24.4,110.58,B,B2,6,MORTGAGE,60200.0,debt_consolidation,36.71,1,20,0,23719.33,81.65,24,Fully Paid,West
5700.0,36,6.68,168.91,A,A5,10,OWN,116400.0,credit_card,9.03,1,11,0,3196.26,10.43,21,Fully Paid,South
37300.0,60,10.12,684.58,B,B5,4,MORTGAGE,36700.0,debt_consolidation,4.8,0,18,0,36936.57,11.47,26,Fully Paid,Midwest
22500.0,36,29.36,808.5,D,D2,6,MORTGAGE,97300.0,other,8.11,0,24,0,2887.49,4.83,24,Fully Paid,Midwest
32100.0,36,22.33,1090.78,F,F2,2,MORTGAGE,114600.0,debt_consolidation,6.78,0,21,0,24304.66,20.04,35,Fully Paid,West
14000.0,36,19.04,462.93,E,E3,3,RENT,36000.0,other,3.63,0,9,0,43085.38,17.68,15,Charged Off,South
24100.0,36,14.17,764.3,D,D1,6,MORTGAGE,26200.0,debt_consolidation,31.91,1,10,0,5868.99,34.79,13,Fully Paid,Northeast
20300.0,36,6.11,598.34,E,E1,1,OWN,63000.0,debt_consolidation,19.82,0,19,0,35331.4,65.93,25,Fully Paid,West
37900.0,36,14.23,1202.59,D,D5,1,MORTGAGE,41200.0,other,15.54,0,3,0,2316.4,5.43,17,Fully Paid,South
30200.0,60,17.47,591.27,B,B2,0,OWN,137900.0,debt_consolidation,38.03,1,19,0,49652.98,86.03,19,Fully Paid,Midwest
29500.0,60,10.29,542.26,F,F5,0,MORTGAGE,55100.0,debt_consolidation,14.84,0,9,0,34104.32,32.66,15,Fully Paid,South
2800.0,60,9.33,51.02,D,D1,0,RENT,36300.0,debt_consolidation,6.68,1,3,0,48449.48,60.66,9,Fully Paid,West
22400.0,36,17.71,732.42,C,C1,5,MORTGAGE,30500.0,other,10.96,0,23,0,33411.2,1.2,36,Fully Paid,Northeast
19200.0,60,19.65,382.88,A,A4,4,MORTGAGE,93400.0,debt_consolidation,9.56,1,17,0,12114.16,36.58,26,Fully Paid,South
37200.0,36,11.0,1147.0,C,C1,9,MORTGAGE,40700.0,major_purchase,19.95,0,6,0,46318.23,0.21,20,Charged Off,South
11000.0,36,19.68,365.69,C,C4,7,RENT,55400.0,credit_card,11.66,1,11,1,31333.51,16.55,22,Fully Paid,Midwest
11500.0,36,27.51,407.32,E,E5,4,RENT,87400.0,debt_consolidation,20.64,0,10,0,28796.85,44.79,24,Charged Off,South
17000.0,36,16.83,551.7,C,C3,0,MORTGAGE,42500.0,debt_consolidation,26.77,0,3,0,21455.59,53.51,14,Charged Off,Midwest
10500.0,36,26.43,368.75,B,B1,7,MORTGAGE,52900.0,other,31.09,0,17,0,14229.7,15.29,26,Fully Paid,West
6000.0,36,28.18,213.63,G,G4,5,OWN,53700.0,home_improvement,28.41,1,17,0,26503.48,74.52,23,Fully Paid,Northeast
34400.0,60,7.31,615.24,A,A3,7,MORTGAGE,76200.0,home_improvement,8.22,0,18,0,18302.89,18.9,27,Fully Paid,West
22800.0,36,7.4,680.2,C,C3,1,MORTGAGE,72800.0,debt_consolidation,4.64,1,3,0,42701.22,11.58,16,Fully Paid,South
34600.0,60,16.9,674.12,A,A5,9,RENT,48500.0,debt_consolidation,21.7,0,6,0,1439.93,33.34,7,Fully Paid,South
33400.0,36,19.7,1110.55,D,D2,7,RENT,55900.0,home_improvement,7.96,0,9,0,26504.57,55.14,21,Fully Paid,Midwest
12000.0,36,15.65,385.5,F,F3,5,RENT,45000.0,credit_card,3.4,0,3,0,41828.24,98.89,8,Fully Paid,Midwest
22400.0,36,13.16,704.11,B,B5,0,RENT,25900.0,home_improvement,21.08,1,13,0,1380.32,41.87,24,Fully Paid,West
4200.0,36,21.02,141.19,E,E2,0,OWN,61600.0,debt_consolidation,13.07,1,14,1,14115.13,42.6,16,Fully Paid,West
36700.0,36,5.05,1070.93,B,B3,9,MORTGAGE,139500.0,other,30.25,1,17,0,2576.13,5.93,27,Fully Paid,West
16800.0,36,29.2,602.93,F,F5,4,RENT,34800.0,debt_consolidation,12.57,0,6,0,29750.19,76.58,11,Charged Off,Northeast
16400.0,36,10.8,504.76,D,D5,6,RENT,36800.0,debt_consolidation,39.15,1,13,0,15836.8,18.18,17,Fully Paid,Midwest
12800.0,36,27.93,454.86,E,E4,3,OWN,35100.0,other,30.34,0,16,0,47986.5,74.48,26,Fully Paid,West
19000.0,60,7.73,341.14,A,A5,9,MORTGAGE,77800.0,credit_card,2.31,0,3,1,30814.68,91.06,6,Fully Paid,Midwest
10800.0,36,10.95,332.85,G,G3,4,RENT,67800.0,debt_consolidation,20.35,1,13,0,28090.1,76.82,20,Fully Paid,West
15600.0,36,10.87,480.44,D,D3,9,MORTGAGE,50000.0,major_purchase,22.5,0,24,0,45861.99,64.25,25,Fully Paid,Northeast
32200.0,60,29.9,697.13,B,B1,2,RENT,34200.0,credit_card,27.81,0,11,0,11178.77,60.39,17,Fully Paid,Midwest
33500.0,36,5.12,978.2,E,E3,1,RENT,56700.0,debt_consolidation,19.91,0,9,1,28112.11,45.36,12,Fully Paid,Midwest
12900.0,60,20.99,260.13,B,B2,1,MORTGAGE,24800.0,home_improvement,19.34,0,22,0,27139.13,14.45,35,Fully Paid,Midwest
19300.0,60,26.74,407.68,E,E1,4,OWN,58200.0,debt_consolidation,14.72,0,12,0,4105.71,77.88,18,Charged Off,Midwest
35100.0,60,21.81,712.59,A,A5,3,MORTGAGE,83800.0,debt_consolidation,10.86,0,13,0,46602.99,47.73,17,Fully Paid,Northeast
3100.0,36,14.07,98.23,D,D1,1,MORTGAGE,29000.0,debt_consolidation,37.85,0,18,0,35011.74,62.56,22,Fully Paid,West
35700.0,36,28.96,1278.85,C,C2,4,RENT,25200.0,credit_card,12.7,0,8,0,44405.29,37.4,16,Fully Paid,Northeast
9500.0,36,27.34,336.04,A,A1,9,MORTGAGE,119300.0,debt_consolidation,2.54,0,16,0,49126.87,20.07,28,Fully Paid,Midwest
27500.0,36,15.85,884.97,B,B2,8,MORTGAGE,39900.0,small_business,6.69,1,20,0,23982.7,80.65,34,Fully Paid,South
23700.0,36,19.33,785.59,A,A5,7,MORTGAGE,95600.0,credit_card,34.29,0,3,0,40182.99,34.24,17,Fully Paid,Northeast
22600.0,36,29.19,811.03,C,C1,8,OWN,50200.0,debt_consolidation,23.47,1,7,0,28877.99,86.67,11,Fully Paid,South
34500.0,60,29.56,744.97,B,B3,8,RENT,50000.0,home_improvement,31.15,0,3,0,48856.15,96.57,10,Fully Paid,Midwest
5000.0,36,16.25,161.46,C,C3,7,MORTGAGE,67500.0,major_purchase,32.35,0,15,0,12361.18,83.0,21,Fully Paid,Midwest
14500.0,60,26.18,304.94,B,B2,8,MORTGAGE,34800.0,credit_card,32.93,0,9,0,690.86,12.81,22,Fully Paid,Northeast
22000.0,60,12.55,412.68,B,B2,3,RENT,57900.0,debt_consolidation,22.02,0,17,0,9297.38,85.5,28,Fully Paid,South
32600.0,36,14.3,1035.05,D,D2,7,RENT,44800.0,debt_consolidation,7.08,1,20,0,6400.94,51.94,23,Fully Paid,Northeast
9400.0,36,9.12,284.92,A,A5,1,RENT,28000.0,small_business,5.93,0,19,0,21847.62,24.14,31,Charged Off,Northeast
32300.0,36,10.23,989.01,F,F2,8,MORTGAGE,64100.0,debt_consolidation,22.96,1,14,0,3870.51,9.32,21,Fully Paid,Northeast
16600.0,60,21.42,335.93,E,E3,8,RENT,47500.0,debt_consolidation,14.66,0,7,0,11009.89,27.85,13,Charged Off,Midwest
8400.0,36,17.77,274.8,D,D3,10,RENT,50100.0,credit_card,22.32,0,5,0,4813.29,13.74,16,Fully Paid,West
30600.0,36,10.78,941.63,C,C2,2,MORTGAGE,29600.0,debt_consolidation,19.94,0,22,0,24337.64,2.56,25,Fully Paid,South
4500.0,36,15.07,143.84,E,E4,5,RENT,120100.0,other,24.09,0,11,0,13338.85,98.78,16,Fully Paid,West
21100.0,60,14.33,402.06,B,B2,6,RENT,84000.0,small_business,1.28,0,16,1,23550.36,83.15,29,Fully Paid,West
3500.0,60,29.68,75.65,A,A4,2,OWN,87700.0,credit_card,1.31,1,24,0,4444.41,73.89,30,Fully Paid,Midwest
14900.0,36,26.34,522.91,B,B1,4,RENT,46500.0,small_business,28.86,1,13,0,25843.53,19.3,25,Fully Paid,Midwest
24400.0,36,14.7,777.41,E,E1,0,RENT,22800.0,credit_card,7.73,0,21,0,6503.46,2.77,30,Fully Paid,Midwest
22700.0,36,27.85,806.17,A,A3,10,RENT,143800.0,major_purchase,26.09,0,13,0,4967.32,48.52,25,Fully Paid,Northeast
16800.0,36,13.57,529.99,C,C1,2,RENT,52500.0,credit_card,21.86,0,8,0,15500.98,74.17,22,Fully Paid,Midwest
17700.0,60,21.7,359.02,G,G1,7,MORTGAGE,37300.0,debt_consolidation,39.27,0,7,0,43720.87,96.28,17,Charged Off,Midwest
9800.0,60,29.17,210.98,E,E1,2,OWN,66700.0,other,33.42,2,6,0,39426.07,84.39,17,Fully Paid,Midwest
18800.0,60,14.76,359.58,C,C5,7,MORTGAGE,97100.0,small_business,16.53,0,20,0,47957.49,89.35,26,Fully Paid,Midwest
38200.0,36,22.0,1294.56,A,A5,8,RENT,53600.0,other,24.66,0,15,0,23009.76,23.87,22,Fully Paid,West
34200.0,36,12.4,1067.8,E,E2,5,RENT,102700.0,home_improvement,4.69,1,2,1,15622.07,15.53,10,Fully Paid,West
6700.0,36,11.66,207.81,C,C4,6,MORTGAGE,93100.0,debt_consolidation,15.46,0,12,0,48545.34,24.78,16,Fully Paid,Midwest
2200.0,36,19.35,72.94,A,A3,5,RENT,31600.0,debt_consolidation,29.36,0,24,1,19088.4,13.86,25,Fully Paid,West
37400.0,36,29.48,1345.15,A,A5,7,RENT,38700.0,debt_consolidation,24.91,0,23,0,455.17,79.85,32,Fully Paid,Midwest
21500.0,60,16.33,416.85,F,F5,6,MORTGAGE,87400.0,debt_consolidation,19.38,0,5,0,41005.43,90.3,16,Fully Paid,South
22000.0,36,28.44,784.91,D,D3,9,MORTGAGE,14000.0,debt_consolidation,7.06,1,22,1,8460.53,30.73,34,Charged Off,Northeast
31400.0,60,27.86,669.13,E,E5,0,MORTGAGE,50300.0,credit_card,32.13,0,15,0,35895.62,87.69,29,Fully Paid,Midwest
13300.0,36,11.34,411.34,E,E3,2,MORTGAGE,26500.0,home_improvement,10.93,1,22,0,756.09,5.5,26,Fully Paid,West
19800.0,36,15.05,632.78,C,C2,2,RENT,42700.0,debt_consolidation,32.82,1,19,0,5549.51,67.74,32,Charged Off,Northeast
38800.0,36,21.08,1304.97,C,C2,2,MORTGAGE,46700.0,credit_card,24.46,0,7,0,24178.18,52.75,17,Fully Paid,West
27200.0,36,17.95,891.18,C,C1,3,MORTGAGE,45300.0,debt_consolidation,14.91,0,6,0,3394.9,27.67,19,Fully Paid,South
7000.0,36,7.4,208.83,B,B3,0,RENT,41100.0,home_improvement,1.62,0,18,1,44431.54,76.82,24,Fully Paid,South
6200.0,60,29.84,134.17,C,C3,10,MORTGAGE,31300.0,other,9.3,0,8,0,37493.45,21.2,20,Fully Paid,Northeast
9000.0,36,23.82,309.55,D,D2,1,OWN,170400.0,home_improvement,35.56,0,12,0,16409.27,41.61,25,Fully Paid,South
30900.0,60,15.94,597.09,C,C5,4,MORTGAGE,137800.0,debt_consolidation,32.72,0,15,0,29876.02,70.99,17,Fully Paid,Midwest
12500.0,60,20.45,250.94,E,E3,10,RENT,30300.0,credit_card,22.99,1,3,0,35776.34,33.82,12,Fully Paid,South
1800.0,36,7.19,53.6,C,C3,5,OWN,119500.0,major_purchase,18.65,0,23,0,37769.96,85.54,27,Fully Paid,West
37800.0,60,17.38,739.49,C,C5,8,RENT,44400.0,credit_card,25.89,0,18,0,19783.8,86.54,23,Fully Paid,Midwest
7600.0,36,28.27,270.79,D,D2,1,OWN,57800.0,other,18.65,1,3,0,44940.01,20.25,8,Fully Paid,West
1400.0,60,27.42,29.73,C,C3,8,RENT,52500.0,debt_consolidation,25.77,0,16,0,47089.24,44.04,19,Charged Off,Northeast
10200.0,36,13.43,321.38,D,D3,6,OWN,39000.0,debt_consolidation,12.3,0,8,0,9785.76,43.2,10,Charged Off,Northeast
10200.0,36,18.28,335.13,B,B5,8,MORTGAGE,88600.0,debt_consolidation,33.54,2,4,0,45561.94,41.0,14,Fully Paid,Northeast
17500.0,36,22.43,595.15,C,C1,3,MORTGAGE,57700.0,major_purchase,28.08,1,24,0,35634.03,50.2,27,Fully Paid,West
36900.0,36,13.5,1163.38,A,A5,6,RENT,42700.0,credit_card,13.2,0,7,0,44406.9,7.44,7,Fully Paid,West
35300.0,60,6.62,627.28,B,B5,0,MORTGAGE,28200.0,debt_consolidation,33.23,1,22,0,21237.71,87.0,29,Fully Paid,Northeast
18800.0,60,17.64,368.61,C,C1,7,RENT,34700.0,debt_consolidation,19.49,0,10,0,33059.88,28.99,21,Charged Off,West
17000.0,60,20.04,340.11,D,D3,6,MORTGAGE,23800.0,credit_card,6.99,0,11,0,11768.99,0.18,13,Fully Paid,Northeast
22600.0,36,5.15,660.11,F,F1,6,OWN,54500.0,other,3.11,1,22,0,37555.09,68.51,25,Charged Off,Northeast
10500.0,36,7.39,313.22,C,C4,1,MORTGAGE,29800.0,debt_consolidation,27.98,0,22,0,29086.68,65.05,32,Charged Off,West
3000.0,36,10.18,91.82,D,D1,9,MORTGAGE,47400.0,debt_consolidation,34.6,0,9,0,24047.26,98.32,22,Fully Paid,Midwest
37600.0,36,13.7,1187.53,C,C2,8,OWN,107500.0,credit_card,32.3,0,8,0,34634.08,71.92,16,Fully Paid,Northeast
8300.0,36,18.53,273.28,D,D3,10,RENT,98700.0,debt_consolidation,26.23,0,2,0,27617.26,33.27,14,Fully Paid,South
8700.0,36,12.35,271.51,A,A4,7,MORTGAGE,53300.0,credit_card,5.66,1,11,0,38267.74,95.26,25,Fully Paid,Midwest
19400.0,36,11.9,603.02,B,B4,0,MORTGAGE,51900.0,credit_card,3.76,0,19,0,42921.8,36.53,28,Fully Paid,Midwest
20200.0,36,26.73,711.1,B,B1,10,RENT,138700.0,home_improvement,13.8,1,17,0,40030.32,82.12,25,Fully Paid,Midwest
1700.0,36,8.63,51.3,C,C4,0,RENT,70300.0,other,34.2,0,5,0,15375.33,33.57,17,Charged Off,Midwest
6800.0,36,17.39,221.74,A,A3,4,MORTGAGE,46000.0,debt_consolidation,38.47,0,10,0,48805.96,4.87,15,Fully Paid,Northeast
15700.0,60,28.82,337.08,A,A3,1,MORTGAGE,26600.0,major_purchase,9.65,1,24,0,32487.06,73.38,27,Fully Paid,Northeast
27700.0,36,20.63,928.18,B,B5,0,RENT,66000.0,other,30.48,0,19,0,16173.32,35.02,33,Fully Paid,Northeast
9900.0,60,22.93,202.83,G,G5,9,MORTGAGE,82000.0,debt_consolidation,22.95,0,12,0,2129.04,33.89,22,Fully Paid,South
17500.0,36,15.78,562.82,B,B2,10,RENT,39500.0,debt_consolidation,1.27,0,13,0,49404.82,71.59,20,Fully Paid,Northeast
22700.0,60,5.5,399.14,C,C1,7,MORTGAGE,62700.0,major_purchase,21.72,0,9,0,29950.87,32.2,15,Charged Off,Northeast
35700.0,36,21.15,1201.4,B,B4,3,MORTGAGE,45200.0,home_improvement,32.24,0,2,0,11377.01,11.8,7,Fully Paid,South
13700.0,36,20.8,459.71,C,C5,1,RENT,49400.0,debt_consolidation,11.04,0,9,0,24556.19,40.45,14,Fully Paid,Northeast
6200.0,36,7.76,185.59,B,B3,4,RENT,15600.0,debt_consolidation,35.89,0,6,0,19877.02,82.38,14,Fully Paid,West
20100.0,60,16.55,390.44,B,B4,10,MORTGAGE,48500.0,credit_card,9.45,0,2,1,47568.26,13.02,5,Fully Paid,West
30100.0,36,27.88,1069.22,C,C1,5,MORTGAGE,88000.0,debt_consolidation,3.06,0,4,0,24633.05,55.45,17,Fully Paid,Northeast
5300.0,36,10.13,162.14,A,A4,7,MORTGAGE,39500.0,home_improvement,6.4,1,14,0,24233.38,13.23,28,Fully Paid,Midwest
17600.0,60,16.53,341.82,A,A4,6,MORTGAGE,55600.0,home_improvement,33.48,0,17,0,39729.99,4.92,29,Fully Paid,Northeast
1700.0,36,16.53,55.03,B,B2,6,OWN,37100.0,small_business,16.69,0,24,0,19545.58,37.87,29,Fully Paid,South
2300.0,36,25.27,80.03,A,A1,0,MORTGAGE,64900.0,credit_card,31.88,0,13,0,9825.92,65.79,14,Fully Paid,Midwest
19800.0,36,25.61,690.86,A,A4,2,MORTGAGE,48600.0,credit_card,21.25,0,8,0,38419.94,27.5,16,Fully Paid,South
12600.0,36,23.98,433.93,B,B3,2,MORTGAGE,33900.0,credit_card,19.22,0,9,0,45505.43,44.57,15,Fully Paid,West
34000.0,36,14.14,1077.99,E,E3,6,MORTGAGE,105500.0,debt_consolidation,32.28,0,12,0,2286.31,49.13,19,Fully Paid,South
24500.0,36,6.8,726.83,C,C2,1,MORTGAGE,86200.0,major_purchase,16.94,0,14,1,42995.0,84.13,28,Fully Paid,Northeast
18700.0,60,13.74,354.49,C,C5,9,RENT,40000.0,home_improvement,32.08,0,12,0,21893.16,81.9,13,Fully Paid,West
16900.0,60,21.99,343.61,B,B1,6,MORTGAGE,69500.0,small_business,4.03,0,5,0,14456.67,0.23,16,Fully Paid,Midwest
20400.0,36,22.57,694.56,F,F4,8,OWN,70900.0,major_purchase,25.45,0,7,0,1959.02,41.39,11,Fully Paid,Northeast
2600.0,36,29.13,93.26,B,B2,0,OWN,74700.0,credit_card,28.1,0,24,0,10276.14,65.61,37,Fully Paid,West
35800.0,60,16.34,694.16,A,A3,1,OWN,23200.0,debt_consolidation,35.96,0,20,0,16643.49,85.24,28,Fully Paid,Midwest
39900.0,60,20.81,803.39,C,C4,10,MORTGAGE,89600.0,other,8.97,0,22,0,3534.21,4.89,35,Fully Paid,West
8100.0,60,18.48,159.95,A,A3,5,RENT,40700.0,debt_consolidation,24.17,0,9,0,9439.5,62.82,23,Fully Paid,Midwest
5700.0,36,8.77,172.22,B,B4,1,OWN,45300.0,other,17.33,0,7,0,36842.02,84.2,19,Fully Paid,Midwest
6600.0,60,16.53,128.18,C,C1,1,RENT,202600.0,debt_consolidation,15.31,0,18,1,34343.04,25.51,20,Fully Paid,South
26800.0,60,18.62,529.84,E,E3,4,RENT,63000.0,debt_consolidation,4.27,1,19,0,38491.95,20.53,25,Fully Paid,Northeast
26800.0,36,28.77,958.62,C,C2,6,MORTGAGE,44700.0,small_business,5.37,0,4,0,8262.89,46.78,16,Fully Paid,Midwest
34100.0,36,14.16,1081.35,D,D2,3,RENT,18000.0,major_purchase,33.48,0,13,0,2151.51,96.26,17,Fully Paid,Midwest
30300.0,36,29.5,1089.96,G,G2,5,RENT,108500.0,major_purchase,29.99,0,16,0,23429.49,69.29,21,Fully Paid,South
18500.0,36,18.56,609.27,A,A2,2,OWN,27700.0,debt_consolidation,15.29,0,8,0,17139.24,42.45,12,Fully Paid,Midwest
24900.0,60,11.06,460.9,B,B5,3,RENT,32800.0,small_business,33.14,1,14,0,38836.65,2.09,19,Fully Paid,Midwest
27800.0,60,9.79,508.69,B,B4,3,RENT,45900.0,credit_card,3.23,0,11,0,26941.34,55.67,19,Fully Paid,West
21000.0,60,8.54,379.89,C,C4,3,MORTGAGE,110000.0,credit_card,24.99,1,20,0,46559.02,34.88,26,Charged Off,Northeast
19600.0,60,16.32,379.98,C,C4,0,MORTGAGE,79700.0,other,34.73,0,10,0,3060.32,18.57,10,Charged Off,South
26200.0,36,5.55,768.17,F,F5,3,RENT,50100.0,home_improvement,33.55,0,13,1,18183.82,50.01,21,Fully Paid,South
22700.0,36,16.13,732.26,D,D2,3,RENT,63200.0,debt_consolidation,14.91,0,12,0,20262.03,34.14,13,Fully Paid,Midwest
26100.0,60,29.71,564.24,C,C1,5,MORTGAGE,40100.0,credit_card,29.81,0,9,0,6294.47,3.87,22,Fully Paid,Midwest
24900.0,36,21.75,842.1,B,B2,8,RENT,58100.0,credit_card,17.1,2,10,0,29150.79,72.55,13,Fully Paid,South
29000.0,36,23.99,998.81,E,E5,9,MORTGAGE,56200.0,small_business,33.61,1,5,0,2010.12,73.26,19,Charged Off,Midwest
26100.0,36,7.98,782.86,F,F1,5,MORTGAGE,87900.0,debt_consolidation,21.23,0,21,0,35636.26,61.88,24,Fully Paid,Midwest
21300.0,36,16.83,691.24,E,E5,5,MORTGAGE,87900.0,major_purchase,30.59,0,6,0,1872.16,84.08,10,Fully Paid,West
27600.0,36,12.16,859.89,A,A3,6,MORTGAGE,69400.0,major_purchase,3.14,0,8,0,43673.6,20.32,17,Fully Paid,South
18500.0,36,27.35,654.44,D,D4,6,RENT,45200.0,debt_consolidation,23.6,0,10,1,3251.35,28.62,13,Fully Paid,Midwest
10400.0,36,9.53,316.42,A,A4,0,OWN,78500.0,debt_consolidation,22.01,0,5,0,22817.47,45.87,12,Fully Paid,Northeast
1100.0,60,16.47,21.35,B,B5,7,MORTGAGE,51700.0,credit_card,24.4,0,24,0,7769.27,6.02,32,Fully Paid,Midwest
22800.0,60,19.7,454.86,A,A1,0,MORTGAGE,31500.0,major_purchase,27.83,0,13,0,6656.11,88.35,23,Fully Paid,West
24000.0,60,17.85,471.4,C,C3,8,MORTGAGE,44300.0,credit_card,36.72,0,13,0,36060.78,49.06,26,Fully Paid,West
38900.0,36,25.76,1358.91,D,D3,3,MORTGAGE,56500.0,major_purchase,31.43,0,7,1,38712.55,32.47,17,Fully Paid,South
15100.0,60,10.79,278.82,A,A2,8,MORTGAGE,85400.0,credit_card,8.79,0,14,1,36959.95,47.8,25,Fully Paid,West
16400.0,60,14.43,312.78,B,B2,7,RENT,49400.0,home_improvement,33.04,0,10,0,20199.59,32.51,11,Fully Paid,West
8900.0,36,24.8,308.53,C,C1,8,RENT,29600.0,debt_consolidation,4.88,1,10,0,49539.3,28.63,21,Fully Paid,Northeast
3800.0,60,18.2,74.86,B,B2,5,RENT,55700.0,debt_consolidation,24.89,0,22,0,16998.45,44.8,30,Fully Paid,West
31100.0,36,15.05,993.9,A,A4,8,RENT,57300.0,home_improvement,35.31,0,4,0,12263.98,48.19,5,Fully Paid,Midwest
10700.0,60,5.74,188.57,C,C5,3,MORTGAGE,59500.0,major_purchase,4.04,0,14,0,49825.27,43.33,16,Fully Paid,West
24700.0,36,23.83,849.61,D,D4,2,MORTGAGE,85800.0,credit_card,33.99,0,7,0,48863.84,54.79,12,Charged Off,Northeast
27800.0,36,29.3,998.48,A,A3,2,MORTGAGE,90200.0,credit_card,31.94,1,19,0,29591.8,78.34,31,Charged Off,South
19400.0,36,20.51,649.42,A,A3,7,MORTGAGE,40300.0,credit_card,20.15,0,24,0,10451.96,5.73,32,Fully Paid,Northeast
35200.0,36,26.41,1236.01,B,B5,1,RENT,39800.0,debt_consolidation,12.36,1,15,0,11924.94,81.15,29,Fully Paid,Midwest
18300.0,36,17.92,599.43,F,F1,5,MORTGAGE,32200.0,home_improvement,16.22,1,24,0,26044.27,22.85,30,Charged Off,Midwest
12100.0,60,10.79,223.43,D,D3,8,OWN,76800.0,credit_card,38.75,0,3,0,38805.16,25.21,10,Fully Paid,South
35900.0,60,5.36,630.4,D,D1,8,MORTGAGE,111800.0,credit_card,8.07,1,7,0,3872.71,59.95,8,Fully Paid,Northeast
34600.0,60,21.33,699.67,B,B4,7,RENT,46300.0,credit_card,23.18,0,21,0,34383.52,97.57,33,Fully Paid,Northeast
7400.0,36,17.33,241.18,C,C2,7,MORTGAGE,48000.0,major_purchase,3.33,0,8,0,5155.54,1.74,16,Fully Paid,South
2000.0,60,24.55,41.52,A,A5,0,OWN,112800.0,debt_consolidation,8.72,0,9,0,42205.54,67.31,14,Fully Paid,South
4500.0,36,22.37,152.96,D,D2,10,MORTGAGE,69800.0,debt_consolidation,30.53,0,11,0,26605.91,69.69,24,Fully Paid,South
12200.0,60,29.7,263.72,F,F1,6,RENT,67400.0,debt_consolidation,12.1,1,14,0,49484.7,57.37,16,Fully Paid,South
38900.0,36,17.76,1272.46,C,C1,0,RENT,29900.0,major_purchase,39.43,0,2,0,37649.11,0.97,16,Fully Paid,Midwest
22800.0,36,15.68,732.64,E,E4,8,RENT,76100.0,debt_consolidation,20.03,0,6,0,24861.43,60.64,7,Fully Paid,Midwest
15600.0,60,12.17,291.64,D,D4,2,MORTGAGE,34000.0,debt_consolidation,20.66,0,3,0,7058.86,11.5,14,Fully Paid,South
35700.0,60,16.92,695.67,A,A1,0,MORTGAGE,30700.0,other,1.45,0,5,0,27119.78,7.81,6,Fully Paid,West
18700.0,36,26.82,658.76,F,F4,7,MORTGAGE,45600.0,credit_card,38.26,0,13,0,5722.24,69.61,22,Fully Paid,South
13300.0,60,6.06,235.1,A,A5,6,MORTGAGE,40400.0,debt_consolidation,6.97,0,6,0,45258.12,70.02,14,Fully Paid,West
37700.0,36,29.45,1355.63,C,C3,1,RENT,48500.0,home_improvement,21.53,1,16,0,11503.39,88.99,19,Fully Paid,West
34100.0,60,29.83,737.87,A,A5,6,MORTGAGE,26400.0,home_improvement,15.83,1,11,0,43268.33,0.34,18,Fully Paid,Northeast
33900.0,36,19.95,1129.53,A,A1,4,OWN,87500.0,credit_card,16.62,0,18,0,15195.13,37.88,28,Fully Paid,West
21000.0,36,13.29,660.86,C,C3,6,RENT,95200.0,credit_card,25.73,0,15,0,11094.93,1.23,21,Fully Paid,West
31800.0,36,10.58,976.79,B,B1,9,MORTGAGE,20500.0,debt_consolidation,26.48,0,8,0,15211.81,36.47,12,Fully Paid,West
8000.0,36,11.91,248.69,C,C5,6,RENT,88400.0,debt_consolidation,6.17,1,23,1,35377.71,49.17,33,Fully Paid,Midwest
23400.0,60,6.25,414.38,C,C1,1,RENT,36100.0,debt_consolidation,19.98,0,3,0,26260.78,52.97,6,Fully Paid,Northeast
39400.0,36,16.88,1279.19,A,A4,1,MORTGAGE,83200.0,debt_consolidation,31.62,0,24,0,5373.62,35.59,29,Fully Paid,Northeast
12300.0,36,6.43,363.64,A,A1,6,MORTGAGE,52400.0,credit_card,17.73,1,4,0,6852.95,72.53,16,Fully Paid,West
32000.0,36,22.96,1092.98,C,C5,2,MORTGAGE,55000.0,debt_consolidation,6.63,0,5,0,18926.48,41.56,14,Fully Paid,Midwest
20100.0,36,14.3,638.18,B,B4,3,RENT,49400.0,credit_card,12.53,0,17,0,16927.18,51.71,31,Fully Paid,South
2600.0,60,9.98,47.66,D,D3,6,MORTGAGE,99300.0,credit_card,8.5,0,17,0,42586.77,80.01,24,Fully Paid,Midwest
30800.0,36,18.62,1014.86,D,D5,1,MORTGAGE,29100.0,debt_consolidation,5.03,0,23,0,28612.66,17.43,27,Fully Paid,Northeast
7600.0,36,29.34,273.05,E,E2,1,MORTGAGE,73400.0,debt_consolidation,15.1,3,4,0,9335.75,32.09,18,Fully Paid,West
25600.0,36,22.38,870.26,D,D2,8,MORTGAGE,94000.0,debt_consolidation,21.64,1,18,0,1417.15,52.14,19,Fully Paid,Midwest
4300.0,36,17.29,140.1,C,C5,10,MORTGAGE,77500.0,debt_consolidation,2.91,2,18,1,5118.16,76.76,31,Fully Paid,West
37900.0,60,24.42,785.92,D,D5,0,RENT,173200.0,home_improvement,24.15,0,23,1,35020.58,42.54,26,Fully Paid,South
12400.0,36,23.44,425.18,B,B2,2,MORTGAGE,41600.0,major_purchase,39.72,0,21,0,42354.86,7.28,31,Charged Off,Midwest
9800.0,36,27.29,346.51,B,B2,9,MORTGAGE,87400.0,home_improvement,38.56,0,8,1,39126.9,98.88,8,Fully Paid,South
6000.0,60,10.12,110.12,E,E2,3,RENT,51400.0,credit_card,33.17,0,9,0,39493.77,70.79,21,Charged Off,South
37900.0,36,26.47,1331.45,C,C5,4,MORTGAGE,100400.0,debt_consolidation,10.65,0,20,0,13048.05,72.27,28,Fully Paid,Northeast
28800.0,60,12.53,540.14,E,E4,2,MORTGAGE,54000.0,home_improvement,0.9,0,8,0,49454.3,46.51,13,Fully Paid,Northeast
29900.0,36,28.52,1067.43,E,E1,8,MORTGAGE,44600.0,credit_card,33.34,0,2,1,4320.43,54.7,8,Fully Paid,West
20500.0,60,12.03,382.77,E,E1,4,RENT,104100.0,debt_consolidation,2.23,0,17,1,41054.77,99.4,17,Fully Paid,South
19500.0,36,28.17,694.25,F,F4,6,RENT,42400.0,other,8.23,1,19,0,4840.86,59.51,23,Fully Paid,South
5300.0,36,29.09,190.05,C,C1,10,RENT,26700.0,debt_consolidation,21.78,0,9,0,13376.57,21.89,17,Fully Paid,Northeast
22800.0,36,8.64,688.05,B,B4,6,MORTGAGE,41800.0,credit_card,7.14,1,8,0,24770.7,96.44,8,Charged Off,South
10600.0,60,29.36,228.54,C,C4,10,RENT,73800.0,credit_card,33.35,0,11,0,2667.04,53.78,11,Fully Paid,Midwest
39100.0,60,7.14,698.2,B,B1,8,RENT,108700.0,small_business,31.09,0,3,0,19708.57,2.07,13,Fully Paid,South
32100.0,36,10.46,984.94,C,C1,1,MORTGAGE,57300.0,other,30.23,1,16,0,17505.72,57.34,17,Fully Paid,South
17100.0,60,16.1,330.88,D,D1,2,RENT,104700.0,other,32.65,0,15,0,32358.6,7.05,17,Charged Off,Northeast
6900.0,36,29.84,248.86,D,D3,3,MORTGAGE,27500.0,credit_card,8.79,2,3,0,35900.67,52.76,16,Fully Paid,Northeast
31600.0,60,17.21,617.31,B,B1,7,MORTGAGE,43400.0,home_improvement,29.16,1,8,0,4524.77,82.53,13,Charged Off,West
5800.0,60,18.76,114.8,A,A5,0,MORTGAGE,46900.0,debt_consolidation,14.21,0,24,0,1903.42,53.89,34,Fully Paid,Northeast
8400.0,36,22.36,285.51,C,C5,8,MORTGAGE,51200.0,credit_card,26.67,0,23,0,38794.57,37.35,28,Fully Paid,Midwest
9200.0,60,29.21,198.12,A,A3,4,MORTGAGE,56500.0,small_business,4.88,0,13,0,26399.57,88.26,22,Fully Paid,South
22700.0,36,24.58,785.55,E,E5,3,MORTGAGE,76500.0,credit_card,28.22,0,6,0,26731.84,92.76,15,Fully Paid,West
31700.0,36,10.6,973.89,B,B1,7,MORTGAGE,43400.0,debt_consolidation,38.88,1,7,0,49035.83,34.75,20,Fully Paid,South
13300.0,36,12.57,415.88,A,A3,8,RENT,58100.0,debt_consolidation,1.74,0,17,0,21887.08,49.9,17,Fully Paid,Northeast
4300.0,60,7.44,77.0,A,A2,2,OWN,53000.0,debt_consolidation,3.75,0,13,0,9809.63,98.29,27,Fully Paid,South
19100.0,60,21.11,385.53,D,D2,3,MORTGAGE,34100.0,debt_consolidation,4.95,0,10,0,34032.06,17.81,12,Fully Paid,South
30200.0,60,9.52,551.25,D,D4,0,MORTGAGE,51200.0,debt_consolidation,17.22,0,21,0,40783.9,29.82,33,Fully Paid,Midwest
9600.0,60,11.44,178.3,B,B1,2,MORTGAGE,50400.0,debt_consolidation,11.63,3,13,0,25118.04,42.84,25,Fully Paid,South
9600.0,60,27.2,203.52,A,A4,9,MORTGAGE,49900.0,debt_consolidation,32.28,1,11,0,34590.73,10.09,19,Fully Paid,Midwest
37900.0,36,13.17,1191.43,C,C2,4,OWN,55000.0,debt_consolidation,18.95,0,18,0,25696.57,27.2,25,Fully Paid,South
38200.0,36,19.17,1264.53,B,B5,7,RENT,56300.0,small_business,19.38,0,12,0,20367.61,54.47,22,Charged Off,Northeast
39600.0,36,14.94,1264.34,D,D3,0,RENT,43600.0,home_improvement,28.68,1,19,0,1713.9,22.85,27,Fully Paid,West
32500.0,36,6.85,964.62,C,C2,0,MORTGAGE,102400.0,credit_card,14.48,0,5,0,8687.13,68.63,15,Fully Paid,Northeast
8300.0,36,14.07,262.99,B,B4,2,RENT,30200.0,credit_card,14.13,1,4,0,23988.37,34.77,11,Fully Paid,West
9300.0,36,15.2,297.6,B,B5,8,RENT,37800.0,debt_consolidation,30.28,0,20,0,19826.43,8.98,28,Fully Paid,South
14300.0,60,27.39,303.61,G,G3,8,MORTGAGE,217500.0,major_purchase,31.2,0,7,0,42144.19,76.45,13,Fully Paid,Northeast
13400.0,60,13.11,252.61,C,C5,0,RENT,32200.0,other,0.58,1,24,0,5422.3,56.74,33,Fully Paid,Midwest
38300.0,36,14.48,1217.94,D,D2,3,MORTGAGE,27500.0,debt_consolidation,5.75,0,9,0,2506.38,82.49,21,Fully Paid,Northeast
31800.0,60,24.57,660.22,A,A5,7,RENT,78200.0,debt_consolidation,8.52,2,8,0,4356.86,36.02,21,Fully Paid,Midwest
29200.0,36,23.97,1005.53,C,C5,1,MORTGAGE,19200.0,home_improvement,14.06,0,16,0,33904.63,1.94,24,Fully Paid,South
8300.0,60,24.96,172.86,A,A4,3,OWN,48200.0,debt_consolidation,11.66,0,13,0,29723.67,4.67,15,Fully Paid,South
36500.0,36,28.84,1306.29,C,C5,6,RENT,158400.0,other,26.74,0,16,0,31611.02,79.54,21,Fully Paid,West
33300.0,36,24.89,1155.23,G,G3,6,MORTGAGE,25000.0,home_improvement,33.13,3,10,0,7846.07,41.06,15,Charged Off,Northeast
7400.0,60,15.19,142.07,B,B2,4,MORTGAGE,20100.0,debt_consolidation,7.68,0,3,0,25817.64,97.64,16,Fully Paid,South
35000.0,36,25.54,1220.53,A,A1,6,OWN,25600.0,debt_consolidation,22.52,0,21,0,38383.5,83.03,33,Fully Paid,West
11600.0,36,17.72,379.32,A,A5,5,MORTGAGE,84900.0,home_improvement,14.71,0,16,0,34193.82,1.61,16,Fully Paid,West
4200.0,36,11.94,130.6,B,B2,1,MORTGAGE,95100.0,debt_consolidation,20.23,1,19,0,21934.39,87.0,30,Charged Off,South
26600.0,36,12.57,831.77,A,A5,8,RENT,41900.0,small_business,24.83,0,14,0,5175.03,21.29,26,Fully Paid,Midwest
26500.0,60,10.6,488.48,A,A5,4,MORTGAGE,76200.0,debt_consolidation,35.74,0,17,0,43532.51,48.63,30,Fully Paid,Midwest
4700.0,36,8.62,141.81,D,D4,1,RENT,108600.0,other,7.69,0,16,0,26310.22,50.61,27,Fully Paid,West
13400.0,60,9.61,244.8,C,C2,5,OWN,132400.0,debt_consolidation,3.48,0,12,0,44483.04,5.97,22,Fully Paid,South
39700.0,36,6.58,1175.34,B,B3,9,RENT,47900.0,home_improvement,25.09,1,4,0,21935.01,12.57,13,Charged Off,Northeast
27500.0,36,27.21,971.74,F,F1,4,OWN,17100.0,debt_consolidation,15.77,0,11,0,11850.65,42.3,20,Fully Paid,Northeast
29500.0,36,28.28,1051.18,A,A5,1,RENT,35900.0,debt_consolidation,6.52,0,18,0,15370.65,64.26,24,Fully Paid,West
9300.0,60,19.67,185.49,F,F2,9,RENT,43800.0,credit_card,4.68,0,9,0,20907.47,26.44,11,Fully Paid,Northeast
4100.0,36,26.01,143.51,B,B2,9,OWN,47600.0,debt_consolidation,22.36,0,6,1,30711.16,52.64,17,Fully Paid,South
11800.0,36,9.59,359.21,E,E5,6,MORTGAGE,49300.0,debt_consolidation,12.02,0,22,0,38445.55,37.91,35,Fully Paid,Northeast
10700.0,36,27.54,379.08,C,C1,9,MORTGAGE,94800.0,debt_consolidation,39.9,0,9,0,12132.03,63.04,10,Fully Paid,Northeast
10100.0,36,17.66,330.1,E,E5,1,MORTGAGE,102500.0,credit_card,16.24,0,16,0,9386.1,42.44,22,Fully Paid,South
8500.0,60,6.68,151.13,G,G1,6,RENT,49700.0,credit_card,8.49,1,12,1,10132.94,85.16,25,Charged Off,Midwest
23400.0,36,8.53,705.44,B,B2,5,MORTGAGE,93800.0,major_purchase,25.15,0,10,0,46724.99,98.37,19,Fully Paid,Midwest
13800.0,36,12.72,432.09,G,G5,3,RENT,64800.0,debt_consolidation,9.77,0,3,0,8197.44,91.31,6,Fully Paid,West
33000.0,36,6.09,972.49,B,B2,3,RENT,56000.0,debt_consolidation,19.76,0,8,0,17287.16,16.86,14,Fully Paid,South
8200.0,36,12.73,256.77,B,B5,5,MORTGAGE,85200.0,debt_consolidation,19.3,0,17,0,24293.38,45.72,17,Fully Paid,Midwest
19100.0,36,6.5,565.04,B,B5,8,MORTGAGE,56200.0,small_business,18.14,0,8,0,27810.17,45.88,17,Fully Paid,Northeast
1500.0,36,10.9,46.21,C,C3,9,RENT,151600.0,small_business,31.84,0,5,0,42904.26,84.05,12,Fully Paid,West
19800.0,36,11.64,614.02,A,A4,5,RENT,26400.0,credit_card,8.66,0,6,0,5644.19,35.72,7,Fully Paid,South
3200.0,36,29.86,115.43,C,C5,5,MORTGAGE,41900.0,small_business,36.17,0,15,0,5400.67,54.96,22,Charged Off,South
39100.0,36,10.89,1204.39,C,C5,10,OWN,50900.0,major_purchase,31.65,0,23,0,15820.48,60.93,30,Fully Paid,West
31800.0,60,10.98,588.19,D,D2,0,OWN,67500.0,debt_consolidation,13.32,0,8,0,20660.07,11.15,16,Fully Paid,Midwest
20100.0,60,22.17,409.27,E,E1,4,MORTGAGE,102100.0,debt_consolidation,7.22,2,14,0,18688.78,55.8,17,Fully Paid,West
4400.0,36,26.48,154.59,C,C2,0,RENT,53500.0,debt_consolidation,11.18,1,19,0,19595.09,24.68,33,Fully Paid,West
24100.0,36,14.68,767.72,B,B4,10,MORTGAGE,26600.0,debt_consolidation,13.31,0,11,0,42572.75,20.66,22,Charged Off,South
30600.0,60,26.89,647.14,B,B5,8,RENT,82600.0,credit_card,22.28,0,3,0,41833.42,25.03,3,Fully Paid,South
8400.0,60,13.5,158.9,B,B2,9,RENT,79000.0,credit_card,1.85,0,14,1,40275.07,9.94,23,Fully Paid,Northeast
23200.0,36,9.93,708.44,A,A1,3,RENT,20500.0,credit_card,36.57,0,3,0,37764.03,6.97,10,Fully Paid,West
32800.0,60,13.24,619.05,B,B4,1,MORTGAGE,54100.0,debt_consolidation,3.95,1,16,0,2019.46,64.69,24,Fully Paid,South
31000.0,60,20.23,621.19,B,B4,8,RENT,24500.0,major_purchase,11.17,0,6,0,7469.39,94.1,16,Fully Paid,South
32300.0,36,14.18,1024.45,G,G5,5,MORTGAGE,38900.0,debt_consolidation,4.37,0,23,0,36609.63,68.8,36,Charged Off,South
35300.0,36,21.82,1194.51,C,C4,10,MORTGAGE,34500.0,credit_card,10.27,0,12,0,29742.2,31.19,20,Fully Paid,South
37600.0,60,10.92,695.1,B,B1,9,MORTGAGE,81200.0,other,33.51,1,7,0,33697.23,33.5,12,Fully Paid,West
16800.0,36,22.52,571.76,C,C2,2,RENT,57400.0,debt_consolidation,24.61,1,20,0,35846.57,54.14,34,Fully Paid,West
23200.0,60,13.69,439.6,A,A4,1,RENT,28500.0,debt_consolidation,9.09,1,16,0,45568.24,86.63,23,Fully Paid,Midwest
31800.0,60,16.4,616.92,C,C3,5,OWN,84100.0,home_improvement,34.87,0,5,0,31757.15,20.25,12,Fully Paid,West
28200.0,60,18.94,559.02,D,D2,9,RENT,26500.0,small_business,32.03,1,8,0,13778.37,46.85,12,Charged Off,South
39800.0,36,22.16,1350.55,C,C1,5,MORTGAGE,63900.0,debt_consolidation,30.15,0,24,0,4150.8,49.89,38,Fully Paid,Northeast
1500.0,36,10.97,46.24,C,C1,8,MORTGAGE,36100.0,home_improvement,33.91,0,23,0,21604.24,93.12,26,Fully Paid,West
14900.0,36,25.9,521.09,G,G5,4,OWN,45100.0,other,24.79,0,18,0,35492.48,53.62,27,Charged Off,Midwest
12000.0,60,23.05,246.1,E,E4,10,RENT,69700.0,debt_consolidation,20.06,0,11,0,14095.07,78.09,20,Fully Paid,West
11200.0,60,10.85,206.92,D,D5,8,MORTGAGE,70300.0,debt_consolidation,14.96,0,23,0,6003.97,8.78,33,Fully Paid,South
9700.0,36,29.37,348.58,C,C4,4,MORTGAGE,105700.0,home_improvement,8.95,0,18,0,49937.12,32.69,19,Fully Paid,Midwest
28700.0,36,21.62,969.58,D,D2,1,OWN,52000.0,debt_consolidation,22.3,2,12,1,20943.72,61.14,14,Charged Off,South
4300.0,60,16.31,83.36,B,B5,0,RENT,63100.0,debt_consolidation,35.58,1,22,0,10815.74,67.76,32,Fully Paid,South
29900.0,60,8.94,542.88,B,B5,8,OWN,43500.0,small_business,23.76,0,23,0,8227.8,88.52,34,Fully Paid,West
28000.0,36,18.33,920.34,A,A5,9,MORTGAGE,59300.0,credit_card,36.78,1,17,0,43139.12,59.04,19,Fully Paid,West
10800.0,36,9.12,327.36,C,C5,6,RENT,67500.0,debt_consolidation,14.28,0,8,0,40980.19,28.96,19,Fully Paid,Midwest
10900.0,60,15.74,210.26,C,C3,2,MORTGAGE,51600.0,debt_consolidation,27.81,0,9,0,30666.03,53.91,14,Fully Paid,Midwest
25500.0,60,15.22,489.69,B,B3,5,RENT,22000.0,credit_card,25.95,1,17,0,27359.28,71.15,23,Charged Off,Midwest
30700.0,60,23.0,629.35,G,G5,9,MORTGAGE,63900.0,credit_card,26.82,0,17,0,47571.95,78.43,22,Fully Paid,Midwest
35200.0,36,9.81,1073.7,F,F4,3,OWN,65000.0,home_improvement,25.8,0,23,0,11413.38,94.46,33,Fully Paid,Northeast
34200.0,36,25.55,1192.73,D,D5,8,RENT,38600.0,major_purchase,8.87,0,24,0,20769.68,19.08,37,Fully Paid,Midwest
38600.0,36,13.15,1213.22,C,C3,1,RENT,28500.0,credit_card,5.74,0,5,0,1233.25,66.09,5,Fully Paid,West
23700.0,60,16.1,458.6,E,E3,10,MORTGAGE,113300.0,other,39.15,2,8,1,20929.49,20.03,14,Fully Paid,Northeast
36400.0,60,24.31,754.15,A,A5,3,RENT,69300.0,other,1.81,0,18,0,19210.83,31.79,29,Fully Paid,South
32500.0,60,20.63,653.41,E,E5,0,MORTGAGE,48300.0,debt_consolidation,18.71,0,4,0,47474.66,14.28,16,Fully Paid,South
35900.0,36,12.7,1123.87,A,A4,6,RENT,30700.0,debt_consolidation,17.0,0,18,0,17911.62,77.3,26,Fully Paid,Midwest
1500.0,60,14.66,28.67,E,E3,3,RENT,35900.0,debt_consolidation,14.4,0,12,0,41739.46,91.4,19,Fully Paid,South
38700.0,36,12.64,1210.88,B,B5,4,OWN,103900.0,debt_consolidation,31.28,0,9,0,38329.68,2.99,19,Charged Off,Northeast
19500.0,36,19.87,649.3,E,E1,0,MORTGAGE,58000.0,debt_consolidation,29.81,0,20,0,7363.6,81.35,24,Charged Off,West
32100.0,36,13.32,1010.44,F,F5,1,OWN,41100.0,debt_consolidation,36.21,0,8,0,48135.86,24.18,11,Fully Paid,West
6000.0,60,23.14,123.14,A,A3,3,OWN,69900.0,debt_consolidation,15.82,1,19,1,31548.29,48.7,23,Fully Paid,Northeast
16400.0,60,19.49,326.61,C,C1,1,MORTGAGE,36100.0,debt_consolidation,22.57,1,22,0,29827.53,74.82,36,Fully Paid,Midwest
11600.0,36,8.64,350.06,G,G1,0,OWN,114700.0,debt_consolidation,35.69,1,16,0,585.27,50.69,28,Fully Paid,Midwest
12400.0,36,12.76,388.4,C,C1,9,RENT,106600.0,debt_consolidation,39.75,1,20,0,34960.54,23.12,22,Fully Paid,Midwest
5800.0,60,10.54,106.86,E,E4,0,RENT,42900.0,credit_card,38.77,0,4,0,2781.44,90.62,18,Fully Paid,Northeast
32400.0,36,14.76,1032.84,C,C5,5,RENT,39600.0,debt_consolidation,28.71,0,17,0,9269.04,59.36,25,Fully Paid,Midwest
1400.0,60,17.9,27.51,B,B1,1,MORTGAGE,14600.0,other,5.73,0,16,0,4931.05,93.13,30,Charged Off,West
13200.0,36,17.67,431.46,B,B4,2,OWN,25800.0,debt_consolidation,0.93,1,6,0,18910.3,84.66,10,Fully Paid,Northeast
7800.0,36,23.86,268.36,B,B3,4,OWN,27700.0,other,33.01,0,15,0,39785.58,87.66,29,Fully Paid,Northeast
24000.0,36,9.73,731.53,D,D1,2,MORTGAGE,58000.0,debt_consolidation,33.64,0,3,0,35369.08,36.17,9,Fully Paid,South
10900.0,36,28.66,389.55,B,B5,5,RENT,46000.0,credit_card,29.85,1,5,0,5334.76,98.73,11,Fully Paid,South
11100.0,36,13.57,350.17,C,C1,6,MORTGAGE,27600.0,debt_consolidation,11.2,0,21,0,39923.06,85.24,21,Fully Paid,Midwest
20000.0,36,12.51,625.06,C,C3,9,RENT,47100.0,major_purchase,25.59,0,14,1,23042.36,33.76,19,Fully Paid,Midwest
26500.0,36,22.13,899.01,C,C3,5,MORTGAGE,69700.0,debt_consolidation,12.65,0,17,0,1631.54,89.64,29,Fully Paid,West
5700.0,36,25.14,198.14,E,E1,1,MORTGAGE,70500.0,other,18.03,0,13,0,11191.32,75.53,16,Charged Off,Midwest
7800.0,60,14.46,148.8,G,G5,8,MORTGAGE,21000.0,debt_consolidation,15.3,0,6,0,39259.28,72.51,8,Charged Off,West
10600.0,36,23.67,364.14,C,C4,1,MORTGAGE,50800.0,debt_consolidation,36.55,0,23,0,36664.99,0.62,35,Charged Off,Midwest
39000.0,36,27.09,1376.81,E,E1,5,MORTGAGE,27100.0,credit_card,9.37,0,22,0,9417.56,2.26,24,Fully Paid,West
16500.0,60,24.17,341.47,D,D3,8,MORTGAGE,85000.0,major_purchase,23.1,0,13,0,1899.95,69.48,26,Fully Paid,Northeast
24400.0,36,5.85,717.43,C,C4,8,RENT,80200.0,other,14.44,1,9,0,14760.1,27.87,14,Fully Paid,West
10400.0,36,25.68,363.08,F,F5,1,RENT,34600.0,debt_consolidation,26.52,0,6,0,39746.34,5.85,6,Fully Paid,Midwest
20100.0,60,24.36,416.61,B,B1,8,MORTGAGE,36900.0,major_purchase,22.58,0,4,0,46919.52,28.6,8,Fully Paid,South
3900.0,60,21.73,79.12,A,A3,7,MORTGAGE,43000.0,home_improvement,36.96,0,23,0,28644.28,83.79,26,Fully Paid,Midwest
2400.0,60,24.0,49.6,E,E4,6,OWN,17600.0,credit_card,4.06,3,14,0,4555.19,47.06,23,Charged Off,Northeast
19300.0,36,29.49,694.21,C,C2,10,RENT,64100.0,home_improvement,8.83,0,5,0,25104.31,61.56,12,Fully Paid,South
16500.0,60,15.78,318.4,E,E4,7,MORTGAGE,47300.0,debt_consolidation,30.65,1,22,0,49939.57,80.05,30,Fully Paid,West
6300.0,36,6.68,186.69,E,E3,9,RENT,88000.0,debt_consolidation,14.75,0,9,0,46933.45,32.34,16,Fully Paid,South
27800.0,36,16.52,899.79,A,A3,7,RENT,31300.0,major_purchase,6.63,0,5,0,49660.55,1.11,11,Fully Paid,Midwest
39700.0,60,6.16,702.43,E,E2,0,MORTGAGE,39800.0,credit_card,20.13,1,8,0,34970.74,32.33,10,Fully Paid,South
16400.0,36,12.36,511.86,C,C2,8,RENT,25500.0,small_business,26.09,0,4,0,21304.43,95.67,11,Fully Paid,South
25400.0,60,19.67,506.6,C,C2,5,RENT,32800.0,small_business,1.79,0,5,0,44656.48,48.23,5,Charged Off,Midwest
38600.0,36,12.74,1208.82,D,D5,0,MORTGAGE,30000.0,small_business,11.66,0,9,0,44759.02,56.98,12,Charged Off,Midwest
33400.0,36,22.13,1133.1,F,F3,0,RENT,89100.0,debt_consolidation,32.38,0,14,0,7218.24,76.04,27,Charged Off,Northeast
19100.0,60,25.55,399.67,A,A1,6,MORTGAGE,38200.0,debt_consolidation,20.81,0,14,1,38769.29,11.49,16,Fully Paid,South
29800.0,36,15.51,956.17,C,C5,9,MORTGAGE,57600.0,debt_consolidation,1.42,0,10,1,45965.48,73.39,20,Fully Paid,West
6000.0,60,27.5,127.5,D,D3,1,MORTGAGE,44800.0,other,11.28,0,21,0,44925.98,29.78,35,Fully Paid,Midwest
21000.0,60,7.0,374.5,D,D4,5,MORTGAGE,28700.0,debt_consolidation,25.57,0,21,0,35341.68,38.82,23,Fully Paid,South
11900.0,60,26.0,249.9,D,D2,4,OWN,49800.0,debt_consolidation,7.97,0,6,0,26867.92,26.95,7,Charged Off,Midwest
7300.0,36,25.71,254.91,A,A4,4,MORTGAGE,73100.0,debt_consolidation,33.1,1,15,0,38837.46,15.35,21,Fully Paid,Northeast
17600.0,36,13.05,552.69,B,B1,9,MORTGAGE,29600.0,debt_consolidation,27.06,0,6,0,25807.79,36.15,19,Fully Paid,Midwest
6100.0,60,12.47,114.34,B,B5,5,OWN,81200.0,debt_consolidation,18.86,1,4,0,16061.7,9.46,17,Fully Paid,Midwest
28300.0,60,12.63,531.24,E,E4,10,OWN,35400.0,debt_consolidation,36.62,0,2,1,12946.92,84.48,11,Charged Off,Northeast
18800.0,36,25.28,654.24,B,B1,7,MORTGAGE,42600.0,debt_consolidation,15.67,0,11,0,27032.86,30.59,13,Fully Paid,Midwest
21700.0,60,25.79,454.94,B,B4,4,MORTGAGE,70600.0,other,9.4,0,16,0,22797.74,65.36,22,Charged Off,Northeast
6700.0,36,13.24,210.75,F,F3,7,MORTGAGE,38900.0,home_improvement,26.46,0,18,0,26224.76,29.67,19,Fully Paid,South
6500.0,60,19.81,129.79,A,A4,4,MORTGAGE,55200.0,home_improvement,22.93,0,13,0,13034.85,21.07,15,Fully Paid,South
23800.0,36,8.47,717.11,G,G2,9,MORTGAGE,46300.0,credit_card,13.41,0,15,0,29529.16,71.37,26,Charged Off,South
39400.0,36,16.72,1277.44,D,D2,5,MORTGAGE,57800.0,major_purchase,13.75,1,5,0,33103.72,62.4,7,Fully Paid,West
4800.0,36,29.97,173.29,E,E3,7,OWN,16500.0,other,15.93,0,12,0,40342.44,21.81,18,Fully Paid,Midwest
12100.0,36,8.97,366.26,B,B5,1,RENT,21700.0,other,11.65,0,16,0,29499.37,61.21,25,Charged Off,Northeast
34900.0,60,28.69,748.55,A,A2,6,MORTGAGE,73700.0,debt_consolidation,28.41,0,15,0,37803.54,0.5,18,Fully Paid,Midwest
3800.0,36,25.61,132.59,D,D4,2,RENT,91000.0,small_business,26.05,0,19,0,8469.27,17.69,30,Fully Paid,West
35200.0,60,29.31,758.62,E,E2,8,MORTGAGE,34400.0,debt_consolidation,17.63,3,23,0,6053.13,72.78,32,Fully Paid,Midwest
21400.0,36,9.49,650.86,D,D3,9,MORTGAGE,48000.0,debt_consolidation,15.91,1,10,0,8982.05,41.02,16,Fully Paid,West
16900.0,36,10.34,517.98,A,A5,6,MORTGAGE,62800.0,debt_consolidation,14.6,0,16,0,42313.26,20.36,18,Fully Paid,Midwest
13100.0,36,5.42,383.61,D,D3,2,MORTGAGE,76600.0,home_improvement,11.34,0,22,0,27807.49,50.59,31,Fully Paid,West
12600.0,36,23.12,430.92,D,D4,7,MORTGAGE,19700.0,credit_card,3.43,0,4,0,22765.76,46.52,12,Fully Paid,Northeast
12900.0,36,21.1,433.94,D,D2,9,RENT,34800.0,debt_consolidation,10.73,0,21,0,38107.97,63.39,22,Fully Paid,Midwest
35500.0,36,9.45,1079.3,D,D4,1,MORTGAGE,45900.0,major_purchase,12.85,1,14,1,6203.9,7.25,25,Fully Paid,Midwest
29200.0,60,24.78,607.26,E,E2,9,RENT,77000.0,debt_consolidation,21.91,3,3,0,310.4,81.93,13,Charged Off,Northeast
27100.0,36,12.48,846.72,C,C2,7,RENT,188900.0,debt_consolidation,30.95,0,16,0,15548.24,5.83,28,Charged Off,Northeast
32200.0,36,8.37,969.31,A,A1,6,OWN,48300.0,debt_consolidation,15.83,0,15,0,12444.72,45.39,17,Fully Paid,South
11000.0,60,15.56,211.86,C,C3,4,MORTGAGE,26800.0,credit_card,37.79,0,8,0,15366.54,71.05,19,Fully Paid,West
25100.0,36,7.27,747.91,A,A1,3,OWN,66200.0,debt_consolidation,33.09,1,5,1,48678.47,34.48,10,Charged Off,Northeast
18900.0,36,11.58,585.79,C,C4,10,OWN,104900.0,debt_consolidation,39.39,1,5,0,28387.29,91.01,15,Charged Off,South
31500.0,36,14.28,999.95,C,C4,9,RENT,57200.0,other,35.05,0,11,0,29455.6,75.52,22,Fully Paid,West
13100.0,36,26.3,459.59,A,A5,9,OWN,34400.0,small_business,24.67,2,22,0,32783.46,42.6,34,Fully Paid,South
26100.0,36,24.81,904.87,B,B2,0,RENT,87500.0,debt_consolidation,23.94,0,20,0,19886.27,18.38,34,Fully Paid,Midwest
35400.0,36,16.07,1141.36,A,A1,3,RENT,75500.0,credit_card,5.18,1,14,0,48948.8,4.34,19,Fully Paid,West
16700.0,60,23.11,342.66,E,E5,5,MORTGAGE,32400.0,debt_consolidation,28.9,1,7,0,48663.07,80.17,12,Charged Off,Midwest
3600.0,60,19.22,71.53,F,F1,5,RENT,65600.0,credit_card,24.01,0,9,0,38462.27,19.43,18,Fully Paid,Midwest
21100.0,36,13.52,665.35,A,A4,1,RENT,89200.0,credit_card,20.28,0,11,0,10584.61,26.97,18,Fully Paid,Midwest
14500.0,60,23.15,297.61,F,F5,8,RENT,97800.0,debt_consolidation,27.73,0,18,0,44009.84,1.04,25,Fully Paid,Midwest
27200.0,36,22.09,922.46,C,C3,0,MORTGAGE,52400.0,debt_consolidation,17.76,0,10,0,5045.99,1.82,15,Fully Paid,Midwest
38100.0,36,20.48,1275.08,B,B5,3,MORTGAGE,45300.0,debt_consolidation,20.95,0,15,0,31494.74,23.04,22,Fully Paid,Midwest
19900.0,36,20.45,665.82,A,A2,3,MORTGAGE,100100.0,credit_card,15.93,1,21,0,22860.76,87.29,21,Fully Paid,South
19200.0,36,22.07,651.04,C,C4,1,MORTGAGE,29600.0,other,28.69,0,6,0,1960.78,78.08,12,Fully Paid,South
26500.0,36,14.61,843.66,E,E3,7,OWN,67500.0,other,35.06,1,4,0,45195.35,76.99,6,Fully Paid,West
5000.0,36,26.73,176.01,D,D4,10,RENT,27300.0,other,33.63,1,10,0,48054.64,82.7,22,Fully Paid,West
10900.0,60,9.06,198.13,A,A2,1,RENT,92300.0,other,31.44,1,13,0,45369.73,18.66,15,Fully Paid,West
36800.0,60,27.1,779.55,A,A4,1,MORTGAGE,47600.0,debt_consolidation,0.55,1,23,0,9623.34,97.91,31,Fully Paid,Midwest
27100.0,36,13.56,854.85,C,C3,1,OWN,102200.0,home_improvement,36.48,0,2,0,16649.1,23.22,2,Charged Off,Midwest
1500.0,60,8.13,27.03,B,B5,0,MORTGAGE,69300.0,debt_consolidation,11.0,1,12,0,47786.65,14.99,20,Fully Paid,South
9000.0,60,20.0,180.0,B,B5,4,RENT,29400.0,small_business,35.52,1,6,0,5321.2,29.46,10,Fully Paid,South
27600.0,36,14.4,877.07,B,B5,10,RENT,110400.0,major_purchase,7.88,0,20,0,29165.24,53.05,33,Fully Paid,West
30800.0,36,25.39,1072.78,E,E3,3,RENT,117700.0,debt_consolidation,17.59,0,5,0,24276.12,12.44,13,Fully Paid,Northeast
33800.0,36,15.77,1086.95,F,F5,1,MORTGAGE,84200.0,credit_card,29.98,0,13,0,7594.93,73.86,13,Fully Paid,Northeast
12400.0,36,21.71,419.22,C,C1,0,RENT,37000.0,debt_consolidation,25.61,0,17,0,44328.87,37.15,22,Charged Off,Midwest
37300.0,36,12.71,1167.8,F,F1,0,MORTGAGE,46500.0,debt_consolidation,16.64,1,17,1,6707.72,56.84,17,Charged Off,Midwest
22600.0,36,10.24,692.06,B,B5,1,RENT,58300.0,other,27.14,0,22,0,29635.35,73.42,22,Fully Paid,Midwest
28200.0,36,14.7,898.48,C,C2,0,OWN,38100.0,small_business,21.96,0,2,0,15909.04,90.19,15,Fully Paid,South
24300.0,36,20.17,811.15,B,B3,8,RENT,126300.0,debt_consolidation,11.03,1,4,0,20899.06,81.93,8,Fully Paid,Midwest
5800.0,36,21.42,195.62,D,D2,1,RENT,58200.0,debt_consolidation,25.85,0,24,0,10567.98,53.75,34,Fully Paid,Midwest
38600.0,36,19.46,1280.88,G,G4,2,RENT,14000.0,debt_consolidation,8.17,1,23,0,31233.45,99.12,35,Charged Off,Midwest
5800.0,36,29.7,208.96,C,C2,8,RENT,64200.0,other,27.76,0,21,0,49433.87,52.97,34,Fully Paid,Northeast
10900.0,36,22.28,370.24,B,B2,4,RENT,45500.0,other,0.12,0,16,0,41677.15,53.6,20,Fully Paid,Northeast
32700.0,36,28.29,1165.3,D,D2,7,MORTGAGE,52200.0,credit_card,21.95,0,21,0,34160.29,15.85,21,Charged Off,West
25100.0,60,7.95,451.59,A,A5,6,RENT,45100.0,home_improvement,16.04,0,18,0,37819.06,14.87,19,Fully Paid,Midwest
33700.0,36,6.53,997.24,E,E4,5,RENT,81100.0,home_improvement,12.12,0,23,0,41964.33,16.87,36,Fully Paid,South
21100.0,36,12.77,660.96,C,C4,1,MORTGAGE,94800.0,debt_consolidation,20.63,0,5,0,23627.35,59.18,7,Fully Paid,Northeast
15700.0,36,8.41,472.79,C,C5,3,MORTGAGE,62400.0,other,25.81,0,4,0,28352.21,41.52,18,Fully Paid,West
37000.0,60,18.15,728.59,C,C1,8,RENT,45700.0,credit_card,38.61,0,12,0,44774.14,38.59,14,Fully Paid,Midwest
2400.0,60,17.97,47.19,D,D1,6,MORTGAGE,53100.0,debt_consolidation,33.32,0,2,0,34797.37,12.76,8,Fully Paid,Northeast
34400.0,36,19.38,1140.74,A,A4,2,MORTGAGE,54700.0,debt_consolidation,28.69,0,6,0,6801.16,38.11,7,Fully Paid,South
10000.0,36,23.63,343.42,D,D3,5,RENT,36300.0,credit_card,19.16,0,5,0,38976.79,37.8,19,Fully Paid,South
34100.0,36,29.28,1224.57,B,B5,7,OWN,72400.0,debt_consolidation,15.69,0,21,0,1135.32,62.08,23,Fully Paid,South
6400.0,36,26.96,225.71,D,D2,7,RENT,68200.0,home_improvement,1.3,1,9,0,42376.35,38.84,22,Fully Paid,South
23600.0,60,7.96,424.64,E,E3,7,RENT,117000.0,small_business,14.36,1,12,0,39414.97,41.88,12,Fully Paid,Midwest
35600.0,36,13.46,1121.99,E,E1,7,MORTGAGE,101500.0,major_purchase,33.94,0,12,0,41537.3,27.25,12,Fully Paid,West
19500.0,36,11.4,603.42,C,C4,9,RENT,38500.0,credit_card,15.36,0,19,0,1179.63,13.15,19,Charged Off,West
30100.0,36,9.42,914.87,C,C1,5,RENT,81600.0,credit_card,18.46,0,11,0,48622.44,30.0,11,Fully Paid,South
32400.0,36,18.62,1067.58,A,A4,10,MORTGAGE,33700.0,debt_consolidation,10.87,0,14,0,30706.6,4.28,17,Fully Paid,Midwest
29700.0,60,18.83,588.21,D,D5,9,MORTGAGE,76700.0,credit_card,10.97,1,21,0,40002.42,20.37,21,Fully Paid,West
37100.0,36,10.68,1140.62,B,B4,10,MORTGAGE,41800.0,debt_consolidation,2.47,0,17,0,28327.96,32.5,20,Fully Paid,West
18400.0,60,22.8,376.59,C,C3,2,MORTGAGE,32500.0,other,24.55,0,18,0,16987.47,14.56,23,Fully Paid,West
7800.0,36,23.32,267.19,B,B3,8,MORTGAGE,62300.0,other,17.92,1,19,0,14807.42,66.5,21,Fully Paid,South
2900.0,36,5.52,85.0,A,A3,2,MORTGAGE,14200.0,debt_consolidation,24.24,1,4,0,3496.7,28.08,6,Fully Paid,Midwest
10600.0,36,14.89,338.29,D,D3,3,RENT,22600.0,major_purchase,21.88,0,2,0,27125.75,61.55,13,Fully Paid,South
6600.0,36,27.25,233.29,A,A2,9,OWN,49600.0,home_improvement,31.95,0,3,0,7179.46,64.39,13,Fully Paid,Midwest
22800.0,36,18.01,747.4,D,D1,0,RENT,56500.0,other,30.04,0,24,0,28375.87,44.73,28,Charged Off,Northeast
8200.0,36,13.69,258.96,B,B5,1,RENT,45000.0,credit_card,30.86,1,7,0,31245.81,44.91,16,Fully Paid,Midwest
2500.0,60,11.34,46.39,A,A5,5,OWN,24600.0,home_improvement,19.97,0,19,0,22104.03,58.15,31,Fully Paid,Midwest
2400.0,36,11.08,74.05,C,C5,0,MORTGAGE,36000.0,credit_card,14.16,0,18,0,7816.24,26.25,29,Fully Paid,South
33400.0,36,7.49,997.27,A,A1,8,RENT,65900.0,debt_consolidation,37.34,0,15,0,21635.37,2.12,16,Fully Paid,South
24100.0,36,25.43,839.68,B,B4,7,RENT,72500.0,debt_consolidation,2.17,0,18,0,43933.6,64.5,31,Fully Paid,Northeast
15000.0,36,7.17,446.54,D,D5,1,MORTGAGE,53700.0,debt_consolidation,6.1,2,22,0,22902.39,60.85,25,Charged Off,South
35900.0,60,12.31,671.99,A,A5,1,MORTGAGE,96600.0,debt_consolidation,16.78,0,10,0,17136.47,47.64,10,Fully Paid,Midwest
3700.0,36,6.14,109.09,E,E2,7,MORTGAGE,66100.0,debt_consolidation,24.56,1,23,0,31488.2,87.58,32,Fully Paid,West
39200.0,60,24.53,813.6,A,A5,10,MORTGAGE,37300.0,home_improvement,0.33,0,20,0,30943.11,50.86,31,Fully Paid,South
25000.0,36,5.98,735.97,B,B5,7,MORTGAGE,47100.0,home_improvement,28.77,0,3,0,4530.82,30.35,11,Fully Paid,West
8200.0,60,12.71,154.04,D,D4,0,MORTGAGE,26900.0,other,22.35,0,4,0,11824.53,71.35,6,Fully Paid,West
27500.0,60,19.33,546.93,B,B5,4,MORTGAGE,51300.0,debt_consolidation,19.39,0,17,0,24720.23,96.24,24,Fully Paid,West
30800.0,60,15.24,591.57,A,A5,10,MORTGAGE,94500.0,other,16.94,0,17,0,18316.55,73.69,20,Fully Paid,South
17700.0,36,12.06,550.96,B,B1,1,MORTGAGE,76300.0,credit_card,20.78,1,2,0,15997.85,90.88,7,Fully Paid,Midwest
34600.0,36,11.88,1075.29,B,B2,0,MORTGAGE,109200.0,credit_card,6.47,0,20,1,22285.69,11.27,29,Fully Paid,West
6900.0,36,24.94,239.47,E,E1,2,OWN,46600.0,home_improvement,4.35,0,19,0,14515.7,12.1,29,Fully Paid,Northeast
11900.0,36,29.35,427.57,B,B5,2,RENT,106200.0,home_improvement,11.59,0,11,0,17373.59,15.46,14,Fully Paid,South
4600.0,36,13.7,145.28,E,E2,9,MORTGAGE,49200.0,debt_consolidation,28.38,0,24,0,38681.49,70.29,27,Fully Paid,West
9200.0,60,5.98,162.5,E,E4,8,MORTGAGE,113100.0,major_purchase,23.53,0,18,1,25511.55,38.97,28,Fully Paid,West
10300.0,36,5.91,303.02,C,C1,9,MORTGAGE,53600.0,home_improvement,19.2,0,2,0,43642.79,47.77,15,Fully Paid,South
36800.0,60,23.98,760.41,F,F4,0,RENT,77200.0,other,22.86,0,6,0,47428.01,26.19,20,Fully Paid,Midwest
4000.0,36,18.81,132.01,B,B5,10,RENT,113300.0,other,22.37,0,5,0,46103.87,73.61,19,Fully Paid,Northeast
17700.0,60,24.59,367.54,G,G5,1,OWN,49200.0,home_improvement,12.28,1,20,0,12685.55,84.53,25,Charged Off,West
21800.0,36,22.44,741.44,A,A2,8,MORTGAGE,60400.0,home_improvement,3.9,0,22,0,23644.3,16.02,29,Fully Paid,Northeast
36000.0,36,27.69,1276.9,D,D4,4,MORTGAGE,103200.0,other,35.87,1,8,0,26752.61,19.27,16,Fully Paid,South
39900.0,60,27.15,845.55,C,C5,8,RENT,50700.0,other,24.0,0,9,0,42609.54,33.94,10,Fully Paid,Midwest
30400.0,36,24.71,1053.11,B,B4,5,MORTGAGE,28000.0,major_purchase,27.91,0,20,0,27951.03,28.02,25,Fully Paid,South
38900.0,60,16.88,757.77,D,D4,9,RENT,158200.0,major_purchase,18.56,0,9,0,12635.77,53.15,9,Charged Off,Midwest
31700.0,36,12.7,992.39,D,D2,9,OWN,42800.0,debt_consolidation,30.26,0,10,0,27376.96,75.26,16,Fully Paid,West
38600.0,36,17.68,1261.79,A,A2,2,OWN,58700.0,small_business,23.38,0,20,0,2214.22,79.33,29,Fully Paid,West
28600.0,60,17.55,560.32,A,A5,7,MORTGAGE,96600.0,debt_consolidation,2.15,0,19,0,41706.87,20.84,33,Fully Paid,West
4100.0,36,20.26,136.96,D,D5,8,MORTGAGE,40000.0,credit_card,35.6,0,15,0,28299.97,17.56,17,Fully Paid,Midwest
16700.0,60,9.65,305.19,D,D4,1,RENT,32700.0,debt_consolidation,12.22,2,19,0,32585.86,36.37,27,Fully Paid,South
26200.0,36,21.39,883.45,G,G1,8,OWN,61500.0,debt_consolidation,5.52,0,6,0,10046.96,14.77,11,Fully Paid,West
14700.0,60,16.42,285.23,D,D5,3,MORTGAGE,22100.0,debt_consolidation,3.52,0,2,0,27906.72,9.18,14,Fully Paid,Midwest
11700.0,36,20.51,391.66,F,F4,7,RENT,46900.0,small_business,28.82,0,7,0,26531.84,24.26,19,Fully Paid,West
23500.0,36,10.99,724.52,D,D4,4,MORTGAGE,61200.0,major_purchase,28.16,0,8,0,30981.55,39.39,19,Fully Paid,South
37400.0,36,15.86,1203.66,B,B3,5,MORTGAGE,47300.0,credit_card,28.01,0,6,0,42371.0,58.78,14,Fully Paid,Northeast
2400.0,36,10.26,73.51,A,A3,3,RENT,25000.0,home_improvement,36.63,0,9,0,38226.92,72.33,14,Fully Paid,Northeast
31000.0,36,26.88,1092.58,E,E1,4,OWN,120200.0,other,13.96,1,7,0,27343.72,22.28,10,Fully Paid,South
29200.0,36,17.2,950.62,D,D2,0,RENT,57100.0,debt_consolidation,22.45,0,2,0,44670.15,81.87,7,Charged Off,West
38600.0,36,10.62,1186.09,A,A1,2,OWN,110800.0,credit_card,24.78,0,13,0,17920.92,3.37,13,Fully Paid,West
37300.0,36,6.03,1098.59,B,B1,3,MORTGAGE,47600.0,credit_card,39.18,0,6,0,24627.54,44.4,15,Fully Paid,Northeast
30700.0,36,21.89,1039.45,F,F5,0,RENT,34900.0,other,12.49,0,6,0,32471.7,63.31,13,Fully Paid,Northeast
21300.0,36,10.37,653.02,C,C4,2,MORTGAGE,62000.0,debt_consolidation,38.25,0,16,0,22038.33,29.13,25,Fully Paid,Northeast
9000.0,36,29.74,324.35,C,C1,3,MORTGAGE,48600.0,other,5.95,0,18,0,18070.91,68.37,25,Fully Paid,Northeast
22300.0,36,18.34,733.05,C,C2,8,MORTGAGE,30100.0,debt_consolidation,30.56,0,6,0,5619.71,86.71,8,Fully Paid,Midwest
30800.0,36,12.22,960.1,B,B4,2,RENT,113000.0,debt_consolidation,25.32,0,20,0,31794.97,8.94,34,Fully Paid,South
35900.0,60,21.44,726.62,B,B5,10,MORTGAGE,39700.0,debt_consolidation,32.68,1,11,0,9630.32,51.26,15,Fully Paid,West
31800.0,36,11.88,988.27,B,B3,2,MORTGAGE,21600.0,debt_consolidation,1.15,0,4,0,6912.75,1.88,8,Fully Paid,West
8600.0,60,25.51,179.9,A,A1,3,RENT,105200.0,credit_card,3.13,0,12,0,9107.64,27.96,14,Fully Paid,South
24400.0,36,12.71,763.92,D,D4,8,RENT,42100.0,credit_card,2.79,1,9,0,34424.02,13.69,19,Fully Paid,West
14000.0,60,29.71,302.66,C,C3,8,MORTGAGE,40000.0,debt_consolidation,23.72,2,14,0,6917.96,62.43,24,Fully Paid,West
1400.0,36,20.13,46.72,E,E5,0,OWN,22400.0,credit_card,24.12,1,7,0,48811.8,24.87,12,Fully Paid,Northeast
8800.0,36,26.11,308.27,E,E2,7,OWN,129400.0,small_business,36.24,0,4,0,37927.07,28.24,14,Charged Off,West
5400.0,60,6.82,96.14,B,B5,9,MORTGAGE,28400.0,small_business,18.7,0,20,1,19636.74,20.56,28,Fully Paid,South
33900.0,60,13.71,642.46,D,D2,0,RENT,55800.0,home_improvement,2.72,0,8,0,29664.14,24.38,18,Fully Paid,South
11100.0,36,23.44,380.61,C,C2,1,OWN,85500.0,other,8.38,0,3,0,381.33,22.51,14,Fully Paid,South
12100.0,36,21.38,407.97,E,E2,9,MORTGAGE,66900.0,credit_card,0.32,0,23,0,42226.6,69.79,37,Charged Off,West
38400.0,36,9.86,1171.84,B,B5,10,MORTGAGE,52600.0,debt_consolidation,31.07,0,20,0,13560.58,95.58,22,Fully Paid,Midwest
15800.0,36,13.91,499.94,D,D1,4,RENT,23100.0,debt_consolidation,32.62,0,14,0,3594.19,49.02,22,Fully Paid,Northeast
1400.0,60,11.59,26.04,C,C3,10,MORTGAGE,36100.0,debt_consolidation,39.92,1,12,0,37905.95,60.04,24,Fully Paid,South
12100.0,36,20.33,404.44,B,B4,10,MORTGAGE,59500.0,credit_card,16.49,1,10,0,16479.08,81.81,17,Fully Paid,Midwest
5700.0,36,13.61,179.88,A,A1,5,MORTGAGE,36500.0,other,0.77,0,20,0,28377.06,47.61,24,Fully Paid,West
5000.0,36,12.73,156.57,D,D1,1,MORTGAGE,60000.0,small_business,9.39,1,20,0,42201.58,30.2,32,Fully Paid,Northeast
4000.0,36,10.18,122.42,D,D4,9,RENT,76200.0,debt_consolidation,23.51,0,22,0,38796.57,95.1,36,Fully Paid,Midwest
24100.0,36,15.23,771.4,B,B4,4,MORTGAGE,87700.0,credit_card,38.48,0,15,0,16841.84,90.62,23,Fully Paid,West
8400.0,60,9.89,153.85,D,D3,2,OWN,29300.0,home_improvement,4.14,0,13,0,43434.83,22.04,19,Charged Off,West
15100.0,36,29.06,541.34,B,B1,6,MORTGAGE,162500.0,other,4.86,0,2,0,19442.5,70.31,4,Fully Paid,Midwest
34600.0,60,8.86,627.76,D,D3,0,RENT,79500.0,debt_consolidation,28.07,1,2,0,25001.19,64.71,11,Fully Paid,Midwest
17500.0,36,27.83,621.4,B,B1,4,RENT,54100.0,credit_card,26.69,0,18,1,30622.93,64.96,30,Charged Off,South
36700.0,36,15.71,1179.6,E,E4,2,RENT,93400.0,other,10.02,0,5,0,3549.04,83.06,17,Fully Paid,Northeast
20400.0,36,14.45,648.55,B,B2,10,MORTGAGE,176800.0,other,32.53,0,14,0,29858.19,67.41,15,Fully Paid,Northeast
16600.0,36,10.78,510.82,B,B3,1,RENT,26400.0,debt_consolidation,5.15,0,24,0,28870.86,51.8,34,Fully Paid,South
30300.0,60,20.89,610.49,A,A3,2,MORTGAGE,48400.0,debt_consolidation,37.03,0,12,0,43674.72,84.61,16,Fully Paid,Northeast
3900.0,36,22.14,132.32,A,A2,9,MORTGAGE,16500.0,credit_card,8.04,0,19,0,17683.19,26.48,21,Fully Paid,Northeast
4500.0,36,16.69,145.86,C,C1,3,RENT,59700.0,small_business,3.25,0,13,0,12109.43,67.92,24,Fully Paid,West
26400.0,36,6.39,780.19,B,B2,10,RENT,65000.0,debt_consolidation,13.58,0,20,0,23825.73,70.15,29,Fully Paid,Midwest
20000.0,36,27.96,710.89,E,E2,1,MORTGAGE,53100.0,other,7.51,2,21,0,34366.58,87.03,29,Charged Off,South
31800.0,60,29.51,686.4,A,A5,1,RENT,39100.0,debt_consolidation,21.08,0,2,0,28094.71,99.83,16,Fully Paid,Midwest
36700.0,36,15.78,1180.31,B,B1,2,OWN,19400.0,credit_card,27.47,0,19,0,6910.33,55.76,29,Fully Paid,Northeast
16100.0,60,20.34,322.91,B,B2,1,RENT,65300.0,home_improvement,19.64,1,3,0,17394.58,48.44,12,Fully Paid,Northeast
24300.0,36,16.26,784.76,A,A2,5,OWN,112200.0,debt_consolidation,26.42,1,12,0,3189.29,60.07,18,Fully Paid,South
20500.0,36,13.05,643.76,A,A5,1,RENT,40300.0,debt_consolidation,14.6,1,16,0,36966.32,65.87,25,Fully Paid,Midwest
39300.0,36,6.93,1167.32,C,C5,0,MORTGAGE,67500.0,credit_card,1.12,0,16,0,44147.42,71.3,25,Fully Paid,West
33400.0,60,16.4,647.96,C,C5,7,OWN,24700.0,small_business,38.96,0,7,0,2283.65,28.12,14,Charged Off,Midwest
36600.0,60,25.46,765.31,C,C4,9,MORTGAGE,68100.0,debt_consolidation,32.78,1,5,0,26271.37,48.7,10,Fully Paid,Midwest
10900.0,36,5.43,319.22,C,C3,3,RENT,44500.0,credit_card,2.94,0,13,0,28299.0,37.09,21,Fully Paid,South
31100.0,36,19.55,1032.78,C,C5,1,OWN,37000.0,home_improvement,17.97,1,24,0,21941.39,3.88,29,Fully Paid,West
11400.0,36,27.02,402.23,A,A1,3,RENT,37000.0,credit_card,25.4,0,12,0,25136.69,60.95,24,Fully Paid,Midwest
9100.0,36,10.44,279.17,C,C4,10,MORTGAGE,44500.0,other,7.62,0,9,0,35517.84,87.48,23,Fully Paid,Midwest
37800.0,36,9.58,1150.59,G,G3,1,OWN,65600.0,credit_card,23.12,0,3,0,24186.28,92.15,14,Charged Off,Northeast
1800.0,36,24.31,62.16,C,C4,10,RENT,28100.0,credit_card,21.35,0,17,0,45982.61,51.74,29,Fully Paid,Northeast
38700.0,36,11.38,1197.33,D,D5,4,RENT,44400.0,credit_card,8.33,1,3,0,27043.69,76.59,5,Fully Paid,West
6800.0,36,9.8,207.4,B,B2,6,RENT,53100.0,home_improvement,5.65,0,22,0,3589.83,71.24,23,Fully Paid,Midwest
33000.0,36,14.45,1049.12,D,D2,5,RENT,31300.0,debt_consolidation,30.36,0,5,1,47666.23,22.89,17,Fully Paid,Midwest
11800.0,60,14.81,225.79,D,D4,1,OWN,133000.0,small_business,12.9,0,3,0,7340.54,6.29,3,Fully Paid,Northeast
14700.0,36,26.85,517.97,C,C3,10,RENT,35400.0,debt_consolidation,9.76,0,10,0,39223.0,74.79,18,Fully Paid,West
9500.0,60,20.46,190.73,G,G3,3,MORTGAGE,38800.0,credit_card,29.52,0,14,0,26345.28,28.27,27,Fully Paid,South
23800.0,36,15.15,761.27,A,A1,7,RENT,33200.0,credit_card,29.44,0,21,0,37044.62,54.94,26,Fully Paid,Northeast
14600.0,36,18.36,480.02,A,A5,6,MORTGAGE,133200.0,debt_consolidation,11.06,0,3,0,25671.49,52.41,6,Fully Paid,Midwest
26600.0,36,28.85,952.06,D,D2,6,RENT,71400.0,debt_consolidation,34.9,0,20,0,2948.51,81.79,24,Fully Paid,South
1600.0,36,7.83,47.92,E,E3,3,RENT,33900.0,debt_consolidation,27.53,0,9,0,18746.3,64.46,22,Fully Paid,Midwest
3500.0,36,10.19,107.13,A,A1,0,MORTGAGE,94200.0,debt_consolidation,13.83,0,12,0,31034.3,84.71,19,Fully Paid,Midwest
4900.0,36,29.06,175.66,B,B4,6,MORTGAGE,59900.0,small_business,17.1,0,9,0,31444.11,75.22,22,Fully Paid,Midwest
17300.0,60,28.93,371.75,A,A1,5,MORTGAGE,61600.0,small_business,29.07,1,17,0,48652.22,99.98,17,Fully Paid,West
32800.0,36,9.43,997.03,B,B2,7,MORTGAGE,45600.0,debt_consolidation,8.46,0,24,0,30316.23,86.39,37,Fully Paid,South
35600.0,60,8.63,644.54,D,D5,10,MORTGAGE,37200.0,debt_consolidation,18.75,0,21,0,14321.96,21.11,28,Fully Paid,Midwest
10500.0,36,15.53,336.96,C,C1,4,MORTGAGE,64100.0,small_business,26.14,0,18,0,2171.27,96.14,24,Fully Paid,West
23400.0,36,6.24,690.56,B,B4,7,RENT,41300.0,debt_consolidation,21.58,0,16,0,39420.76,34.01,24,Fully Paid,South
31000.0,36,21.37,1045.13,B,B1,9,RENT,134400.0,other,24.33,0,8,0,44464.52,60.78,21,Fully Paid,Northeast
12300.0,60,6.94,219.23,A,A4,10,MORTGAGE,28700.0,debt_consolidation,21.85,0,2,1,30681.9,94.14,5,Fully Paid,West
17000.0,36,6.45,502.68,B,B1,7,MORTGAGE,116800.0,home_improvement,7.97,0,15,1,24118.85,21.42,25,Fully Paid,South
21400.0,60,17.13,417.76,D,D2,8,MORTGAGE,51200.0,debt_consolidation,16.41,2,17,0,43049.33,85.73,21,Fully Paid,Midwest
6300.0,36,28.94,225.64,G,G3,0,RENT,62900.0,debt_consolidation,21.28,0,22,0,12017.8,95.32,29,Fully Paid,Midwest
2000.0,60,15.67,38.56,E,E5,2,MORTGAGE,82200.0,debt_consolidation,31.2,0,4,0,19936.6,85.38,6,Fully Paid,West
7000.0,36,13.91,221.49,A,A4,10,MORTGAGE,39500.0,home_improvement,26.16,0,19,0,25382.83,81.92,28,Fully Paid,Northeast
25400.0,36,29.95,916.87,E,E2,5,MORTGAGE,83500.0,debt_consolidation,17.06,0,20,0,2468.63,26.46,34,Fully Paid,West
3900.0,36,18.3,128.16,E,E4,3,RENT,14000.0,credit_card,38.98,0,7,0,34428.95,40.71,17,Fully Paid,Northeast
8400.0,36,14.38,266.89,E,E3,7,MORTGAGE,37800.0,debt_consolidation,4.31,0,24,0,9427.99,76.03,24,Fully Paid,Northeast
14200.0,36,14.65,452.23,C,C4,9,MORTGAGE,34100.0,debt_consolidation,8.27,1,10,0,16657.66,11.82,10,Fully Paid,West
4000.0,36,9.87,122.08,B,B3,0,MORTGAGE,28900.0,credit_card,13.65,0,14,0,20724.64,88.84,28,Fully Paid,West
8500.0,36,17.81,278.16,B,B3,4,MORTGAGE,48700.0,debt_consolidation,9.14,0,13,1,31925.52,21.03,23,Fully Paid,West
36500.0,36,15.97,1175.81,A,A4,3,MORTGAGE,65700.0,debt_consolidation,25.02,1,16,0,3274.2,56.48,26,Fully Paid,South
1800.0,36,11.77,55.88,B,B2,0,RENT,77000.0,credit_card,1.58,0,8,1,17043.09,10.51,17,Fully Paid,South
26500.0,36,9.01,802.43,B,B1,9,MORTGAGE,61100.0,home_improvement,7.1,1,13,0,13718.09,18.52,18,Fully Paid,West
16000.0,36,12.78,501.24,C,C2,5,MORTGAGE,38800.0,other,11.73,0,18,0,75.97,58.55,19,Fully Paid,South
27200.0,60,17.72,533.66,D,D2,9,RENT,65200.0,major_purchase,27.33,0,14,0,34582.67,63.46,26,Fully Paid,South
24000.0,60,6.46,425.84,C,C2,2,RENT,57600.0,debt_consolidation,35.03,2,24,0,11796.75,26.98,32,Fully Paid,Northeast
9700.0,36,8.84,293.26,A,A4,10,OWN,86500.0,debt_consolidation,31.94,0,18,0,8321.92,11.91,22,Fully Paid,Midwest
34000.0,60,28.69,729.24,F,F1,10,MORTGAGE,79900.0,debt_consolidation,7.28,0,9,0,39898.26,54.96,21,Fully Paid,Midwest
20200.0,36,18.57,665.31,F,F1,4,MORTGAGE,55000.0,debt_consolidation,22.62,0,19,0,1959.92,84.06,29,Fully Paid,South
33100.0,36,6.59,980.04,E,E3,5,RENT,34600.0,debt_consolidation,1.2,0,3,0,45012.0,20.14,11,Charged Off,Northeast
16800.0,36,22.33,570.87,G,G1,3,MORTGAGE,39100.0,debt_consolidation,12.42,1,18,0,34345.08,69.16,25,Fully Paid,West
39400.0,60,6.55,699.68,C,C2,9,MORTGAGE,41200.0,debt_consolidation,32.24,1,13,0,8587.32,38.59,20,Charged Off,Northeast
31000.0,36,23.47,1063.21,G,G4,9,MORTGAGE,46300.0,debt_consolidation,18.27,1,14,0,17505.15,94.31,18,Fully Paid,Northeast
38700.0,60,23.75,798.19,A,A1,5,MORTGAGE,61900.0,debt_consolidation,6.0,0,16,0,47499.16,8.26,26,Fully Paid,Midwest
21100.0,60,21.28,426.5,B,B3,6,MORTGAGE,77500.0,debt_consolidation,17.54,0,12,0,30942.23,4.0,23,Fully Paid,West
19500.0,36,23.31,667.93,B,B1,1,RENT,52800.0,debt_consolidation,7.92,1,10,0,30435.88,12.43,24,Fully Paid,Midwest
30500.0,36,7.2,908.22,B,B4,6,MORTGAGE,54600.0,home_improvement,15.73,1,9,0,32653.55,78.24,10,Fully Paid,South
35300.0,36,23.17,1207.75,A,A2,6,MORTGAGE,58200.0,debt_consolidation,19.51,0,21,0,23136.89,92.28,31,Fully Paid,Midwest
38600.0,36,8.42,1162.5,D,D1,1,RENT,41900.0,debt_consolidation,13.98,0,16,0,8365.17,82.25,26,Fully Paid,Northeast
13700.0,36,13.49,431.89,E,E4,2,MORTGAGE,34100.0,debt_consolidation,37.48,0,18,0,7544.56,71.78,30,Charged Off,West
32100.0,36,28.57,1146.42,C,C3,2,RENT,22500.0,credit_card,22.5,0,15,0,34365.53,5.76,25,Fully Paid,West
9200.0,36,17.57,300.46,A,A2,0,OWN,38300.0,small_business,33.72,0,6,0,44197.07,21.38,11,Fully Paid,West
22300.0,36,29.19,800.26,E,E3,0,MORTGAGE,68600.0,debt_consolidation,30.43,0,17,1,15010.54,93.54,27,Fully Paid,Midwest
8000.0,36,7.22,238.27,D,D5,9,MORTGAGE,38100.0,credit_card,26.45,0,9,0,25170.18,62.28,22,Fully Paid,Midwest
14500.0,36,16.94,471.01,B,B3,10,MORTGAGE,48100.0,home_improvement,19.88,1,18,0,49611.89,46.83,22,Fully Paid,Midwest
37300.0,36,6.56,1104.08,D,D3,5,OWN,68400.0,credit_card,0.09,0,23,0,12858.06,65.23,25,Fully Paid,South
6700.0,36,20.76,224.75,B,B1,8,MORTGAGE,70300.0,small_business,24.54,0,12,0,19510.7,17.86,25,Fully Paid,Midwest
25700.0,36,6.97,763.65,B,B1,8,MORTGAGE,31600.0,small_business,14.24,0,23,0,18176.08,89.29,32,Fully Paid,South
24100.0,60,9.38,439.34,F,F3,10,OWN,89200.0,debt_consolidation,4.71,1,19,0,1629.29,65.63,27,Fully Paid,Midwest
5700.0,36,11.47,176.49,B,B4,0,MORTGAGE,95200.0,debt_consolidation,17.79,0,3,0,25475.85,47.12,9,Fully Paid,South
13700.0,36,23.72,470.82,C,C5,6,MORTGAGE,30800.0,home_improvement,29.42,2,2,0,10433.89,45.74,14,Fully Paid,Northeast
23000.0,60,9.1,418.22,E,E1,5,RENT,35900.0,other,38.47,0,23,0,6429.88,82.24,34,Fully Paid,Northeast
8300.0,36,26.17,290.89,D,D2,3,OWN,98300.0,major_purchase,14.96,1,10,0,35520.8,30.79,21,Fully Paid,West
32200.0,60,8.3,581.21,A,A4,10,RENT,50300.0,debt_consolidation,21.71,0,9,0,38288.02,13.71,22,Fully Paid,Northeast
38900.0,36,5.88,1144.09,A,A1,2,MORTGAGE,17900.0,debt_consolidation,34.05,0,22,0,44444.58,18.57,30,Fully Paid,West
9400.0,60,14.88,179.98,A,A2,8,RENT,26900.0,major_purchase,13.36,0,3,0,46706.62,8.11,12,Fully Paid,South
8300.0,60,29.49,179.13,D,D2,9,OWN,47800.0,credit_card,5.69,1,13,0,43453.3,50.79,23,Charged Off,West
18700.0,36,7.76,559.75,C,C3,4,RENT,30300.0,credit_card,11.28,1,7,0,6124.73,67.73,20,Charged Off,Northeast
30200.0,36,7.54,902.14,A,A5,7,RENT,44100.0,credit_card,35.96,1,3,0,11181.44,93.4,6,Fully Paid,South
12000.0,60,23.78,247.56,F,F1,3,OWN,55100.0,debt_consolidation,6.38,0,13,0,6123.76,75.08,15,Fully Paid,West
1800.0,60,12.8,33.84,C,C3,3,OWN,112500.0,small_business,13.17,0,19,0,17676.23,58.31,20,Fully Paid,South
22100.0,60,22.93,452.79,B,B3,5,OWN,46900.0,small_business,18.59,0,6,0,6203.59,86.4,10,Fully Paid,South
38300.0,36,10.0,1170.28,C,C5,5,RENT,92600.0,credit_card,33.88,0,14,0,32663.86,89.22,14,Fully Paid,Northeast
16300.0,60,16.5,316.49,D,D4,2,MORTGAGE,110700.0,credit_card,37.51,1,24,0,35835.77,71.24,29,Fully Paid,South
17400.0,36,11.63,539.54,A,A3,1,RENT,111000.0,home_improvement,17.03,1,24,0,7979.68,5.63,25,Fully Paid,Midwest
38800.0,36,16.29,1253.35,B,B4,10,MORTGAGE,62500.0,debt_consolidation,37.28,0,5,0,31078.8,29.18,16,Fully Paid,Northeast
28100.0,36,24.23,969.68,E,E5,8,MORTGAGE,20300.0,debt_consolidation,6.46,0,9,0,1149.47,33.62,20,Fully Paid,West
29000.0,36,24.05,999.29,C,C3,1,RENT,68200.0,debt_consolidation,6.27,1,24,0,21718.51,99.74,32,Fully Paid,Midwest
22900.0,36,17.89,749.91,C,C1,8,OWN,91500.0,other,37.97,0,11,0,14266.95,46.42,15,Fully Paid,Northeast
39000.0,36,28.21,1388.94,C,C4,10,MORTGAGE,52000.0,debt_consolidation,20.39,0,22,0,49924.74,76.19,23,Charged Off,South
27900.0,36,11.59,864.82,A,A5,7,MORTGAGE,129600.0,debt_consolidation,7.44,0,15,0,46139.23,81.38,18,Fully Paid,West
35900.0,36,11.01,1107.02,A,A2,10,RENT,83300.0,credit_card,19.52,0,21,0,7378.27,65.33,26,Fully Paid,South
28300.0,60,20.35,567.65,C,C3,9,OWN,72000.0,debt_consolidation,31.33,0,3,0,45868.54,1.83,6,Fully Paid,South
29700.0,36,20.53,994.37,B,B3,6,OWN,93300.0,debt_consolidation,33.08,0,3,0,20939.49,1.93,7,Fully Paid,West
12300.0,36,6.16,362.71,A,A3,4,MORTGAGE,64000.0,credit_card,34.56,0,5,0,28832.41,81.88,19,Fully Paid,West
12800.0,36,20.19,427.34,E,E1,2,MORTGAGE,15600.0,credit_card,22.78,0,12,0,26688.22,73.92,15,Fully Paid,Northeast
31500.0,36,14.36,1000.65,G,G1,1,RENT,42200.0,credit_card,34.68,1,23,0,36307.83,53.61,37,Fully Paid,Northeast
12600.0,36,23.69,432.92,E,E2,10,RENT,98600.0,home_improvement,20.4,0,10,0,16747.84,24.89,13,Charged Off,South
22900.0,36,25.2,796.41,E,E3,7,RENT,36200.0,home_improvement,24.28,1,19,1,3484.13,8.67,21,Fully Paid,Northeast
10700.0,36,18.8,353.1,B,B5,1,MORTGAGE,48400.0,debt_consolidation,30.35,0,24,0,20881.35,16.43,38,Fully Paid,Midwest
32900.0,60,5.04,575.97,G,G1,7,MORTGAGE,32100.0,credit_card,17.02,0,18,0,27225.28,58.03,26,Fully Paid,West
5300.0,36,20.91,178.01,B,B1,4,MORTGAGE,132200.0,debt_consolidation,2.94,1,3,0,27745.7,54.58,16,Fully Paid,South
33300.0,36,23.72,1144.41,F,F2,8,OWN,125600.0,debt_consolidation,14.01,0,8,0,39629.88,94.13,10,Fully Paid,Midwest
24500.0,36,11.22,756.91,G,G5,3,MORTGAGE,34800.0,debt_consolidation,24.96,1,13,0,2211.29,95.73,16,Fully Paid,Midwest
8300.0,36,16.62,268.87,D,D4,7,RENT,58300.0,debt_consolidation,7.69,1,17,0,49404.72,57.6,24,Fully Paid,West
22100.0,36,29.14,792.78,G,G1,10,MORTGAGE,38600.0,debt_consolidation,5.94,0,11,0,49528.25,84.14,15,Fully Paid,Northeast
12000.0,36,12.45,374.83,C,C5,6,OWN,73700.0,debt_consolidation,11.72,1,12,1,4950.84,81.22,18,Fully Paid,Midwest
13600.0,36,10.58,417.75,B,B4,7,MORTGAGE,69900.0,credit_card,1.28,0,10,0,17200.87,75.24,15,Fully Paid,South
14700.0,36,10.27,450.27,C,C1,4,RENT,81300.0,credit_card,29.74,0,5,0,29515.53,43.73,5,Fully Paid,Midwest
3500.0,36,18.97,115.67,C,C1,1,MORTGAGE,64000.0,debt_consolidation,10.35,0,17,0,18666.29,38.94,18,Fully Paid,West
39500.0,36,28.74,1412.56,A,A5,6,OWN,235100.0,other,4.97,0,20,0,24381.23,26.41,29,Fully Paid,Northeast
2200.0,60,20.22,44.08,D,D1,2,RENT,32400.0,credit_card,27.97,0,21,1,16296.42,93.71,25,Charged Off,Northeast
26800.0,36,12.58,838.1,G,G4,9,OWN,23000.0,small_business,33.72,0,6,0,35606.67,83.44,15,Charged Off,South
15500.0,36,20.96,520.8,B,B1,9,MORTGAGE,44500.0,credit_card,0.8,0,13,0,18200.86,17.71,26,Fully Paid,South
26200.0,36,20.62,877.85,E,E3,9,RENT,24700.0,debt_consolidation,9.34,0,11,0,21494.32,25.25,13,Charged Off,South
14900.0,60,19.92,297.8,F,F4,10,RENT,25700.0,other,37.81,0,15,0,28795.39,58.13,26,Fully Paid,South
27300.0,60,8.99,495.9,F,F5,9,OWN,32800.0,small_business,15.41,0,21,0,48460.06,41.36,28,Fully Paid,South
29400.0,36,20.86,987.02,G,G5,1,RENT,34200.0,credit_card,37.54,0,21,0,32090.22,21.39,28,Charged Off,Midwest
27900.0,60,15.75,538.24,C,C1,2,OWN,33600.0,debt_consolidation,10.97,1,13,0,4846.06,79.12,14,Fully Paid,Midwest
5400.0,36,5.46,158.19,G,G4,3,OWN,70200.0,debt_consolidation,8.72,0,24,0,15945.03,0.16,37,Fully Paid,West
26600.0,60,18.49,525.31,D,D5,9,RENT,42100.0,major_purchase,8.56,0,5,0,20985.73,34.33,10,Fully Paid,Northeast
11900.0,36,29.73,428.83,A,A3,10,RENT,49500.0,debt_consolidation,3.41,1,21,0,37008.69,92.93,27,Fully Paid,Midwest
2100.0,36,13.74,66.35,C,C2,6,MORTGAGE,84700.0,credit_card,35.86,0,10,0,22343.78,76.08,23,Fully Paid,South
17200.0,36,29.14,617.0,D,D3,9,RENT,36900.0,credit_card,39.19,1,15,0,32955.21,40.13,28,Fully Paid,West
17900.0,36,7.41,534.07,B,B3,0,MORTGAGE,47500.0,debt_consolidation,38.18,1,6,0,41974.74,92.87,12,Fully Paid,South
19200.0,36,23.31,657.65,D,D4,5,OWN,65000.0,home_improvement,34.08,0,10,0,5216.88,90.08,12,Fully Paid,Northeast
28500.0,36,7.86,853.89,D,D1,5,MORTGAGE,20500.0,home_improvement,33.88,0,3,0,38286.98,5.26,11,Fully Paid,South
13000.0,36,11.84,403.87,A,A5,7,RENT,16400.0,debt_consolidation,26.44,0,13,0,37278.99,12.79,25,Fully Paid,West
13300.0,36,19.27,440.64,C,C1,1,MORTGAGE,64400.0,credit_card,33.05,0,13,0,40985.62,38.72,26,Fully Paid,West
3400.0,36,19.82,113.16,D,D4,1,OWN,69300.0,small_business,8.33,0,14,0,47803.32,92.94,20,Charged Off,West
27800.0,60,24.38,576.29,C,C4,0,RENT,152100.0,credit_card,15.52,0,22,1,15479.9,84.42,22,Fully Paid,Northeast
23100.0,60,20.38,463.46,A,A5,2,RENT,58600.0,credit_card,25.63,2,12,0,21451.02,4.78,20,Fully Paid,Midwest
14600.0,60,19.84,291.61,A,A3,6,OWN,81600.0,debt_consolidation,34.99,0,24,0,13134.1,51.23,34,Fully Paid,Midwest
28500.0,60,27.81,607.1,B,B4,7,RENT,49100.0,debt_consolidation,26.42,0,9,0,16355.28,72.03,14,Charged Off,West
22000.0,36,16.3,710.72,F,F5,6,RENT,62900.0,other,33.56,0,22,0,16491.3,27.59,27,Fully Paid,Midwest
19300.0,36,10.63,593.1,B,B3,8,MORTGAGE,124700.0,credit_card,18.96,0,13,0,43488.75,72.25,19,Fully Paid,Northeast
20900.0,36,9.04,633.04,D,D2,7,RENT,18700.0,debt_consolidation,28.69,0,10,0,3144.92,36.97,11,Fully Paid,South
25800.0,36,15.0,824.17,B,B2,7,OWN,66600.0,home_improvement,39.2,0,13,1,10134.93,27.41,23,Fully Paid,Northeast
26700.0,36,22.82,910.92,B,B4,10,MORTGAGE,157600.0,credit_card,6.14,0,12,0,30527.91,39.26,13,Fully Paid,Midwest
12300.0,60,6.06,217.42,E,E5,1,MORTGAGE,62400.0,debt_consolidation,37.08,0,20,0,38259.74,95.08,23,Fully Paid,Northeast
6500.0,36,8.23,195.42,D,D2,0,RENT,123700.0,small_business,20.89,0,9,0,34868.85,90.53,21,Fully Paid,South
7100.0,60,7.65,127.39,A,A1,5,MORTGAGE,39600.0,debt_consolidation,25.73,1,8,0,2328.78,91.4,19,Fully Paid,Northeast
25900.0,36,19.63,860.67,C,C1,6,OWN,53300.0,credit_card,35.11,0,22,1,22689.72,91.74,36,Charged Off,Midwest
35000.0,60,11.07,647.91,A,A5,5,RENT,55100.0,credit_card,16.39,0,15,0,9223.68,17.83,28,Fully Paid,South
17000.0,36,9.16,515.48,C,C1,6,RENT,17900.0,debt_consolidation,16.75,0,23,0,49407.11,89.61,24,Fully Paid,Midwest
7600.0,36,19.82,252.95,D,D4,7,RENT,30200.0,major_purchase,21.09,0,3,0,49944.6,21.23,9,Fully Paid,South
30500.0,60,24.03,630.49,A,A2,1,RENT,31300.0,home_improvement,0.76,0,21,0,2544.93,83.81,30,Fully Paid,West
33500.0,36,13.3,1054.32,B,B2,0,RENT,81700.0,major_purchase,19.87,0,13,0,33386.21,54.19,21,Fully Paid,South
35300.0,36,19.46,1171.37,B,B5,9,RENT,83800.0,debt_consolidation,11.64,0,2,0,40653.25,24.0,3,Fully Paid,Midwest
24700.0,36,7.45,737.23,F,F3,7,MORTGAGE,63700.0,other,37.12,0,22,0,16238.99,39.85,22,Fully Paid,West
34600.0,36,28.38,1233.87,G,G2,7,MORTGAGE,81800.0,debt_consolidation,3.51,0,11,0,34681.82,43.34,24,Fully Paid,West
1600.0,36,13.42,50.41,A,A3,7,MORTGAGE,49900.0,credit_card,18.37,1,2,0,9383.43,73.32,2,Fully Paid,Midwest
5200.0,36,29.94,187.69,D,D3,9,MORTGAGE,98800.0,other,37.9,0,23,0,6397.96,60.6,35,Fully Paid,Midwest
4600.0,36,29.46,165.42,B,B5,6,MORTGAGE,54400.0,debt_consolidation,36.04,1,11,0,46265.09,81.68,12,Fully Paid,Northeast
28800.0,36,24.47,995.76,B,B3,1,MORTGAGE,55800.0,debt_consolidation,28.05,0,9,1,32126.79,39.68,22,Fully Paid,Midwest
3700.0,36,5.5,108.43,D,D3,3,MORTGAGE,47400.0,other,23.57,0,14,0,40847.36,74.36,25,Fully Paid,South
20400.0,60,18.59,403.21,F,F5,8,RENT,76300.0,other,11.23,0,15,0,26635.66,79.28,17,Fully Paid,West
19400.0,60,7.17,346.52,F,F5,7,RENT,43900.0,major_purchase,14.68,1,11,0,7736.27,6.31,11,Fully Paid,Northeast
13100.0,36,27.38,463.52,C,C5,3,OWN,88300.0,credit_card,3.61,0,2,0,18832.76,37.56,9,Fully Paid,Northeast
34900.0,36,24.74,1209.29,B,B5,7,RENT,30800.0,credit_card,31.44,0,7,0,44082.85,88.6,21,Fully Paid,Northeast
7600.0,36,29.31,272.99,E,E5,9,RENT,31300.0,debt_consolidation,12.95,0,13,0,780.33,70.5,18,Fully Paid,West
14700.0,60,20.21,294.51,B,B1,5,RENT,76400.0,debt_consolidation,26.71,0,21,0,10358.88,41.84,23,Fully Paid,Northeast
31200.0,60,18.05,613.86,C,C4,10,MORTGAGE,51800.0,debt_consolidation,14.3,1,16,0,12664.33,18.3,24,Charged Off,West
2200.0,60,17.97,43.26,B,B2,8,RENT,43200.0,debt_consolidation,18.57,0,14,0,13149.79,9.66,17,Fully Paid,West
27200.0,36,14.66,866.32,D,D5,0,OWN,84500.0,credit_card,22.2,0,16,0,4929.33,22.94,24,Fully Paid,Northeast
32800.0,36,16.72,1063.45,B,B3,5,RENT,40000.0,credit_card,32.07,0,17,0,42410.98,24.47,31,Fully Paid,West
37400.0,36,20.89,1255.91,B,B2,10,MORTGAGE,49000.0,home_improvement,8.45,0,13,0,7975.7,37.07,17,Fully Paid,Northeast
35200.0,36,28.32,1254.68,F,F5,3,OWN,109100.0,credit_card,15.95,2,21,1,41483.72,17.69,35,Fully Paid,Midwest
13500.0,36,19.9,449.62,A,A1,2,RENT,117000.0,small_business,5.2,0,12,0,17753.09,14.6,20,Fully Paid,South
23900.0,36,26.43,839.35,C,C3,4,MORTGAGE,118900.0,debt_consolidation,3.03,1,13,0,22865.9,84.4,27,Fully Paid,Midwest
4000.0,60,26.57,84.38,B,B1,9,MORTGAGE,47000.0,debt_consolidation,24.19,1,3,0,23142.54,24.95,10,Fully Paid,South
11100.0,36,17.97,363.74,A,A4,10,MORTGAGE,100200.0,credit_card,7.56,0,23,0,35657.44,56.16,24,Fully Paid,West
4700.0,60,13.69,89.06,A,A4,7,MORTGAGE,33700.0,debt_consolidation,2.39,0,4,0,36564.99,19.93,8,Fully Paid,West
13300.0,36,20.99,446.99,A,A5,10,OWN,34400.0,debt_consolidation,35.88,0,18,0,32034.4,49.18,18,Fully Paid,Northeast
35100.0,60,16.15,679.48,E,E4,9,MORTGAGE,16700.0,home_improvement,21.37,0,15,0,38688.42,27.67,15,Fully Paid,Midwest
14500.0,60,7.04,258.68,B,B5,5,RENT,125000.0,debt_consolidation,5.39,0,8,0,415.16,8.68,10,Fully Paid,Midwest
22900.0,60,14.45,436.82,F,F5,0,MORTGAGE,35200.0,other,2.14,0,21,0,25240.52,98.22,21,Fully Paid,West
17900.0,60,29.85,387.39,C,C4,5,RENT,50900.0,credit_card,4.79,0,15,0,26201.27,45.78,20,Charged Off,Midwest
18900.0,60,6.21,334.56,C,C4,6,RENT,34400.0,debt_consolidation,18.85,0,10,0,11966.99,39.3,15,Fully Paid,South
38800.0,36,22.42,1319.42,C,C1,5,OWN,76700.0,credit_card,26.74,0,11,0,27818.55,19.91,15,Fully Paid,West
12600.0,36,26.03,441.1,C,C1,2,RENT,44900.0,major_purchase,25.65,0,12,0,23357.87,49.54,25,Fully Paid,Northeast
25500.0,36,21.22,858.64,D,D1,10,OWN,28200.0,credit_card,5.78,1,12,0,23605.62,63.52,20,Fully Paid,Northeast
17400.0,60,19.24,345.8,B,B3,8,OWN,67600.0,small_business,25.34,0,20,0,5922.53,30.47,30,Charged Off,West
3400.0,60,22.69,69.52,B,B3,9,MORTGAGE,26500.0,home_improvement,16.19,0,14,0,21763.13,48.04,17,Fully Paid,West
20100.0,36,15.73,646.16,E,E2,9,RENT,35600.0,debt_consolidation,18.59,1,11,0,38321.54,23.71,13,Fully Paid,Northeast
32700.0,36,7.28,974.46,F,F5,3,RENT,18900.0,debt_consolidation,32.06,0,17,0,20499.5,52.77,19,Fully Paid,South
4900.0,36,29.06,175.66,E,E5,4,MORTGAGE,26600.0,credit_card,13.3,2,11,0,24374.92,78.72,11,Fully Paid,Midwest
3700.0,60,15.81,71.42,C,C3,4,MORTGAGE,59200.0,debt_consolidation,5.88,0,11,0,48376.02,6.02,14,Fully Paid,West
7000.0,36,21.63,236.5,E,E3,2,RENT,20300.0,credit_card,34.94,2,13,0,43589.21,51.78,19,Fully Paid,West
30800.0,36,18.28,1011.95,C,C5,1,OWN,25800.0,major_purchase,8.49,0,2,0,46435.01,39.94,9,Fully Paid,South
29200.0,36,6.37,862.78,C,C2,7,MORTGAGE,54100.0,credit_card,11.76,0,19,1,3883.83,7.4,32,Fully Paid,Northeast
23000.0,36,28.82,823.02,B,B4,6,RENT,41300.0,debt_consolidation,28.26,0,21,0,30929.03,94.05,33,Fully Paid,West
19300.0,36,24.81,669.12,C,C2,4,OWN,146700.0,credit_card,27.34,0,12,0,11170.59,25.98,17,Fully Paid,South
35600.0,36,8.73,1075.22,B,B3,0,RENT,135500.0,debt_consolidation,32.02,0,8,0,20212.18,56.46,14,Fully Paid,West
30900.0,60,29.54,667.13,B,B3,9,MORTGAGE,35100.0,home_improvement,7.35,1,15,1,33987.51,37.26,19,Charged Off,South
32700.0,36,23.42,1121.06,E,E4,0,RENT,71600.0,home_improvement,14.09,2,9,0,28945.74,27.11,22,Charged Off,South
32700.0,36,16.81,1061.02,B,B4,7,RENT,78800.0,credit_card,5.04,0,5,0,25286.62,52.72,12,Charged Off,Northeast
26100.0,60,20.28,523.22,A,A2,3,MORTGAGE,40200.0,debt_consolidation,21.64,0,4,0,40722.42,68.9,13,Fully Paid,Midwest
18900.0,60,7.67,339.16,A,A5,3,RENT,25600.0,major_purchase,11.7,0,11,0,34129.93,78.55,13,Fully Paid,Northeast
34700.0,60,19.01,688.27,F,F5,8,OWN,53800.0,credit_card,27.56,1,10,0,41052.26,63.39,17,Charged Off,South
37100.0,36,6.84,1101.05,C,C1,1,RENT,49700.0,debt_consolidation,0.01,0,16,0,46596.61,52.63,26,Fully Paid,Midwest
1900.0,60,18.62,37.56,C,C2,4,MORTGAGE,43600.0,other,2.39,0,9,1,35598.54,77.73,18,Fully Paid,Midwest
3000.0,36,18.82,99.02,E,E3,5,MORTGAGE,67600.0,major_purchase,17.3,0,14,0,19769.77,51.75,20,Charged Off,Northeast
38400.0,60,26.86,811.9,E,E1,5,MORTGAGE,37200.0,credit_card,38.33,1,23,0,10638.92,97.42,31,Charged Off,Northeast
11800.0,36,23.13,403.59,B,B2,9,RENT,30500.0,debt_consolidation,35.63,0,8,0,13545.77,52.67,20,Fully Paid,West
35100.0,36,11.24,1084.59,D,D5,2,RENT,57200.0,other,39.76,0,14,0,19831.5,31.72,19,Fully Paid,Midwest
16200.0,36,27.21,572.45,D,D4,9,OWN,65700.0,major_purchase,16.67,1,7,0,37004.56,44.64,19,Fully Paid,South
5600.0,36,19.33,185.62,D,D3,5,RENT,30100.0,credit_card,1.86,1,11,0,2007.73,49.0,20,Fully Paid,West
4100.0,60,20.16,82.11,A,A1,9,MORTGAGE,86200.0,home_improvement,12.24,0,20,0,40714.07,28.35,29,Charged Off,West
7100.0,36,9.22,215.41,E,E4,9,MORTGAGE,22400.0,debt_consolidation,27.03,0,12,0,37906.75,15.87,25,Fully Paid,West
10700.0,36,26.44,375.81,C,C3,4,MORTGAGE,40600.0,debt_consolidation,5.41,0,17,0,24970.83,43.14,18,Fully Paid,West
20100.0,36,28.27,716.17,B,B5,7,RENT,47600.0,debt_consolidation,12.0,0,23,0,19983.34,89.7,34,Fully Paid,Northeast
28400.0,36,24.37,981.14,C,C5,3,MORTGAGE,39400.0,debt_consolidation,2.25,0,21,0,5634.85,25.55,31,Fully Paid,Midwest
39500.0,60,28.52,846.09,A,A5,9,MORTGAGE,40800.0,home_improvement,19.0,0,22,0,14485.08,36.18,26,Fully Paid,West
18200.0,60,12.56,341.43,A,A2,9,OWN,138100.0,debt_consolidation,8.36,0,24,0,5481.4,75.77,32,Fully Paid,Midwest
21200.0,60,26.53,447.07,D,D3,2,MORTGAGE,35400.0,major_purchase,3.65,0,15,0,40944.23,8.23,21,Fully Paid,South
21400.0,36,17.22,696.81,A,A2,5,RENT,183600.0,credit_card,16.45,0,24,0,25466.89,82.51,35,Fully Paid,Midwest
22000.0,36,9.1,666.72,C,C5,9,MORTGAGE,67400.0,debt_consolidation,14.05,0,10,0,12339.34,72.03,20,Fully Paid,Northeast
21200.0,36,21.72,716.8,C,C3,8,MORTGAGE,56700.0,debt_consolidation,21.5,0,17,0,904.47,54.98,31,Fully Paid,Midwest
1300.0,36,22.1,44.09,A,A3,7,RENT,68700.0,credit_card,29.96,0,10,0,26196.05,20.95,21,Fully Paid,South
1100.0,36,12.17,34.27,G,G5,9,RENT,191900.0,debt_consolidation,4.5,0,7,0,37604.35,9.27,9,Charged Off,South
4800.0,60,5.69,84.55,B,B2,7,RENT,33000.0,debt_consolidation,31.65,0,7,0,38324.69,23.17,8,Fully Paid,West
5000.0,36,10.0,152.78,B,B1,2,MORTGAGE,30900.0,home_improvement,1.05,0,19,1,10721.31,76.15,26,Fully Paid,South
28500.0,36,14.99,910.34,B,B5,0,MORTGAGE,37100.0,credit_card,17.72,0,20,0,49753.1,93.35,27,Fully Paid,West
9000.0,36,9.19,272.98,B,B5,2,RENT,55100.0,home_improvement,23.5,0,18,0,28439.0,73.79,32,Fully Paid,Northeast
35900.0,36,9.85,1095.45,A,A1,2,MORTGAGE,22900.0,home_improvement,38.28,2,5,0,16600.35,52.76,5,Fully Paid,Northeast
37200.0,60,14.78,711.64,D,D1,5,MORTGAGE,54800.0,major_purchase,22.96,0,22,0,19640.39,95.07,23,Fully Paid,Northeast
39100.0,36,29.04,1401.52,G,G3,2,MORTGAGE,126300.0,debt_consolidation,6.35,0,20,0,6221.84,82.86,24,Charged Off,Midwest
37600.0,36,24.11,1296.26,B,B1,1,OWN,58400.0,other,20.7,0,24,0,24667.79,65.58,36,Fully Paid,South
11600.0,36,12.99,364.08,D,D3,8,OWN,46800.0,credit_card,15.83,0,22,0,37664.77,3.79,26,Fully Paid,South
20900.0,60,28.79,448.62,D,D1,5,MORTGAGE,39800.0,home_improvement,19.17,0,12,0,20470.5,28.77,18,Fully Paid,South
7800.0,60,21.14,157.48,E,E2,4,RENT,84900.0,home_improvement,7.88,0,22,0,43342.63,30.82,26,Fully Paid,West
32400.0,36,16.39,1047.51,C,C3,2,MORTGAGE,35800.0,credit_card,20.03,0,23,0,23837.62,34.72,34,Fully Paid,West
35600.0,36,16.71,1154.13,B,B2,6,MORTGAGE,136400.0,other,6.0,0,12,0,45030.49,38.94,20,Fully Paid,Northeast
34200.0,36,15.27,1095.06,B,B1,6,RENT,142400.0,debt_consolidation,29.76,1,12,0,35160.19,93.94,12,Fully Paid,South
17900.0,36,10.82,551.02,D,D2,3,RENT,61600.0,debt_consolidation,23.76,0,23,0,2750.49,74.19,37,Fully Paid,Midwest
30600.0,60,14.67,584.82,E,E5,9,RENT,53900.0,debt_consolidation,3.14,0,20,0,3350.87,69.19,24,Fully Paid,Midwest
4800.0,60,18.2,94.56,B,B1,1,OWN,90700.0,debt_consolidation,35.58,0,9,0,40005.32,42.65,11,Charged Off,Northeast
2600.0,60,18.2,51.22,B,B3,1,OWN,93700.0,home_improvement,24.66,0,24,0,17841.19,33.75,33,Fully Paid,West
30400.0,36,24.04,1047.45,F,F1,7,MORTGAGE,36200.0,debt_consolidation,12.64,0,17,0,9462.25,11.96,29,Charged Off,West
17600.0,60,13.97,334.31,E,E4,3,OWN,41600.0,small_business,1.83,0,22,0,43266.02,45.35,32,Fully Paid,West
39800.0,36,22.92,1358.95,G,G5,6,RENT,28000.0,credit_card,25.29,0,24,0,49165.33,20.53,29,Charged Off,Northeast
4800.0,60,19.45,95.56,D,D3,2,OWN,66500.0,debt_consolidation,14.94,0,9,0,40437.41,39.1,9,Fully Paid,Northeast
34400.0,36,29.05,1233.14,B,B1,8,RENT,75600.0,debt_consolidation,36.3,1,10,0,36256.48,15.64,11,Fully Paid,South
19700.0,36,14.63,627.28,C,C5,9,RENT,27600.0,debt_consolidation,1.4,0,13,0,47.93,34.4,21,Fully Paid,South
33300.0,36,27.53,1179.65,D,D3,8,RENT,43100.0,other,1.56,1,13,0,5298.7,4.3,21,Fully Paid,South
32900.0,36,25.52,1147.11,A,A5,6,RENT,27600.0,home_improvement,37.97,0,3,0,33547.19,0.6,14,Fully Paid,Midwest
36700.0,36,20.94,1232.92,C,C3,6,RENT,34600.0,debt_consolidation,38.59,0,7,0,20478.23,86.99,8,Fully Paid,Midwest
12600.0,60,21.36,254.86,D,D5,0,RENT,71400.0,debt_consolidation,1.11,0,5,1,973.77,64.13,8,Fully Paid,South
38000.0,36,7.12,1130.71,A,A3,9,MORTGAGE,37500.0,debt_consolidation,28.64,0,14,0,37043.48,58.77,27,Charged Off,Midwest
6900.0,36,28.76,246.79,E,E3,7,RENT,46600.0,debt_consolidation,8.86,0,5,1,20938.25,51.38,19,Fully Paid,Midwest
4200.0,36,7.67,125.62,C,C4,1,RENT,24000.0,major_purchase,28.06,0,10,0,32941.25,72.67,22,Fully Paid,West
17800.0,36,19.08,588.78,F,F3,7,MORTGAGE,59500.0,home_improvement,34.75,0,8,0,23416.79,73.62,17,Fully Paid,West
33300.0,60,13.25,628.54,A,A4,10,MORTGAGE,53000.0,credit_card,4.03,1,7,0,1324.89,93.53,9,Fully Paid,Northeast
19500.0,36,15.75,626.98,B,B1,1,RENT,37600.0,small_business,9.55,0,19,0,31796.23,24.44,26,Fully Paid,West
33300.0,36,20.25,1112.31,C,C1,0,RENT,49300.0,debt_consolidation,0.96,1,16,0,39404.3,78.52,16,Charged Off,South
29500.0,60,27.72,627.96,B,B5,10,MORTGAGE,59300.0,credit_card,1.75,1,17,0,7798.84,99.12,25,Fully Paid,West
9200.0,60,16.44,178.54,D,D2,7,OWN,36000.0,home_improvement,1.18,1,2,0,44554.11,2.9,5,Fully Paid,Midwest
38000.0,36,29.69,1368.95,D,D2,3,RENT,25900.0,debt_consolidation,32.03,0,11,0,9078.09,37.4,24,Fully Paid,Midwest
3400.0,60,19.82,67.9,A,A1,10,RENT,133600.0,debt_consolidation,11.93,0,5,0,21141.83,43.6,16,Fully Paid,South
36000.0,36,9.01,1090.1,C,C4,9,MORTGAGE,39500.0,credit_card,19.73,0,5,0,26359.35,82.18,12,Fully Paid,South
12900.0,60,9.75,235.96,C,C3,5,MORTGAGE,51600.0,debt_consolidation,31.51,0,19,0,15693.29,1.37,26,Charged Off,West
20500.0,36,22.9,699.85,B,B5,9,OWN,89800.0,credit_card,19.8,0,14,0,25022.86,59.86,19,Fully Paid,West
17500.0,60,6.26,309.92,F,F3,10,RENT,316300.0,credit_card,17.17,0,23,0,35917.82,89.26,34,Charged Off,West
7700.0,36,17.01,250.27,E,E3,9,RENT,29100.0,debt_consolidation,0.46,0,2,0,35722.76,14.76,11,Fully Paid,Northeast
15000.0,36,8.71,452.96,D,D2,0,OWN,67800.0,debt_consolidation,22.72,0,21,0,46114.14,11.56,29,Charged Off,Northeast
8500.0,36,15.83,273.49,D,D1,8,MORTGAGE,38000.0,debt_consolidation,4.99,0,11,0,43104.55,99.98,18,Fully Paid,South
9000.0,36,23.75,309.38,C,C4,10,RENT,41400.0,credit_card,30.59,0,22,0,49255.28,82.6,35,Fully Paid,West
8300.0,60,16.47,161.12,F,F2,6,MORTGAGE,37800.0,debt_consolidation,10.31,0,2,0,29768.99,69.74,15,Fully Paid,Midwest
20100.0,36,9.09,609.09,D,D3,4,RENT,30900.0,small_business,26.97,0,3,0,20025.73,39.9,5,Fully Paid,Northeast
32100.0,36,11.3,992.42,D,D3,5,OWN,53100.0,small_business,25.85,0,10,2,12004.91,85.4,23,Fully Paid,South
23200.0,36,14.19,735.89,E,E1,2,RENT,25900.0,debt_consolidation,24.67,0,2,0,12198.47,92.28,16,Fully Paid,Northeast
35800.0,36,6.74,1061.47,B,B4,8,MORTGAGE,87000.0,small_business,10.68,0,16,0,7546.2,73.24,21,Fully Paid,West
25800.0,60,19.61,514.32,E,E1,1,OWN,55700.0,credit_card,10.68,0,16,0,36333.35,39.81,17,Charged Off,Midwest
27900.0,36,20.19,931.47,B,B5,9,MORTGAGE,66900.0,debt_consolidation,34.52,1,3,0,32712.11,58.35,17,Fully Paid,Midwest
27000.0,36,6.55,799.13,B,B5,0,OWN,42900.0,credit_card,0.51,2,13,0,14614.71,9.85,13,Fully Paid,South
18500.0,60,15.06,354.77,B,B2,0,RENT,45100.0,home_improvement,7.26,0,19,0,44606.87,15.8,23,Charged Off,Northeast
27900.0,60,15.35,536.38,G,G1,9,MORTGAGE,62600.0,debt_consolidation,24.41,1,24,0,27614.32,78.3,36,Charged Off,West
3700.0,36,13.35,116.5,E,E3,1,RENT,30300.0,debt_consolidation,32.68,1,11,0,3450.95,2.93,17,Fully Paid,West
34500.0,36,18.94,1139.84,D,D5,5,OWN,45300.0,debt_consolidation,14.33,1,14,0,3072.55,4.92,25,Fully Paid,Midwest
31300.0,60,13.65,592.87,D,D2,5,RENT,35200.0,debt_consolidation,26.14,1,10,0,7159.35,50.8,15,Fully Paid,Midwest
10600.0,60,15.41,203.89,C,C5,8,OWN,34700.0,debt_consolidation,22.29,0,4,0,10563.17,17.05,18,Fully Paid,West
31000.0,60,24.94,645.52,F,F5,9,MORTGAGE,18900.0,credit_card,2.58,1,24,0,44371.87,29.37,27,Fully Paid,West
1500.0,60,9.05,27.26,C,C5,3,RENT,105800.0,debt_consolidation,24.87,0,23,0,38922.42,39.88,26,Fully Paid,Northeast
9500.0,60,20.48,190.76,B,B5,7,MORTGAGE,38400.0,debt_consolidation,32.56,0,9,0,10086.21,52.23,17,Fully Paid,South
3500.0,60,17.64,68.62,A,A1,3,MORTGAGE,96900.0,debt_consolidation,39.7,0,15,0,12424.62,28.35,26,Fully Paid,Northeast
31400.0,60,12.63,589.43,E,E3,2,OWN,92400.0,major_purchase,1.19,0,17,0,31839.4,48.35,19,Fully Paid,Northeast
30500.0,36,23.19,1043.69,D,D1,3,RENT,28500.0,debt_consolidation,26.4,0,7,0,43576.15,37.07,17,Fully Paid,West
32700.0,36,18.78,1078.92,B,B2,0,MORTGAGE,31400.0,debt_consolidation,16.58,0,10,0,15836.46,8.1,22,Fully Paid,Northeast
1200.0,36,16.93,38.98,A,A2,8,MORTGAGE,194900.0,credit_card,0.39,1,22,0,26274.83,86.71,23,Fully Paid,Northeast
20500.0,36,21.69,692.96,E,E2,10,RENT,130000.0,major_purchase,24.57,0,5,0,44518.88,28.14,10,Fully Paid,Northeast
28500.0,60,25.06,594.04,A,A3,4,MORTGAGE,53300.0,credit_card,4.9,1,24,0,38531.59,60.94,24,Fully Paid,Midwest
7100.0,60,29.32,153.03,D,D1,6,MORTGAGE,61600.0,debt_consolidation,15.14,0,20,0,44575.47,56.98,21,Charged Off,South
26300.0,60,20.73,529.2,G,G2,2,OWN,39500.0,debt_consolidation,10.45,1,16,0,13903.69,19.92,19,Fully Paid,South
4300.0,60,26.86,90.92,C,C1,4,MORTGAGE,67300.0,debt_consolidation,14.45,0,12,0,34546.71,3.0,20,Fully Paid,Midwest
8100.0,36,5.03,236.32,B,B3,9,OWN,37900.0,credit_card,19.71,1,22,0,5700.63,85.69,25,Fully Paid,West
19600.0,60,18.26,386.32,D,D3,3,MORTGAGE,19600.0,debt_consolidation,14.37,1,11,0,30810.39,49.77,20,Charged Off,West
26500.0,36,10.37,812.45,E,E2,6,RENT,28000.0,debt_consolidation,22.11,0,9,0,15201.28,41.45,21,Charged Off,South
6700.0,36,7.35,199.79,C,C1,4,RENT,54800.0,credit_card,9.55,0,4,0,35074.02,76.29,14,Fully Paid,South
8200.0,36,18.3,269.46,G,G4,1,MORTGAGE,30800.0,debt_consolidation,25.41,0,20,0,7093.73,3.32,22,Fully Paid,West
9000.0,60,23.67,185.5,A,A3,2,RENT,52400.0,home_improvement,34.15,0,5,0,33279.01,76.52,15,Fully Paid,Northeast
10300.0,36,15.31,329.91,C,C2,7,MORTGAGE,31700.0,debt_consolidation,8.96,0,14,0,35425.96,40.89,14,Charged Off,South
9800.0,60,21.75,198.86,D,D3,2,MORTGAGE,36600.0,other,20.32,0,10,0,42857.82,55.16,21,Fully Paid,Northeast
16400.0,36,17.24,534.09,E,E1,6,RENT,83000.0,other,25.95,0,22,0,34353.83,75.24,29,Fully Paid,South
26500.0,36,15.93,853.37,A,A4,4,RENT,61300.0,major_purchase,22.59,0,23,0,26143.21,54.68,33,Fully Paid,Midwest
18100.0,36,12.26,564.42,E,E4,6,MORTGAGE,53900.0,other,14.63,1,21,0,39207.98,6.18,24,Fully Paid,South
31300.0,36,14.56,996.04,C,C4,9,RENT,84100.0,debt_consolidation,25.69,0,14,0,14221.66,72.86,24,Charged Off,Midwest
29100.0,60,13.74,551.64,B,B4,8,MORTGAGE,68900.0,major_purchase,1.13,0,10,0,33873.32,78.63,11,Fully Paid,Northeast
5900.0,36,21.15,198.55,A,A5,6,RENT,111700.0,debt_consolidation,14.8,0,21,0,36226.39,46.19,27,Fully Paid,West
2900.0,60,7.9,52.15,E,E1,5,MORTGAGE,43000.0,home_improvement,21.3,0,20,0,19627.06,43.91,32,Fully Paid,Northeast
35200.0,60,7.32,629.61,A,A4,0,RENT,43700.0,debt_consolidation,0.82,0,17,1,49448.33,25.19,28,Fully Paid,Northeast
4100.0,60,21.5,83.02,B,B1,3,RENT,28300.0,debt_consolidation,20.31,0,19,0,17804.49,64.42,19,Fully Paid,Northeast
6800.0,36,18.66,224.14,B,B5,7,RENT,43700.0,other,26.17,0,20,0,4224.56,88.2,22,Fully Paid,Midwest
1900.0,60,15.76,36.66,E,E2,0,RENT,87800.0,debt_consolidation,30.37,1,18,0,15173.72,65.6,27,Fully Paid,South
25500.0,36,8.81,770.74,D,D5,5,OWN,103800.0,major_purchase,4.53,0,13,0,4971.86,77.13,23,Fully Paid,West
23700.0,36,15.28,758.93,E,E3,1,MORTGAGE,87600.0,home_improvement,39.62,0,12,1,16965.21,83.75,16,Fully Paid,Northeast
39500.0,36,24.74,1368.68,B,B1,8,RENT,22100.0,debt_consolidation,24.25,0,18,0,6393.64,22.61,24,Fully Paid,Northeast
35600.0,60,27.24,754.96,D,D2,7,RENT,93100.0,credit_card,14.53,0,7,0,21976.74,40.21,20,Charged Off,Northeast
17000.0,36,22.56,578.76,C,C4,8,OWN,21600.0,debt_consolidation,9.96,1,16,0,38898.77,43.6,18,Fully Paid,Midwest
15500.0,36,6.5,458.54,E,E2,8,MORTGAGE,84900.0,other,22.92,0,3,0,3372.15,55.89,15,Fully Paid,Midwest
12600.0,36,21.76,426.16,F,F5,1,MORTGAGE,45100.0,other,35.27,0,15,1,28155.4,4.92,18,Fully Paid,Midwest
6900.0,36,11.02,212.79,A,A4,1,RENT,77000.0,home_improvement,20.82,0,4,0,2191.38,58.84,8,Fully Paid,South
6400.0,36,12.88,200.68,D,D5,8,MORTGAGE,27800.0,small_business,26.46,0,13,0,44230.46,8.85,22,Fully Paid,South
6200.0,60,9.9,113.56,A,A3,1,MORTGAGE,97300.0,debt_consolidation,14.31,0,7,0,46069.13,80.66,20,Fully Paid,Northeast
5500.0,36,24.39,190.04,C,C4,3,RENT,26000.0,debt_consolidation,15.53,1,24,0,24617.89,96.3,25,Fully Paid,West
10400.0,60,21.22,210.11,B,B1,1,MORTGAGE,38800.0,debt_consolidation,11.45,1,6,0,38461.56,28.98,17,Fully Paid,Midwest
13000.0,36,20.3,434.42,B,B4,0,OWN,32900.0,credit_card,28.23,0,8,0,29645.55,50.66,16,Charged Off,South
38500.0,60,21.7,780.91,B,B2,10,MORTGAGE,22500.0,debt_consolidation,14.37,1,7,0,17033.14,82.32,13,Fully Paid,South
23600.0,36,10.92,727.14,D,D2,9,OWN,56800.0,credit_card,7.63,0,22,1,12257.04,31.47,23,Fully Paid,West
39500.0,36,16.12,1274.09,B,B4,6,MORTGAGE,133700.0,home_improvement,14.78,0,20,0,37929.79,15.78,31,Fully Paid,Midwest
15500.0,36,20.83,520.24,D,D2,10,RENT,205600.0,debt_consolidation,34.15,0,15,1,21499.01,73.91,20,Charged Off,South
18800.0,36,20.91,631.42,C,C5,4,RENT,56900.0,debt_consolidation,29.53,0,19,0,46011.92,69.84,25,Fully Paid,West
13700.0,60,24.8,284.96,A,A1,2,MORTGAGE,94700.0,debt_consolidation,13.39,0,22,0,48784.6,56.99,36,Fully Paid,West
8100.0,36,12.18,252.4,E,E3,7,MORTGAGE,60800.0,major_purchase,36.27,0,15,0,10519.63,94.44,26,Fully Paid,Midwest
6600.0,60,24.26,136.69,B,B5,4,MORTGAGE,69500.0,debt_consolidation,2.99,1,9,0,28053.17,95.51,18,Fully Paid,Midwest
37900.0,60,16.0,732.73,C,C3,0,MORTGAGE,45700.0,debt_consolidation,1.99,0,15,0,26846.71,86.15,26,Fully Paid,Midwest
39500.0,36,21.75,1335.87,D,D1,8,MORTGAGE,59700.0,major_purchase,5.1,0,22,0,43404.94,29.3,25,Fully Paid,Northeast
2800.0,36,16.39,90.53,B,B4,4,MORTGAGE,70900.0,debt_consolidation,4.66,1,20,0,34549.25,22.54,30,Fully Paid,South
6900.0,36,28.72,246.71,A,A2,2,OWN,40600.0,debt_consolidation,3.51,0,4,0,30368.88,83.57,7,Fully Paid,West
17500.0,36,9.48,532.19,B,B4,5,OWN,52100.0,home_improvement,26.45,1,16,0,33951.24,65.14,23,Fully Paid,Northeast
8300.0,36,21.88,281.0,F,F4,7,OWN,52600.0,credit_card,24.03,0,22,1,19472.88,39.61,23,Fully Paid,Midwest
15200.0,60,19.41,302.51,D,D1,1,MORTGAGE,81900.0,credit_card,25.9,0,17,0,48014.57,40.98,18,Fully Paid,South
6000.0,36,9.32,182.2,D,D5,10,OWN,31800.0,debt_consolidation,27.53,0,16,0,2881.28,85.33,17,Fully Paid,South
18800.0,36,6.65,556.95,D,D1,2,RENT,52800.0,debt_consolidation,30.28,0,15,1,1456.45,16.32,25,Fully Paid,Northeast
11600.0,36,24.98,402.71,B,B4,6,RENT,140900.0,credit_card,8.29,1,16,0,20779.49,94.4,17,Fully Paid,West
14700.0,36,8.94,444.84,C,C3,1,MORTGAGE,97000.0,debt_consolidation,24.89,0,8,0,7728.8,63.32,14,Fully Paid,Northeast
4700.0,60,9.66,85.9,D,D1,10,RENT,106400.0,small_business,23.2,0,6,1,27240.02,79.14,9,Charged Off,South
17700.0,60,29.46,381.91,A,A5,10,RENT,54800.0,debt_consolidation,37.75,0,10,0,450.5,37.09,14,Fully Paid,West
39300.0,60,22.93,805.19,B,B1,4,OWN,63600.0,debt_consolidation,9.29,0,17,0,22984.15,58.69,24,Fully Paid,Northeast
13800.0,60,11.26,255.9,B,B2,8,RENT,89400.0,debt_consolidation,2.35,2,3,0,14746.23,75.0,9,Fully Paid,Northeast
35200.0,36,19.77,1171.08,C,C5,6,OWN,118200.0,small_business,26.14,0,23,0,10118.02,43.51,33,Fully Paid,Midwest
33900.0,36,18.35,1114.46,G,G2,2,RENT,20400.0,credit_card,29.61,0,24,0,22232.48,48.79,31,Charged Off,South
38100.0,36,26.11,1334.66,A,A3,1,RENT,28100.0,debt_consolidation,11.33,1,8,0,42727.45,58.21,12,Fully Paid,Midwest
31800.0,60,23.23,653.12,C,C4,9,MORTGAGE,104300.0,credit_card,22.83,0,13,0,32769.73,6.34,20,Fully Paid,Midwest
26700.0,60,25.79,559.77,A,A2,8,MORTGAGE,47200.0,debt_consolidation,2.38,0,17,0,7997.08,86.32,17,Fully Paid,West
34400.0,36,10.29,1053.88,G,G2,8,RENT,38700.0,credit_card,38.4,1,5,0,24943.65,86.67,18,Fully Paid,West
4000.0,36,21.01,134.46,A,A4,8,MORTGAGE,28900.0,debt_consolidation,4.4,0,3,1,46583.56,28.14,7,Fully Paid,South
19100.0,36,6.01,562.44,C,C3,9,MORTGAGE,41000.0,debt_consolidation,2.7,0,18,0,21961.24,87.98,29,Fully Paid,West
39600.0,60,6.72,704.35,D,D4,2,MORTGAGE,26900.0,debt_consolidation,1.76,0,18,0,23527.31,74.52,28,Charged Off,South
31000.0,36,22.84,1057.79,D,D2,0,OWN,154100.0,debt_consolidation,17.09,0,4,0,47067.88,48.32,13,Fully Paid,West
38500.0,60,5.61,677.66,C,C1,8,RENT,53600.0,debt_consolidation,3.89,0,17,0,6790.41,34.78,18,Charged Off,Midwest
31400.0,36,19.49,1042.22,B,B2,6,MORTGAGE,52600.0,debt_consolidation,29.79,0,24,0,36752.07,39.94,28,Fully Paid,South
35100.0,36,26.01,1228.6,B,B4,1,RENT,72700.0,debt_consolidation,35.95,0,6,0,14958.07,53.44,18,Fully Paid,Midwest
28600.0,60,14.5,545.78,B,B5,5,RENT,87700.0,small_business,10.41,0,8,0,43294.58,41.25,20,Fully Paid,West
30700.0,36,6.12,904.97,B,B5,10,OWN,86900.0,credit_card,25.15,2,14,1,2718.12,42.02,25,Fully Paid,Midwest
21400.0,60,22.85,438.16,C,C4,8,MORTGAGE,92700.0,other,1.69,1,10,0,49520.08,20.31,11,Fully Paid,West
37000.0,60,28.24,790.81,B,B5,7,OWN,39500.0,debt_consolidation,15.46,0,9,0,38430.44,70.78,14,Fully Paid,Northeast
33200.0,36,22.93,1133.69,B,B4,10,RENT,46700.0,debt_consolidation,11.72,0,2,1,14216.65,60.96,10,Fully Paid,Midwest
33900.0,60,19.46,674.95,D,D1,5,MORTGAGE,79600.0,home_improvement,9.14,0,5,0,38042.79,99.19,16,Fully Paid,South
27200.0,36,10.75,836.78,G,G4,5,MORTGAGE,41600.0,credit_card,25.79,0,22,0,46148.49,14.12,35,Charged Off,Midwest
12900.0,36,5.38,377.61,C,C1,7,OWN,54000.0,credit_card,5.21,0,8,0,5645.87,11.37,9,Fully Paid,Midwest
2400.0,60,22.37,48.95,A,A5,8,RENT,66100.0,credit_card,34.43,0,12,0,45678.92,51.59,21,Fully Paid,South
37500.0,36,10.78,1153.96,A,A3,7,MORTGAGE,80200.0,credit_card,26.59,0,9,0,18008.72,15.2,10,Fully Paid,South
23900.0,36,26.45,839.49,F,F5,0,RENT,22300.0,major_purchase,28.43,1,9,0,322.97,61.06,18,Fully Paid,Northeast
12600.0,60,16.66,244.99,B,B4,1,MORTGAGE,77400.0,home_improvement,37.41,0,21,0,5621.05,19.61,23,Fully Paid,West
6800.0,36,18.27,223.4,A,A5,5,MORTGAGE,48200.0,other,37.69,0,12,0,44239.7,48.3,21,Fully Paid,West
33400.0,60,23.85,689.43,C,C3,7,RENT,77200.0,other,22.07,0,8,0,49133.32,61.13,12,Fully Paid,South
33600.0,60,24.49,697.14,D,D5,3,RENT,79900.0,debt_consolidation,19.82,1,12,0,44768.6,45.8,21,Fully Paid,Midwest
32800.0,36,21.07,1103.08,D,D3,3,RENT,121000.0,debt_consolidation,13.42,2,19,0,22076.83,32.0,32,Fully Paid,West
26200.0,36,28.46,934.9,B,B2,1,MORTGAGE,106600.0,debt_consolidation,28.62,1,23,0,48070.51,78.23,31,Charged Off,South
15300.0,36,29.56,550.63,A,A4,9,RENT,106200.0,debt_consolidation,21.53,1,5,0,20342.51,85.47,7,Fully Paid,South
12900.0,36,28.67,461.07,G,G4,0,OWN,111500.0,debt_consolidation,37.32,0,7,0,5684.8,27.8,15,Charged Off,Northeast
1300.0,60,25.6,27.21,B,B3,9,RENT,62700.0,debt_consolidation,9.55,0,8,1,17047.07,81.34,16,Charged Off,Midwest
33500.0,60,22.64,684.74,D,D1,8,RENT,55100.0,debt_consolidation,12.41,0,11,0,49921.06,39.16,19,Fully Paid,Northeast
4400.0,36,21.58,148.6,D,D3,6,OWN,83800.0,credit_card,12.64,1,9,0,31297.28,48.76,12,Fully Paid,Northeast
25600.0,36,7.59,765.08,C,C2,8,OWN,78100.0,debt_consolidation,32.24,1,5,0,16999.94,23.17,14,Charged Off,Midwest
20700.0,60,11.79,385.68,B,B4,1,MORTGAGE,46400.0,credit_card,3.96,0,10,0,31208.95,62.57,15,Fully Paid,South
21500.0,36,5.14,627.92,B,B4,9,RENT,66300.0,debt_consolidation,18.23,0,7,0,21456.79,10.09,8,Fully Paid,Midwest
37100.0,60,8.44,670.52,C,C5,4,RENT,53200.0,major_purchase,17.1,0,18,0,2477.43,59.16,18,Fully Paid,Northeast
2200.0,60,15.98,42.53,E,E3,1,MORTGAGE,35300.0,major_purchase,2.93,0,20,0,10056.38,98.97,21,Fully Paid,Northeast
31200.0,36,8.66,941.72,F,F2,9,MORTGAGE,103300.0,debt_consolidation,16.43,0,15,0,961.77,75.35,18,Fully Paid,Midwest
3000.0,36,27.54,106.28,A,A5,6,MORTGAGE,55700.0,other,20.54,0,2,0,12739.61,89.5,8,Fully Paid,Northeast
2500.0,60,25.14,52.14,A,A1,8,RENT,150900.0,debt_consolidation,2.6,0,7,0,36978.25,46.42,8,Fully Paid,South
17800.0,36,6.79,528.02,F,F5,2,RENT,24000.0,major_purchase,20.39,0,23,0,9665.93,14.21,32,Charged Off,South
3500.0,36,11.22,108.13,D,D2,0,MORTGAGE,41000.0,credit_card,38.37,0,8,0,26402.82,28.85,8,Charged Off,Midwest
31800.0,60,25.48,665.04,E,E3,3,MORTGAGE,55100.0,debt_consolidation,39.16,0,2,0,35080.19,4.9,4,Fully Paid,Midwest
21700.0,60,25.08,452.37,B,B1,3,MORTGAGE,95700.0,debt_consolidation,21.27,1,18,0,27434.12,50.18,24,Fully Paid,South
2100.0,36,28.64,75.04,C,C4,10,MORTGAGE,66200.0,debt_consolidation,20.6,1,22,0,768.53,64.97,24,Fully Paid,West
2600.0,36,29.94,93.85,D,D5,5,RENT,63300.0,small_business,11.42,0,22,0,18167.1,42.45,23,Fully Paid,West
24900.0,36,29.41,895.09,D,D2,4,MORTGAGE,30800.0,credit_card,39.88,1,18,1,22081.53,56.32,32,Fully Paid,West
32400.0,36,15.25,1037.25,C,C3,4,MORTGAGE,30400.0,debt_consolidation,10.97,1,8,0,17137.67,32.07,8,Fully Paid,Midwest
18100.0,36,11.26,559.39,A,A5,8,RENT,63700.0,credit_card,18.12,0,15,0,27313.19,8.59,17,Charged Off,South
22600.0,36,23.96,778.19,C,C2,10,OWN,27400.0,debt_consolidation,0.12,1,8,0,25657.68,43.2,21,Fully Paid,South
32200.0,36,12.48,1006.07,B,B1,0,OWN,41500.0,debt_consolidation,13.97,0,23,0,9372.51,54.78,29,Fully Paid,South
24800.0,36,25.16,862.21,C,C5,7,RENT,69600.0,other,2.86,1,14,0,37598.7,98.26,16,Fully Paid,South
9800.0,36,18.35,322.18,F,F5,7,OWN,33200.0,credit_card,29.75,0,24,1,8058.19,34.73,28,Fully Paid,Midwest
24900.0,36,24.85,863.55,B,B3,10,MORTGAGE,120900.0,debt_consolidation,22.44,1,23,0,22948.27,67.78,33,Fully Paid,South
25500.0,36,11.9,792.62,E,E2,7,MORTGAGE,99900.0,other,22.89,0,19,0,37815.11,82.26,24,Fully Paid,South
29600.0,36,17.7,967.76,B,B2,2,MORTGAGE,24700.0,debt_consolidation,11.46,1,22,0,34863.11,33.54,33,Charged Off,Northeast
25200.0,60,19.1,500.22,D,D4,9,OWN,34000.0,debt_consolidation,32.6,0,8,0,21609.29,92.99,21,Fully Paid,Northeast
38800.0,36,28.58,1385.81,G,G4,7,OWN,17300.0,debt_consolidation,0.13,2,3,0,39446.02,33.88,17,Fully Paid,Northeast
8700.0,36,11.66,269.84,A,A2,1,MORTGAGE,36600.0,credit_card,13.34,1,22,0,35687.89,96.98,26,Fully Paid,Northeast
38100.0,60,28.42,815.47,A,A5,7,OWN,79500.0,credit_card,26.38,0,20,0,19226.8,0.22,20,Fully Paid,Midwest
22000.0,36,25.12,764.62,C,C1,7,RENT,44000.0,debt_consolidation,36.32,1,15,0,44775.67,63.42,28,Fully Paid,West
27200.0,60,23.27,558.82,A,A4,2,MORTGAGE,68200.0,home_improvement,9.38,0,2,0,7097.98,78.99,6,Fully Paid,Northeast
4900.0,36,24.67,169.69,D,D4,3,RENT,25300.0,major_purchase,21.64,0,17,2,17924.11,28.01,19,Fully Paid,Northeast
15800.0,36,20.14,527.28,F,F1,8,RENT,80700.0,credit_card,21.52,0,8,0,34890.48,11.71,15,Fully Paid,Northeast
31000.0,36,11.1,956.69,C,C3,8,RENT,41000.0,small_business,34.97,0,17,0,43648.87,2.44,21,Charged Off,Midwest
28600.0,36,9.74,871.82,B,B5,9,MORTGAGE,54500.0,debt_consolidation,2.02,1,21,0,16128.99,7.44,28,Charged Off,West
2600.0,36,26.66,91.48,C,C4,8,RENT,51700.0,debt_consolidation,16.98,1,13,0,28062.12,54.3,21,Charged Off,South
22300.0,36,23.13,762.72,D,D3,9,OWN,28700.0,home_improvement,7.3,0,6,0,591.99,83.92,7,Fully Paid,Northeast
4400.0,36,10.33,134.85,A,A2,5,MORTGAGE,30400.0,debt_consolidation,0.86,1,18,0,18542.14,6.31,32,Fully Paid,West
39800.0,60,20.38,798.52,C,C4,0,OWN,87900.0,debt_consolidation,5.88,0,22,0,16546.75,11.32,25,Charged Off,South
36000.0,36,16.19,1161.9,C,C1,7,RENT,66100.0,debt_consolidation,39.06,2,14,1,42123.55,0.51,23,Fully Paid,Northeast
1800.0,36,8.97,54.49,D,D2,8,MORTGAGE,91600.0,major_purchase,8.59,0,15,1,3698.83,28.23,15,Fully Paid,Midwest
34500.0,36,18.3,1133.71,B,B2,7,RENT,63700.0,debt_consolidation,37.4,0,23,0,3105.73,92.12,32,Fully Paid,Midwest
36900.0,36,12.04,1148.41,D,D5,0,RENT,58200.0,debt_consolidation,8.21,0,17,0,22135.1,27.63,28,Fully Paid,Midwest
14800.0,60,7.41,264.94,A,A3,5,MORTGAGE,22900.0,debt_consolidation,37.25,0,14,0,20369.45,44.08,22,Charged Off,South
29100.0,36,16.67,943.08,B,B5,8,RENT,47300.0,major_purchase,26.18,0,19,1,8078.0,17.9,28,Fully Paid,Midwest
18200.0,36,19.75,605.4,E,E2,8,MORTGAGE,53400.0,credit_card,4.53,1,19,0,13167.21,11.63,30,Charged Off,West
26600.0,60,6.17,470.69,D,D5,6,OWN,143900.0,debt_consolidation,23.28,0,10,1,48709.72,18.24,17,Fully Paid,South
14300.0,60,15.05,274.2,A,A1,6,RENT,76400.0,major_purchase,12.74,1,2,0,25659.13,21.04,14,Fully Paid,Midwest
13600.0,36,11.44,421.0,B,B4,3,OWN,116800.0,major_purchase,15.33,2,3,0,4392.65,13.03,4,Fully Paid,West
17600.0,36,5.77,517.1,B,B1,6,RENT,73000.0,credit_card,17.61,1,9,0,2487.34,79.16,21,Fully Paid,West
6700.0,36,8.14,201.26,B,B2,9,RENT,38000.0,debt_consolidation,16.91,1,14,0,2096.89,47.72,24,Fully Paid,Northeast
33400.0,36,8.48,1006.45,B,B5,4,OWN,57400.0,credit_card,26.56,0,7,0,19450.95,53.98,12,Fully Paid,Northeast
14600.0,36,9.57,444.37,A,A3,10,RENT,61000.0,other,30.73,0,20,0,43280.87,37.47,24,Fully Paid,West
16600.0,36,25.08,576.76,C,C3,9,MORTGAGE,33900.0,debt_consolidation,13.17,0,20,0,41645.83,21.07,24,Fully Paid,Northeast
35900.0,60,15.99,694.01,D,D2,4,RENT,44700.0,debt_consolidation,36.97,0,3,0,18394.32,9.39,5,Fully Paid,Northeast
20400.0,36,8.68,615.85,C,C4,0,OWN,48900.0,debt_consolidation,37.54,1,11,0,38721.18,7.59,11,Fully Paid,South
22200.0,36,7.51,662.98,D,D5,1,MORTGAGE,120900.0,credit_card,1.63,0,6,0,37612.42,18.51,19,Fully Paid,Midwest
38300.0,36,12.45,1196.34,A,A1,8,OWN,19100.0,home_improvement,0.6,1,24,0,24149.77,85.02,34,Fully Paid,South
35600.0,36,24.95,1235.62,F,F1,1,MORTGAGE,99000.0,debt_consolidation,17.0,1,23,1,20219.38,21.65,28,Fully Paid,South
7600.0,36,14.11,240.9,E,E3,9,MORTGAGE,33900.0,debt_consolidation,23.63,0,2,0,9027.43,35.48,7,Fully Paid,Northeast
19500.0,36,9.0,590.42,E,E1,10,MORTGAGE,27300.0,other,11.12,1,14,0,13938.55,57.28,18,Fully Paid,Midwest
38900.0,36,15.1,1243.72,E,E4,1,RENT,97700.0,major_purchase,10.38,0,13,0,16934.77,51.14,21,Charged Off,South
15500.0,36,18.88,511.84,F,F2,8,MORTGAGE,78100.0,other,27.13,0,11,1,40635.89,66.58,20,Charged Off,South
15500.0,36,5.74,455.27,C,C5,2,MORTGAGE,101400.0,major_purchase,24.07,1,4,0,27647.65,19.43,15,Charged Off,South
8600.0,36,20.69,288.32,B,B1,1,MORTGAGE,80900.0,debt_consolidation,6.69,0,16,0,10045.73,52.4,24,Fully Paid,South
5500.0,36,14.88,175.51,C,C2,6,MORTGAGE,151700.0,debt_consolidation,35.38,1,6,1,4791.38,76.77,19,Fully Paid,Midwest
29900.0,36,5.24,874.08,D,D5,8,MORTGAGE,71600.0,credit_card,27.2,1,20,0,24833.19,38.75,32,Charged Off,Northeast
31000.0,36,21.85,1049.26,D,D2,10,MORTGAGE,50100.0,debt_consolidation,14.5,0,20,0,33315.83,97.19,29,Fully Paid,West
38800.0,36,22.81,1323.62,C,C1,5,OWN,64300.0,debt_consolidation,27.34,1,22,0,40944.18,57.79,22,Fully Paid,Northeast
31200.0,60,20.72,627.74,A,A2,6,MORTGAGE,100900.0,debt_consolidation,4.51,0,14,1,39865.73,67.48,20,Fully Paid,West
10500.0,60,13.55,198.71,B,B4,2,OWN,36700.0,other,18.73,0,9,0,41207.79,45.91,20,Fully Paid,South
2600.0,36,18.24,85.4,F,F3,10,RENT,39100.0,debt_consolidation,6.76,1,9,0,22392.37,85.79,14,Fully Paid,West
39400.0,60,14.68,753.07,C,C5,2,MORTGAGE,46400.0,debt_consolidation,1.66,0,7,0,43282.88,45.15,19,Charged Off,Midwest
14300.0,36,22.52,486.68,C,C5,7,MORTGAGE,18900.0,credit_card,13.53,0,10,0,22230.41,94.23,12,Fully Paid,Midwest
13200.0,60,19.59,263.1,B,B4,6,MORTGAGE,58000.0,small_business,6.03,0,15,0,8406.06,30.75,28,Fully Paid,South
36300.0,36,7.04,1079.32,B,B2,4,MORTGAGE,21100.0,other,25.34,0,6,0,19868.93,86.58,9,Fully Paid,Midwest
23800.0,36,21.08,800.47,E,E5,5,MORTGAGE,55600.0,credit_card,26.96,0,17,0,17001.25,63.94,20,Fully Paid,South
9400.0,36,22.18,319.03,D,D3,8,RENT,83500.0,debt_consolidation,5.95,0,15,1,19608.84,79.91,18,Fully Paid,West
35700.0,36,14.27,1133.18,E,E1,2,RENT,42700.0,debt_consolidation,0.98,0,11,0,32930.96,3.77,17,Fully Paid,Northeast
39700.0,60,26.89,839.59,C,C5,2,RENT,125300.0,other,31.71,1,24,0,32845.83,27.73,38,Fully Paid,Northeast
4400.0,36,26.08,154.1,D,D4,10,RENT,26100.0,credit_card,0.08,0,18,0,11245.08,84.71,32,Fully Paid,West
34600.0,36,9.38,1051.26,B,B4,5,MORTGAGE,98300.0,home_improvement,13.76,1,17,0,15796.53,31.83,31,Fully Paid,Northeast
16200.0,36,27.61,574.24,D,D3,10,MORTGAGE,75900.0,debt_consolidation,19.78,0,21,0,29767.74,71.27,24,Fully Paid,South
21400.0,36,16.02,689.67,C,C4,7,RENT,23000.0,debt_consolidation,32.75,0,18,0,4206.42,99.22,27,Fully Paid,West
36700.0,36,23.09,1254.83,C,C2,4,RENT,210100.0,credit_card,33.54,1,17,0,34433.21,17.72,30,Fully Paid,South
39000.0,36,25.35,1357.96,D,D5,0,RENT,52500.0,small_business,29.0,0,11,1,8944.62,41.75,16,Fully Paid,Northeast
11200.0,36,17.63,365.96,F,F5,2,RENT,34900.0,other,9.89,0,19,0,42535.56,16.51,19,Charged Off,South
9300.0,60,14.98,178.22,A,A5,7,OWN,26800.0,small_business,28.81,0,7,0,20079.38,15.43,14,Fully Paid,Midwest
4100.0,36,27.89,145.65,E,E2,3,RENT,48500.0,credit_card,9.86,0,18,0,11040.29,63.3,32,Fully Paid,Northeast
22900.0,36,10.77,704.62,B,B2,8,RENT,50800.0,credit_card,8.58,0,10,0,33391.02,19.14,21,Fully Paid,Midwest
1500.0,36,11.42,46.42,C,C5,5,MORTGAGE,57000.0,major_purchase,21.89,1,23,0,27701.54,48.27,26,Fully Paid,Midwest
17100.0,60,14.04,325.01,A,A5,9,RENT,46700.0,debt_consolidation,27.15,0,9,0,8596.78,97.79,21,Fully Paid,West
3900.0,36,26.49,137.03,B,B4,3,MORTGAGE,74400.0,other,2.12,0,9,1,41358.05,33.31,11,Fully Paid,West
16800.0,36,28.47,599.53,C,C1,3,MORTGAGE,44600.0,credit_card,2.4,1,13,0,22664.45,87.36,25,Fully Paid,South
2600.0,60,10.5,47.88,A,A2,9,RENT,20600.0,other,31.37,0,19,0,7612.24,39.64,27,Fully Paid,South
33600.0,36,26.6,1181.6,C,C4,4,MORTGAGE,50300.0,major_purchase,34.38,1,3,0,39809.1,26.29,4,Fully Paid,Northeast
9200.0,36,11.46,284.84,F,F5,6,MORTGAGE,16600.0,debt_consolidation,24.18,1,4,0,6671.72,33.63,11,Charged Off,South
13800.0,36,29.27,495.54,A,A5,6,RENT,64700.0,debt_consolidation,17.15,0,12,0,48401.93,12.77,22,Fully Paid,South
34900.0,60,19.94,697.65,D,D5,9,RENT,33200.0,debt_consolidation,33.81,2,22,0,22090.49,67.9,27,Fully Paid,West
30100.0,60,5.18,527.65,C,C1,6,MORTGAGE,58800.0,debt_consolidation,29.15,0,14,1,36411.11,50.9,26,Fully Paid,West
9500.0,60,5.85,167.6,D,D2,4,OWN,104500.0,debt_consolidation,23.18,0,19,0,22598.39,61.38,31,Fully Paid,Midwest
3800.0,36,8.69,114.73,B,B5,8,OWN,33700.0,credit_card,12.79,1,12,0,9378.13,30.31,17,Fully Paid,South
28900.0,36,9.69,880.57,A,A4,1,RENT,92100.0,debt_consolidation,7.92,0,15,0,37905.7,65.35,24,Charged Off,West
16200.0,36,24.19,558.86,A,A3,7,RENT,43600.0,debt_consolidation,16.75,1,21,0,14467.85,16.46,26,Fully Paid,Northeast
30900.0,60,10.57,569.44,A,A3,9,MORTGAGE,130200.0,other,11.47,0,5,0,34120.89,65.25,6,Fully Paid,South
18400.0,60,29.23,396.31,B,B1,7,MORTGAGE,45100.0,debt_consolidation,13.57,0,24,0,12868.64,8.11,37,Fully Paid,Northeast
14500.0,36,20.9,486.96,D,D2,2,MORTGAGE,35600.0,small_business,20.63,1,5,0,12055.41,40.03,15,Charged Off,Midwest
18600.0,36,22.31,631.93,E,E2,4,RENT,76400.0,debt_consolidation,6.76,0,11,0,22872.28,60.98,22,Fully Paid,Midwest
30200.0,36,10.45,926.55,E,E1,7,MORTGAGE,43600.0,major_purchase,32.25,1,23,0,40811.97,85.53,29,Fully Paid,West
36200.0,36,27.32,1280.27,D,D3,9,MORTGAGE,35600.0,debt_consolidation,5.82,1,3,0,30681.65,81.24,10,Fully Paid,West
2900.0,36,21.7,98.04,A,A3,8,MORTGAGE,42700.0,home_improvement,19.24,0,19,0,3233.44,52.7,26,Fully Paid,Midwest
21400.0,36,26.61,752.63,B,B5,6,RENT,53000.0,home_improvement,29.84,0,12,0,36693.23,88.34,21,Charged Off,Northeast
2300.0,36,28.91,82.36,B,B4,3,OWN,106000.0,other,19.4,0,6,0,28988.55,50.59,20,Charged Off,Midwest
19300.0,36,8.14,579.75,B,B5,3,MORTGAGE,20600.0,debt_consolidation,14.44,0,18,0,31178.28,51.72,32,Charged Off,Midwest
35500.0,60,7.41,635.51,C,C2,2,RENT,54800.0,debt_consolidation,19.0,0,3,0,17678.91,72.06,15,Fully Paid,West
15100.0,60,25.09,314.81,C,C5,10,MORTGAGE,74000.0,small_business,33.95,1,4,0,27808.08,87.78,10,Fully Paid,South
37400.0,60,26.65,789.45,B,B2,7,MORTGAGE,59700.0,debt_consolidation,39.62,0,8,0,18594.43,60.27,14,Fully Paid,West
25600.0,60,19.59,510.25,B,B5,5,RENT,104300.0,debt_consolidation,25.25,1,22,0,4075.28,94.42,26,Fully Paid,West
37400.0,36,14.15,1185.89,E,E4,9,MORTGAGE,52200.0,credit_card,31.74,2,3,0,42221.51,23.26,6,Fully Paid,Northeast
30500.0,36,21.32,1027.85,E,E5,5,RENT,49400.0,debt_consolidation,0.58,0,3,0,33901.34,92.43,6,Fully Paid,Midwest
5000.0,60,12.64,93.87,B,B5,9,MORTGAGE,72900.0,debt_consolidation,35.21,0,9,0,33521.95,22.17,10,Fully Paid,South
10000.0,36,10.96,308.22,F,F5,9,MORTGAGE,56900.0,debt_consolidation,38.16,1,17,0,9683.94,52.64,20,Charged Off,South
16400.0,36,17.2,533.91,F,F2,8,MORTGAGE,44600.0,debt_consolidation,23.01,0,4,0,33179.83,79.6,10,Fully Paid,West
7600.0,36,10.4,233.07,B,B5,10,MORTGAGE,70100.0,credit_card,30.15,1,24,1,11601.53,80.16,36,Fully Paid,West
20300.0,60,17.09,396.15,B,B3,2,OWN,39100.0,debt_consolidation,20.51,0,23,0,34376.73,27.82,24,Charged Off,Midwest
19400.0,36,28.92,694.74,C,C3,3,MORTGAGE,39900.0,major_purchase,11.45,2,7,0,16676.52,98.59,21,Fully Paid,Northeast
38300.0,36,25.99,1340.39,F,F4,2,MORTGAGE,41600.0,other,34.09,0,20,0,7875.69,8.06,30,Charged Off,Midwest
17900.0,36,28.54,639.13,E,E1,2,RENT,106600.0,debt_consolidation,23.87,0,23,1,45313.22,3.48,29,Fully Paid,South
31600.0,60,25.16,659.18,A,A5,0,RENT,10800.0,major_purchase,23.18,0,14,0,5232.52,84.15,22,Charged Off,Northeast
37700.0,36,13.87,1192.47,B,B5,9,MORTGAGE,66000.0,other,26.37,0,5,0,38089.39,81.9,14,Fully Paid,West
35200.0,36,25.3,1225.16,C,C2,5,RENT,55100.0,home_improvement,34.24,2,18,0,5088.78,71.28,31,Fully Paid,West
9100.0,36,28.07,323.73,C,C1,8,MORTGAGE,23400.0,other,29.28,1,10,0,34235.98,85.08,12,Fully Paid,South
20300.0,60,28.68,435.37,B,B1,4,OWN,63300.0,debt_consolidation,8.44,0,4,0,5519.28,13.76,11,Charged Off,Midwest
14600.0,60,22.08,297.06,E,E5,9,RENT,68700.0,small_business,18.67,0,2,0,25441.22,9.57,6,Charged Off,Northeast
16600.0,36,10.28,508.51,D,D5,1,RENT,72800.0,home_improvement,39.21,0,2,0,9399.78,96.94,11,Fully Paid,Midwest
15100.0,36,5.99,444.57,E,E5,9,MORTGAGE,14400.0,debt_consolidation,22.18,0,18,0,43329.08,62.42,27,Fully Paid,Midwest
33200.0,60,8.68,601.36,E,E1,3,MORTGAGE,107300.0,home_improvement,37.53,1,14,0,20074.23,91.98,23,Fully Paid,Midwest
18600.0,36,29.14,667.22,D,D3,5,RENT,37500.0,credit_card,32.53,0,6,0,771.32,90.64,9,Fully Paid,West
21400.0,60,16.55,415.7,C,C2,6,MORTGAGE,76400.0,debt_consolidation,26.64,0,20,0,31408.06,65.31,31,Fully Paid,South
39300.0,36,26.37,1379.54,C,C3,6,MORTGAGE,78500.0,debt_consolidation,13.97,0,11,0,22256.96,62.85,23,Fully Paid,Northeast
3300.0,36,16.63,106.91,A,A5,3,MORTGAGE,34900.0,home_improvement,12.17,0,10,0,42986.96,35.99,20,Fully Paid,Northeast
20000.0,60,21.52,405.07,D,D1,9,MORTGAGE,75400.0,home_improvement,25.74,0,7,1,21657.21,14.91,14,Fully Paid,South
31200.0,36,5.6,915.2,A,A3,9,RENT,44700.0,credit_card,17.3,0,22,0,20557.02,68.66,31,Fully Paid,Northeast
6900.0,36,11.25,213.23,D,D1,4,OWN,19200.0,credit_card,31.95,0,18,1,22704.66,81.79,18,Fully Paid,Northeast
24800.0,36,15.91,798.49,B,B5,3,RENT,97100.0,debt_consolidation,30.42,0,23,0,42992.7,54.46,37,Fully Paid,Midwest
10300.0,60,20.77,207.32,A,A3,9,RENT,36800.0,debt_consolidation,12.49,0,22,0,29341.13,5.09,28,Fully Paid,Midwest
34800.0,36,9.29,1056.47,A,A1,5,RENT,35300.0,small_business,28.11,1,8,0,33468.12,14.49,16,Fully Paid,South
13800.0,36,24.11,475.75,A,A4,10,RENT,44300.0,small_business,19.78,0,17,0,36020.54,10.2,31,Fully Paid,Northeast
13800.0,60,14.11,262.45,D,D3,6,MORTGAGE,62100.0,home_improvement,12.93,0,20,0,46875.78,65.78,26,Fully Paid,South
24300.0,36,25.44,846.72,D,D2,1,RENT,52600.0,other,16.52,0,6,0,41876.03,56.48,14,Fully Paid,South
8200.0,36,7.45,244.75,C,C1,9,MORTGAGE,71300.0,small_business,35.81,1,23,0,46364.21,46.65,29,Charged Off,South
12100.0,36,21.99,410.02,A,A5,2,MORTGAGE,27700.0,debt_consolidation,14.38,0,19,0,17165.25,54.34,30,Fully Paid,South
17200.0,60,12.33,322.01,A,A5,10,MORTGAGE,37400.0,debt_consolidation,11.5,0,8,0,10742.0,27.6,20,Fully Paid,Midwest
14800.0,36,24.88,513.4,A,A3,7,MORTGAGE,51100.0,debt_consolidation,14.07,0,6,0,10169.48,80.47,7,Fully Paid,West
21500.0,36,15.05,687.1,A,A5,6,MORTGAGE,139900.0,credit_card,8.58,0,9,0,42890.05,32.85,13,Fully Paid,South
24400.0,36,21.63,824.38,E,E4,0,RENT,51200.0,major_purchase,21.79,0,10,0,41529.56,64.43,13,Charged Off,Northeast
23100.0,60,28.36,494.19,B,B2,3,MORTGAGE,93200.0,debt_consolidation,5.9,0,23,0,32520.58,39.09,32,Fully Paid,West
26500.0,60,5.52,466.05,B,B3,4,RENT,55200.0,small_business,32.7,0,21,0,3147.12,7.22,28,Fully Paid,Midwest
13000.0,36,5.28,380.18,A,A3,2,MORTGAGE,42500.0,credit_card,9.02,0,5,0,15902.41,25.7,14,Fully Paid,West
5900.0,36,24.26,203.65,B,B5,3,RENT,47900.0,home_improvement,23.92,0,4,0,36710.06,96.51,17,Fully Paid,West
30700.0,60,21.16,619.94,C,C1,9,MORTGAGE,49800.0,debt_consolidation,5.0,0,13,0,12428.44,19.05,25,Charged Off,Midwest
34200.0,36,12.32,1067.04,C,C5,9,RENT,73300.0,debt_consolidation,39.14,0,10,0,31202.95,10.49,18,Charged Off,South
11000.0,60,17.36,215.16,B,B1,9,RENT,107700.0,credit_card,18.18,0,11,0,27137.06,29.12,19,Fully Paid,West
16900.0,36,6.05,497.85,A,A5,6,MORTGAGE,64900.0,small_business,32.89,0,12,0,13133.62,87.79,25,Fully Paid,Midwest
20400.0,36,9.81,622.26,B,B1,7,MORTGAGE,98100.0,small_business,30.75,1,17,0,46716.9,30.6,19,Fully Paid,Midwest
21800.0,36,15.61,700.08,B,B1,8,RENT,33400.0,home_improvement,28.55,2,12,0,12836.95,41.74,14,Fully Paid,West
26700.0,60,25.85,560.03,B,B4,1,MORTGAGE,44000.0,debt_consolidation,33.09,1,23,0,44739.56,31.01,27,Fully Paid,Midwest
2600.0,36,16.99,84.49,F,F4,3,RENT,37700.0,debt_consolidation,4.02,0,9,1,27046.6,98.9,23,Fully Paid,West
29100.0,36,19.66,967.25,C,C4,0,MORTGAGE,63400.0,small_business,27.14,1,15,0,4591.4,99.99,28,Fully Paid,West
3400.0,36,26.84,119.79,C,C5,2,MORTGAGE,45300.0,debt_consolidation,10.63,0,3,0,41681.24,48.28,4,Fully Paid,Midwest
19300.0,36,12.72,604.3,C,C2,7,RENT,78000.0,home_improvement,31.43,0,5,0,39571.6,78.48,16,Charged Off,Midwest
33300.0,36,22.52,1133.31,C,C4,6,OWN,34000.0,credit_card,38.27,1,16,1,41548.73,22.01,19,Fully Paid,Midwest
18600.0,36,26.54,653.79,C,C3,7,RENT,55400.0,debt_consolidation,36.06,0,19,0,31907.43,37.43,21,Fully Paid,West
6800.0,60,10.07,124.75,D,D2,10,RENT,76400.0,debt_consolidation,4.6,0,12,0,35580.78,67.93,22,Fully Paid,Northeast
39400.0,36,13.91,1246.68,D,D3,5,MORTGAGE,19300.0,other,14.78,1,20,1,45352.9,28.63,31,Fully Paid,Midwest
35700.0,60,29.5,770.52,A,A4,4,MORTGAGE,156500.0,small_business,14.57,0,19,0,6384.92,22.47,24,Fully Paid,Midwest
31100.0,36,29.58,1119.43,C,C3,9,MORTGAGE,47000.0,small_business,4.89,0,10,0,4151.89,92.22,10,Fully Paid,South
17000.0,36,10.58,522.18,C,C5,8,RENT,19700.0,debt_consolidation,3.93,0,23,0,6253.78,24.43,27,Charged Off,Midwest
8200.0,36,6.66,242.95,E,E3,4,OWN,58600.0,debt_consolidation,15.4,0,24,0,43503.58,5.93,34,Charged Off,West
37700.0,60,11.77,702.29,D,D2,8,OWN,55100.0,other,39.68,0,6,0,28146.71,75.11,16,Fully Paid,Midwest
21800.0,60,14.94,417.62,C,C4,3,MORTGAGE,52000.0,debt_consolidation,22.76,0,11,0,8803.26,24.33,14,Fully Paid,South
34200.0,36,16.03,1102.28,A,A3,4,RENT,88900.0,credit_card,24.87,1,18,0,7085.6,45.02,18,Fully Paid,Northeast
14300.0,60,20.47,287.12,C,C3,0,MORTGAGE,78700.0,debt_consolidation,18.84,0,21,1,22271.18,11.16,24,Charged Off,Northeast
14100.0,36,27.49,499.34,A,A3,5,OWN,62900.0,credit_card,26.49,0,14,0,40786.7,6.85,28,Fully Paid,Midwest
39400.0,36,13.26,1239.57,B,B3,2,MORTGAGE,67900.0,debt_consolidation,38.27,1,5,0,40258.84,46.04,11,Fully Paid,Northeast
21400.0,36,26.25,750.49,A,A2,10,RENT,51400.0,small_business,23.55,0,15,0,42562.65,33.71,17,Fully Paid,West
6500.0,36,7.34,193.81,D,D1,9,MORTGAGE,131600.0,other,2.6,0,9,0,38447.24,50.59,22,Fully Paid,Northeast
9600.0,36,6.05,282.8,B,B5,1,MORTGAGE,25900.0,debt_consolidation,19.72,1,22,0,3080.99,96.58,33,Charged Off,West
19800.0,60,17.6,388.08,B,B4,5,MORTGAGE,58100.0,debt_consolidation,39.71,1,16,0,36008.35,40.74,20,Fully Paid,Northeast
2700.0,36,6.49,79.87,E,E1,0,MORTGAGE,56000.0,home_improvement,15.5,1,4,0,25948.06,60.27,11,Fully Paid,Northeast
19000.0,60,14.81,363.56,B,B5,8,RENT,81400.0,debt_consolidation,23.76,0,18,0,36320.61,9.76,32,Fully Paid,West
17300.0,36,27.42,612.32,C,C3,4,RENT,35500.0,other,4.27,0,16,0,24214.14,88.59,26,Charged Off,West
31400.0,36,11.04,968.52,C,C1,6,MORTGAGE,22700.0,debt_consolidation,5.65,0,2,0,24176.95,80.59,4,Fully Paid,Midwest
14800.0,60,22.65,302.54,A,A5,10,RENT,58600.0,debt_consolidation,34.99,0,6,0,6306.73,52.24,8,Fully Paid,West
39300.0,60,12.56,737.27,E,E5,9,MORTGAGE,62400.0,home_improvement,12.01,2,9,0,45261.26,18.34,19,Charged Off,Midwest
8100.0,60,6.12,143.26,A,A1,8,MORTGAGE,114100.0,major_purchase,12.22,0,10,0,18731.09,42.59,17,Fully Paid,South
24000.0,36,18.92,792.8,C,C3,8,RENT,28700.0,credit_card,15.49,1,3,0,29118.7,29.74,5,Fully Paid,West
4500.0,60,25.87,94.4,C,C3,6,MORTGAGE,96500.0,debt_consolidation,38.66,2,6,0,10357.81,99.45,7,Charged Off,Midwest
29600.0,60,15.24,568.52,D,D4,3,MORTGAGE,177000.0,debt_consolidation,3.38,0,5,0,18444.44,49.08,6,Fully Paid,Midwest
39800.0,36,20.43,1331.42,D,D5,3,MORTGAGE,44900.0,debt_consolidation,32.75,0,13,0,43528.87,42.22,24,Charged Off,Northeast
32900.0,36,27.5,1165.21,B,B4,6,MORTGAGE,28400.0,debt_consolidation,13.66,1,20,0,10479.97,16.91,27,Fully Paid,West
22700.0,36,24.74,786.56,A,A3,7,RENT,44200.0,small_business,33.98,0,3,0,10305.28,23.91,8,Fully Paid,Northeast
19900.0,36,9.85,607.23,D,D5,6,MORTGAGE,54600.0,debt_consolidation,39.67,0,17,0,13024.96,71.16,26,Fully Paid,Midwest
33600.0,36,23.33,1151.08,C,C4,10,OWN,71800.0,debt_consolidation,13.95,0,3,0,28733.05,53.49,5,Fully Paid,West
37500.0,60,17.55,734.69,E,E4,9,MORTGAGE,40300.0,home_improvement,5.17,1,22,1,26034.41,35.8,32,Charged Off,Midwest
39600.0,36,23.65,1360.15,E,E4,3,RENT,117900.0,debt_consolidation,5.78,0,11,0,8766.1,29.7,21,Charged Off,Northeast
16500.0,60,17.36,322.74,E,E5,3,RENT,31000.0,small_business,30.35,2,11,1,34598.45,20.07,20,Fully Paid,Midwest
39600.0,36,8.2,1190.2,C,C2,7,MORTGAGE,22700.0,home_improvement,5.8,0,18,0,45377.0,3.39,27,Fully Paid,Midwest
7100.0,36,19.25,235.19,B,B2,8,RENT,94200.0,debt_consolidation,10.42,0,13,0,9941.44,97.71,26,Fully Paid,Northeast
10900.0,36,17.3,355.16,E,E3,6,MORTGAGE,17400.0,small_business,8.18,0,8,0,33647.69,75.31,8,Fully Paid,West
4500.0,36,17.95,147.44,C,C5,2,RENT,48900.0,credit_card,14.23,0,10,0,29319.23,92.79,20,Fully Paid,Northeast
11600.0,60,26.97,245.48,B,B5,9,RENT,257500.0,home_improvement,2.97,0,15,1,16446.95,41.26,20,Fully Paid,West
30900.0,60,27.37,655.96,E,E1,0,RENT,53900.0,small_business,34.27,3,19,0,30891.53,86.94,32,Charged Off,West
34300.0,36,16.34,1108.46,E,E4,4,RENT,30900.0,small_business,34.41,0,11,0,10495.44,25.62,25,Charged Off,South
31400.0,60,16.39,609.11,C,C3,5,MORTGAGE,52600.0,debt_consolidation,16.52,0,17,0,41697.74,50.98,25,Fully Paid,Midwest
25600.0,36,17.88,838.26,A,A5,10,OWN,52800.0,debt_consolidation,24.48,0,2,0,1110.6,20.25,7,Charged Off,West
21000.0,36,17.99,688.28,B,B1,8,RENT,58700.0,debt_consolidation,25.68,0,10,0,28353.15,77.03,10,Fully Paid,West
28600.0,36,28.76,1022.93,E,E1,4,RENT,75400.0,major_purchase,29.97,1,14,0,15939.01,49.76,19,Fully Paid,Northeast
16200.0,36,21.24,545.58,F,F5,0,RENT,32200.0,other,20.83,0,17,0,44068.04,53.63,30,Fully Paid,West
33800.0,36,11.94,1050.99,B,B3,10,RENT,126000.0,debt_consolidation,20.41,0,17,0,24968.31,85.95,31,Fully Paid,West
27400.0,36,18.29,900.32,A,A3,10,MORTGAGE,61200.0,debt_consolidation,25.25,0,3,0,40124.4,73.92,11,Charged Off,Northeast
28200.0,36,20.68,945.33,E,E2,3,MORTGAGE,77900.0,major_purchase,28.12,0,10,0,46191.02,96.63,15,Fully Paid,West
21900.0,60,20.99,441.61,B,B2,1,MORTGAGE,39600.0,debt_consolidation,13.87,0,14,0,16717.48,40.53,16,Fully Paid,Midwest
35500.0,36,19.63,1179.68,C,C3,3,MORTGAGE,103100.0,debt_consolidation,13.21,0,9,0,44017.09,46.15,10,Fully Paid,Midwest
10800.0,36,9.44,328.32,G,G1,6,MORTGAGE,47600.0,debt_consolidation,10.79,0,24,0,36313.95,61.53,34,Charged Off,Northeast
15900.0,36,5.84,467.46,A,A2,8,OWN,62200.0,debt_consolidation,21.95,0,12,0,5408.72,45.33,19,Fully Paid,West
31300.0,60,13.45,591.83,D,D1,2,OWN,34000.0,other,14.41,0,18,0,5196.0,41.96,19,Fully Paid,Midwest
20200.0,60,15.69,389.49,A,A2,2,MORTGAGE,32900.0,other,21.61,0,21,0,40867.27,34.06,27,Fully Paid,South
35700.0,60,6.55,633.97,B,B1,10,MORTGAGE,76400.0,debt_consolidation,16.24,0,12,0,23415.8,83.19,25,Fully Paid,Northeast
14500.0,36,25.37,504.96,E,E4,3,RENT,43400.0,other,33.47,0,12,0,24757.51,53.35,14,Fully Paid,Northeast
15400.0,36,13.6,485.96,C,C5,6,MORTGAGE,35400.0,debt_consolidation,2.93,1,17,0,44562.33,60.74,31,Fully Paid,Midwest
35700.0,60,27.84,760.65,G,G3,5,MORTGAGE,39300.0,small_business,22.89,0,8,0,45190.17,20.41,20,Charged Off,Northeast
19100.0,36,8.86,577.56,C,C4,4,MORTGAGE,76800.0,debt_consolidation,23.02,0,23,0,5635.3,25.18,37,Fully Paid,West
21100.0,36,6.42,623.74,B,B3,3,RENT,39600.0,major_purchase,15.35,0,2,0,18682.42,33.98,6,Fully Paid,Midwest
14000.0,36,17.06,455.23,B,B1,7,MORTGAGE,51100.0,debt_consolidation,16.84,0,24,1,44761.34,46.54,34,Fully Paid,South
11800.0,36,9.73,359.67,B,B2,3,MORTGAGE,54600.0,debt_consolidation,32.01,0,16,0,40992.72,4.39,18,Fully Paid,West
26600.0,36,28.43,948.96,B,B2,2,RENT,20800.0,other,11.23,0,19,0,36050.44,88.84,33,Fully Paid,South
5700.0,36,5.26,166.66,A,A2,6,MORTGAGE,26000.0,debt_consolidation,34.86,2,15,0,5098.36,90.37,17,Fully Paid,South
35300.0,36,15.32,1130.78,B,B5,1,MORTGAGE,64100.0,other,35.85,0,14,0,31059.73,66.17,26,Fully Paid,Northeast
31400.0,36,28.17,1117.93,C,C5,3,RENT,37500.0,debt_consolidation,26.02,0,3,0,29092.57,31.61,17,Fully Paid,South
8400.0,60,14.61,160.45,D,D3,7,MORTGAGE,91900.0,debt_consolidation,30.91,0,21,0,8358.35,38.53,27,Fully Paid,West
28100.0,36,7.33,837.77,D,D2,3,RENT,87900.0,small_business,24.52,0,23,0,38692.94,73.41,29,Fully Paid,Midwest
24500.0,36,12.57,766.1,D,D4,9,MORTGAGE,77600.0,credit_card,21.01,0,12,0,15598.85,28.63,18,Fully Paid,Midwest
8200.0,36,17.45,267.53,A,A3,6,MORTGAGE,134600.0,debt_consolidation,38.67,0,20,0,31031.29,60.89,30,Fully Paid,South
11700.0,36,9.63,356.3,B,B5,1,OWN,52000.0,debt_consolidation,11.31,0,23,0,18091.77,90.63,34,Fully Paid,South
17000.0,36,16.66,550.89,D,D5,10,OWN,74900.0,credit_card,6.17,0,7,0,4219.76,41.04,18,Fully Paid,Midwest
28300.0,36,25.91,989.79,C,C2,4,MORTGAGE,40400.0,debt_consolidation,11.5,0,18,0,26239.74,58.7,21,Fully Paid,South
25900.0,36,26.82,912.4,A,A5,3,MORTGAGE,184600.0,credit_card,24.59,1,23,0,15332.16,92.86,33,Fully Paid,West
21800.0,36,6.23,643.28,E,E1,8,RENT,146100.0,credit_card,7.41,0,2,0,3565.65,34.06,15,Fully Paid,South
31000.0,60,9.02,563.27,D,D5,6,MORTGAGE,54500.0,credit_card,36.35,0,21,0,9925.45,75.96,28,Fully Paid,South
30600.0,36,11.88,950.98,C,C2,8,RENT,65700.0,other,16.44,2,6,0,30942.79,75.51,14,Fully Paid,West
25100.0,36,19.87,835.76,A,A3,10,RENT,106900.0,home_improvement,34.0,0,2,1,5069.1,92.85,2,Fully Paid,Midwest
31700.0,36,14.02,1004.01,D,D5,9,MORTGAGE,50300.0,debt_consolidation,9.97,1,14,0,4373.32,85.86,20,Fully Paid,Midwest
14000.0,60,26.1,294.23,C,C4,6,MORTGAGE,39000.0,debt_consolidation,12.53,1,2,0,47201.08,74.88,9,Fully Paid,South
35400.0,36,22.92,1208.71,E,E4,1,MORTGAGE,83900.0,credit_card,2.37,1,13,0,5376.17,63.65,14,Fully Paid,Midwest
25000.0,60,7.51,447.96,D,D1,1,RENT,56300.0,debt_consolidation,10.31,0,10,0,18802.99,24.12,15,Fully Paid,West
33100.0,36,20.61,1108.94,E,E3,1,RENT,59400.0,debt_consolidation,19.61,0,23,0,6670.54,67.06,34,Charged Off,South
22300.0,36,7.83,667.95,C,C1,4,MORTGAGE,35700.0,small_business,37.85,0,14,0,46963.45,27.64,18,Fully Paid,South
9500.0,36,11.38,293.92,A,A1,0,RENT,23000.0,small_business,15.56,0,11,1,24058.07,44.0,14,Fully Paid,South
22200.0,36,9.45,674.94,D,D2,6,RENT,61000.0,credit_card,25.59,0,17,1,5555.96,70.97,20,Fully Paid,Northeast
15500.0,36,9.33,470.73,D,D2,1,MORTGAGE,85200.0,credit_card,17.11,0,7,0,38440.82,67.49,16,Fully Paid,Northeast
28200.0,36,20.41,943.21,D,D2,3,MORTGAGE,48400.0,debt_consolidation,1.87,0,22,0,39039.33,40.12,27,Fully Paid,West
19600.0,36,19.09,648.38,A,A4,8,RENT,111100.0,credit_card,20.14,0,23,0,45059.97,18.27,34,Fully Paid,South
33600.0,36,9.4,1021.07,B,B5,7,RENT,38100.0,major_purchase,2.64,0,9,0,35282.77,48.41,9,Fully Paid,West
27400.0,36,29.75,987.54,E,E3,9,MORTGAGE,32000.0,home_improvement,35.35,1,24,1,2735.81,27.0,36,Charged Off,Northeast
27700.0,60,15.55,533.46,D,D2,1,MORTGAGE,52400.0,debt_consolidation,30.12,1,8,0,27515.58,25.54,8,Fully Paid,South
9500.0,60,7.43,170.1,F,F3,3,RENT,52000.0,home_improvement,15.15,0,14,0,19201.99,32.68,17,Fully Paid,Northeast
39400.0,36,8.01,1182.11,D,D1,3,MORTGAGE,79600.0,home_improvement,25.61,1,18,0,37429.05,70.62,20,Fully Paid,South
33800.0,60,19.6,673.75,C,C5,1,RENT,36800.0,debt_consolidation,4.48,0,13,1,29546.45,49.73,17,Fully Paid,West
31800.0,36,29.48,1143.74,D,D4,1,MORTGAGE,107400.0,debt_consolidation,28.1,1,12,0,36260.03,37.32,24,Fully Paid,West
13900.0,36,19.3,460.63,E,E3,4,RENT,144900.0,major_purchase,32.91,0,7,0,9022.2,90.06,16,Fully Paid,West
21900.0,36,28.73,783.11,C,C5,10,MORTGAGE,53100.0,credit_card,32.87,0,16,1,21853.55,70.68,25,Fully Paid,Northeast
6300.0,36,16.1,203.18,D,D3,3,OWN,101200.0,major_purchase,11.37,1,6,0,21605.22,49.47,18,Fully Paid,West
22000.0,36,15.9,708.28,A,A1,7,OWN,31900.0,debt_consolidation,10.55,0,17,0,49048.73,42.13,21,Fully Paid,Midwest
6700.0,36,17.5,218.68,C,C2,3,MORTGAGE,92700.0,debt_consolidation,20.86,0,12,0,955.51,81.89,25,Fully Paid,Midwest
22600.0,36,22.44,768.65,D,D1,7,OWN,91500.0,debt_consolidation,38.71,0,11,0,40802.15,17.29,11,Fully Paid,West
26300.0,36,14.19,834.22,B,B3,4,MORTGAGE,83400.0,credit_card,36.82,0,9,0,4855.58,66.42,20,Fully Paid,West
16200.0,60,26.6,341.82,B,B4,0,RENT,53800.0,credit_card,14.39,0,6,0,4018.9,2.1,20,Fully Paid,Northeast
20400.0,60,5.73,359.48,B,B3,8,RENT,12400.0,small_business,31.19,0,11,0,16408.82,0.7,15,Charged Off,South
35200.0,36,15.99,1134.12,B,B4,7,OWN,39300.0,home_improvement,36.85,0,11,0,35038.34,93.18,16,Fully Paid,Northeast
5200.0,36,17.77,170.11,B,B4,0,OWN,39600.0,other,10.44,0,2,0,33922.32,51.4,12,Fully Paid,Northeast
31900.0,36,20.18,1064.93,C,C3,2,OWN,33200.0,debt_consolidation,33.21,0,14,0,31394.03,31.51,17,Fully Paid,West
7700.0,36,11.9,239.34,F,F3,2,MORTGAGE,57600.0,debt_consolidation,10.72,0,21,0,38727.56,79.47,33,Charged Off,Midwest
2400.0,36,15.69,77.13,C,C4,4,MORTGAGE,43900.0,debt_consolidation,13.73,1,24,0,11618.9,98.48,37,Fully Paid,Midwest
8200.0,36,17.11,266.75,B,B3,6,MORTGAGE,35900.0,credit_card,7.95,0,19,0,31692.22,3.44,28,Fully Paid,Midwest
30800.0,36,22.17,1045.23,A,A5,0,OWN,31900.0,debt_consolidation,20.28,0,24,0,31901.88,3.8,25,Fully Paid,Northeast
16800.0,36,24.34,580.25,D,D4,0,RENT,37900.0,home_improvement,33.73,0,6,0,32716.78,85.48,15,Fully Paid,Midwest
35000.0,60,23.45,720.12,B,B4,9,RENT,94900.0,debt_consolidation,21.12,1,17,0,29722.68,55.67,27,Fully Paid,Midwest
21500.0,60,13.54,406.85,E,E3,5,MORTGAGE,38900.0,debt_consolidation,4.94,0,7,0,11076.14,88.27,15,Fully Paid,West
1900.0,36,29.99,68.61,D,D1,4,RENT,41900.0,credit_card,10.07,0,23,0,45714.94,69.46,34,Fully Paid,Midwest
29000.0,36,26.22,1016.77,E,E5,2,RENT,43100.0,debt_consolidation,22.51,0,22,0,48800.23,47.06,30,Fully Paid,South
5300.0,60,11.5,98.49,B,B3,2,RENT,64200.0,major_purchase,23.33,0,11,0,34459.34,16.13,19,Fully Paid,West
31800.0,36,9.88,970.61,D,D2,3,OWN,68100.0,small_business,23.08,1,8,0,22203.99,38.99,16,Fully Paid,South
7600.0,36,12.85,238.24,B,B5,10,OWN,11800.0,debt_consolidation,3.08,0,21,0,26859.54,78.71,30,Fully Paid,Northeast
14500.0,36,16.31,468.47,F,F2,9,RENT,90300.0,major_purchase,30.15,1,17,0,5418.58,23.39,23,Fully Paid,Midwest
30700.0,36,26.27,1076.8,D,D5,1,OWN,111100.0,credit_card,36.38,1,2,1,18169.79,71.24,13,Fully Paid,Northeast
38200.0,60,24.46,792.4,B,B4,8,RENT,32000.0,credit_card,20.42,0,8,1,48806.72,24.73,9,Fully Paid,Northeast
15500.0,36,26.28,543.71,B,B5,3,MORTGAGE,33300.0,debt_consolidation,28.75,0,13,0,27386.11,46.35,19,Charged Off,Midwest
33300.0,36,11.8,1034.15,B,B3,9,MORTGAGE,43300.0,home_improvement,36.56,0,24,0,28031.38,8.54,24,Fully Paid,West
8400.0,36,19.84,279.63,D,D2,2,MORTGAGE,37100.0,debt_consolidation,25.7,0,16,0,47698.99,45.5,21,Fully Paid,Northeast
32500.0,36,12.08,1011.83,B,B1,9,OWN,60600.0,debt_consolidation,26.97,1,3,0,44317.71,61.27,8,Fully Paid,Midwest
26600.0,36,7.73,796.0,C,C2,10,RENT,20500.0,debt_consolidation,28.86,0,19,0,28435.82,56.33,23,Charged Off,Midwest
8500.0,60,22.1,172.98,B,B4,6,MORTGAGE,31000.0,credit_card,10.42,1,5,0,13449.54,40.65,11,Fully Paid,South
12800.0,36,8.57,386.03,D,D4,8,RENT,117000.0,credit_card,23.31,0,14,0,5846.57,36.97,16,Fully Paid,Northeast
6100.0,36,21.69,206.2,E,E1,1,RENT,34100.0,small_business,33.69,0,24,0,43182.57,27.54,30,Fully Paid,Northeast
15900.0,36,21.2,535.3,D,D5,5,MORTGAGE,100900.0,home_improvement,11.85,0,10,0,46004.58,76.71,15,Fully Paid,Midwest
8900.0,36,25.26,309.67,D,D5,4,MORTGAGE,64700.0,other,35.89,2,5,1,24714.25,78.26,18,Fully Paid,South
26100.0,36,8.49,786.55,B,B4,0,MORTGAGE,21900.0,major_purchase,24.82,0,10,0,4727.43,48.3,23,Fully Paid,West
39800.0,36,24.59,1377.41,A,A1,10,MORTGAGE,74400.0,debt_consolidation,16.93,0,24,0,30311.24,38.26,26,Fully Paid,South
1500.0,36,29.98,54.16,D,D4,6,MORTGAGE,51100.0,credit_card,24.93,2,2,0,18373.07,63.74,7,Fully Paid,Northeast
22100.0,36,26.28,775.22,B,B2,0,MORTGAGE,43100.0,credit_card,16.07,0,9,0,7893.03,55.77,23,Fully Paid,South
23400.0,36,23.8,804.7,C,C5,9,RENT,61200.0,credit_card,33.52,0,2,0,45957.17,66.73,2,Fully Paid,Northeast
36700.0,60,21.55,743.48,A,A2,8,MORTGAGE,68700.0,credit_card,19.29,1,17,0,11972.45,30.6,18,Fully Paid,West
20700.0,36,15.54,664.36,B,B2,3,MORTGAGE,77200.0,home_improvement,36.05,0,16,0,35558.08,78.83,27,Fully Paid,Northeast
22200.0,36,23.26,760.1,A,A3,7,RENT,97600.0,debt_consolidation,20.39,1,16,0,21468.89,31.67,25,Fully Paid,West
19400.0,36,23.1,663.37,E,E5,0,OWN,66400.0,home_improvement,26.41,0,6,1,41396.04,41.87,9,Fully Paid,West
11500.0,36,20.79,385.86,B,B4,4,RENT,27200.0,debt_consolidation,39.91,1,20,0,35041.75,13.24,32,Fully Paid,West
3200.0,36,24.91,111.03,C,C4,2,MORTGAGE,42800.0,debt_consolidation,5.88,0,12,0,6158.0,85.54,23,Fully Paid,South
16900.0,36,16.22,545.59,A,A2,3,MORTGAGE,236000.0,credit_card,29.47,0,20,0,22480.59,64.43,31,Fully Paid,West
3100.0,36,8.03,93.03,D,D1,3,RENT,77800.0,credit_card,5.55,0,22,0,12989.43,23.53,26,Fully Paid,Midwest
22500.0,36,18.98,743.62,B,B3,7,RENT,177100.0,debt_consolidation,33.55,0,4,0,35679.22,85.17,6,Fully Paid,Northeast
13000.0,36,11.63,403.11,E,E3,9,MORTGAGE,108800.0,credit_card,23.86,0,23,0,27234.44,70.48,34,Fully Paid,Northeast
21800.0,36,14.61,694.03,E,E2,9,MORTGAGE,61100.0,credit_card,37.53,0,23,0,17009.06,44.22,35,Fully Paid,Northeast
6200.0,36,5.44,181.59,B,B3,2,OWN,63000.0,debt_consolidation,34.64,0,5,0,16473.01,98.98,8,Fully Paid,Northeast
37400.0,36,14.57,1190.25,F,F3,0,OWN,53200.0,home_improvement,2.99,0,22,0,5724.35,33.72,23,Charged Off,West
35900.0,60,25.22,749.23,G,G2,4,RENT,22700.0,debt_consolidation,5.49,0,17,1,10691.09,9.95,24,Charged Off,South
8400.0,60,18.57,166.0,E,E4,1,RENT,54700.0,major_purchase,24.05,0,13,1,35673.31,73.35,17,Charged Off,South
14400.0,36,5.25,421.0,E,E2,10,MORTGAGE,99200.0,debt_consolidation,20.73,0,8,0,30495.22,75.7,8,Fully Paid,South
24900.0,36,16.75,807.52,B,B2,5,OWN,40100.0,credit_card,6.74,0,2,0,17779.8,5.9,15,Fully Paid,South
4700.0,36,12.29,146.6,C,C5,3,RENT,66600.0,small_business,5.17,0,12,0,41805.78,81.94,26,Fully Paid,Northeast
14800.0,36,16.94,480.75,A,A4,8,MORTGAGE,82900.0,major_purchase,22.56,0,16,0,24220.64,77.59,19,Fully Paid,Midwest
10800.0,36,15.12,345.36,A,A2,6,RENT,34400.0,major_purchase,1.96,0,20,0,39721.71,92.96,31,Fully Paid,Midwest
36700.0,36,28.3,1307.95,G,G5,1,MORTGAGE,43200.0,debt_consolidation,34.95,0,24,0,39059.01,11.85,33,Charged Off,South
34200.0,60,6.03,604.37,B,B3,6,RENT,32600.0,debt_consolidation,32.28,0,16,0,42399.95,60.08,17,Fully Paid,Northeast
23600.0,36,22.09,800.37,D,D1,9,RENT,35900.0,credit_card,31.41,0,10,1,42488.59,21.94,18,Fully Paid,West
21300.0,36,26.28,747.16,E,E4,7,RENT,28500.0,debt_consolidation,0.64,1,14,0,33953.13,39.94,18,Fully Paid,South
37300.0,60,28.98,801.83,E,E5,2,RENT,34500.0,other,1.91,0,19,0,37471.17,26.51,24,Charged Off,West
37400.0,36,9.44,1136.96,G,G4,2,RENT,110200.0,debt_consolidation,21.99,0,24,0,38845.36,44.93,32,Fully Paid,West
38800.0,36,18.28,1274.8,B,B5,10,OWN,34300.0,debt_consolidation,39.78,1,18,0,8457.97,11.29,32,Fully Paid,West
5900.0,36,6.09,173.87,A,A3,1,MORTGAGE,57700.0,credit_card,13.69,0,6,0,15012.24,30.35,14,Fully Paid,Midwest
7300.0,36,17.48,238.22,C,C3,0,RENT,42100.0,major_purchase,13.77,0,17,0,5211.99,7.09,19,Fully Paid,South
27400.0,36,8.14,823.07,A,A1,2,OWN,97700.0,debt_consolidation,5.37,0,8,0,9468.57,49.18,21,Fully Paid,Northeast
22100.0,36,25.95,773.19,A,A3,9,MORTGAGE,104400.0,other,26.97,0,22,0,38914.36,29.67,30,Fully Paid,Northeast
1700.0,36,7.85,50.93,B,B3,10,RENT,83500.0,credit_card,25.87,0,6,0,47355.52,59.03,9,Fully Paid,Northeast
3400.0,36,17.83,111.28,E,E1,6,MORTGAGE,63100.0,small_business,4.05,1,23,0,33681.77,45.64,23,Fully Paid,South
35600.0,36,18.03,1167.19,C,C4,10,RENT,48300.0,credit_card,18.7,0,12,0,44302.39,24.39,26,Fully Paid,Midwest
34900.0,60,29.29,752.04,B,B3,8,RENT,29900.0,major_purchase,26.68,0,17,0,15898.83,10.29,31,Fully Paid,West
14900.0,36,21.37,502.34,D,D4,8,OWN,143200.0,debt_consolidation,19.74,1,23,0,42289.78,75.33,36,Fully Paid,Northeast
35800.0,36,12.2,1115.77,B,B1,5,RENT,37100.0,major_purchase,26.97,0,14,0,16939.3,63.31,21,Fully Paid,Midwest
24200.0,36,11.02,746.3,A,A2,5,MORTGAGE,75500.0,credit_card,32.65,0,3,0,44708.34,3.29,4,Fully Paid,West
32400.0,36,8.21,973.89,D,D3,10,RENT,92000.0,debt_consolidation,27.43,0,13,0,39902.29,98.94,22,Fully Paid,West
17700.0,36,23.91,609.22,D,D4,4,MORTGAGE,41000.0,debt_consolidation,24.64,1,13,0,49179.86,64.25,26,Fully Paid,Midwest
5400.0,60,22.27,110.04,D,D5,1,MORTGAGE,91000.0,home_improvement,34.14,0,11,0,41363.64,20.72,14,Fully Paid,South
17900.0,36,20.25,597.91,A,A5,6,RENT,79400.0,debt_consolidation,36.02,0,14,0,19910.48,84.05,16,Fully Paid,South
18800.0,60,6.02,332.2,E,E2,0,MORTGAGE,128500.0,debt_consolidation,15.56,0,13,0,5503.99,88.21,21,Fully Paid,Midwest
22500.0,60,24.07,465.26,C,C3,5,OWN,42800.0,debt_consolidation,6.93,0,20,0,43713.65,57.37,24,Charged Off,West
5100.0,60,21.05,102.89,C,C3,3,MORTGAGE,28500.0,debt_consolidation,32.71,0,18,0,28559.55,88.56,19,Fully Paid,Northeast
39700.0,36,29.1,1423.69,D,D3,2,MORTGAGE,42100.0,home_improvement,8.55,0,17,0,42907.08,2.92,20,Fully Paid,Northeast
10500.0,60,19.68,209.44,E,E5,10,RENT,60100.0,debt_consolidation,37.16,0,18,0,19356.45,94.52,22,Charged Off,South
8700.0,36,12.6,272.12,C,C2,0,OWN,55800.0,debt_consolidation,0.92,0,7,0,1447.46,5.72,12,Fully Paid,Northeast
21500.0,36,14.54,684.06,C,C5,5,RENT,44500.0,debt_consolidation,36.85,0,24,0,2620.83,64.24,31,Fully Paid,West
22000.0,36,9.4,668.56,G,G3,6,RENT,20900.0,credit_card,23.57,0,19,0,33524.92,34.59,27,Charged Off,Midwest
18200.0,60,23.07,373.31,D,D2,10,RENT,68500.0,credit_card,30.99,0,12,0,5723.13,3.93,20,Fully Paid,West
31100.0,36,22.69,1059.91,C,C5,0,MORTGAGE,145200.0,debt_consolidation,15.94,1,13,0,37273.1,92.93,13,Fully Paid,Northeast
21100.0,36,10.02,644.84,D,D3,10,OWN,68300.0,credit_card,39.67,1,18,0,20972.13,13.54,30,Fully Paid,West
24800.0,36,8.96,750.61,B,B2,0,RENT,73500.0,debt_consolidation,9.1,0,3,0,28155.4,85.37,17,Fully Paid,South
29200.0,36,6.93,867.32,B,B2,6,RENT,72100.0,major_purchase,10.57,0,14,0,40060.67,33.03,14,Fully Paid,Midwest
2000.0,36,27.8,71.0,C,C1,10,RENT,66100.0,debt_consolidation,2.06,0,20,0,12653.57,74.12,22,Fully Paid,Midwest
23300.0,60,10.83,430.39,F,F2,5,RENT,86300.0,small_business,37.62,0,20,0,20645.13,25.42,27,Charged Off,Northeast
35500.0,60,13.6,672.13,F,F1,6,RENT,66000.0,debt_consolidation,18.24,0,5,0,36477.87,58.34,19,Fully Paid,Northeast
1700.0,60,12.01,31.74,B,B3,7,RENT,46300.0,home_improvement,26.99,1,2,0,45921.39,79.96,16,Fully Paid,West
16800.0,36,15.34,538.25,C,C1,7,RENT,36400.0,debt_consolidation,27.5,0,3,0,14514.99,56.62,7,Fully Paid,West
37100.0,36,22.85,1266.04,B,B3,8,MORTGAGE,47800.0,debt_consolidation,34.98,1,19,0,31136.15,30.66,28,Fully Paid,Midwest
14800.0,36,26.76,521.12,G,G3,8,MORTGAGE,63400.0,credit_card,26.6,1,13,0,47560.7,23.34,18,Fully Paid,South
18900.0,36,9.56,575.19,G,G4,6,OWN,46300.0,major_purchase,22.48,0,10,0,32442.61,17.48,20,Fully Paid,South
39300.0,36,22.16,1333.58,D,D1,8,MORTGAGE,63400.0,debt_consolidation,28.41,1,6,0,44639.46,83.88,13,Fully Paid,Northeast
8800.0,60,13.81,166.92,E,E2,5,RENT,67500.0,credit_card,30.04,0,17,0,46986.49,61.09,31,Fully Paid,South
3500.0,36,29.51,125.91,D,D2,8,MORTGAGE,82200.0,debt_consolidation,7.44,2,5,0,46467.13,50.87,8,Fully Paid,Midwest
34500.0,60,12.47,646.7,C,C3,10,RENT,102900.0,other,4.39,0,21,0,37923.85,24.96,29,Fully Paid,South
34900.0,60,5.18,611.8,A,A1,1,MORTGAGE,56300.0,small_business,2.99,1,4,0,27604.77,43.38,15,Fully Paid,Midwest
19400.0,36,17.89,635.3,C,C5,10,MORTGAGE,28200.0,debt_consolidation,14.96,1,19,0,4837.64,62.01,28,Fully Paid,Northeast
21100.0,60,8.77,382.51,D,D2,1,MORTGAGE,45600.0,major_purchase,19.92,0,9,0,11135.31,7.19,12,Charged Off,West
33600.0,60,6.11,594.22,D,D5,5,MORTGAGE,55400.0,debt_consolidation,24.63,1,23,0,12788.36,36.07,37,Fully Paid,South
29800.0,36,22.46,1013.7,B,B1,2,MORTGAGE,21600.0,home_improvement,38.32,1,3,0,1662.98,23.95,12,Fully Paid,Midwest
11300.0,36,23.31,387.06,F,F2,1,RENT,108500.0,credit_card,13.23,0,13,0,5096.17,64.65,24,Fully Paid,Northeast
1700.0,36,16.52,55.02,A,A5,7,MORTGAGE,58200.0,credit_card,30.43,1,2,0,14737.83,60.63,11,Fully Paid,Midwest
19700.0,36,21.92,667.17,C,C2,6,OWN,65600.0,debt_consolidation,21.25,1,22,1,4537.05,29.94,34,Fully Paid,South
34500.0,36,18.46,1135.24,D,D4,7,RENT,107200.0,other,8.8,1,19,1,8476.75,4.16,33,Fully Paid,Midwest
35900.0,36,20.75,1204.15,D,D4,5,OWN,39500.0,small_business,24.61,1,11,0,2720.88,18.28,15,Fully Paid,Northeast
38300.0,36,19.92,1275.82,D,D3,8,MORTGAGE,72200.0,major_purchase,38.69,1,22,0,20826.63,16.01,27,Fully Paid,Northeast
35300.0,36,21.65,1192.85,B,B1,8,RENT,51300.0,debt_consolidation,4.97,0,9,0,41066.36,56.84,14,Fully Paid,West
23600.0,36,9.99,721.05,A,A2,1,MORTGAGE,49400.0,debt_consolidation,20.29,0,5,0,40612.19,16.93,16,Fully Paid,West
18300.0,36,11.72,567.91,D,D5,9,MORTGAGE,36800.0,credit_card,2.06,0,19,0,45244.52,48.23,29,Fully Paid,South
31200.0,36,16.0,1005.33,C,C2,4,RENT,124600.0,small_business,12.85,0,4,1,37279.98,61.45,11,Fully Paid,Northeast
29900.0,36,16.15,964.69,A,A2,8,OWN,44900.0,other,24.82,0,4,0,12222.1,87.96,14,Fully Paid,South
22000.0,36,24.36,759.98,D,D5,2,MORTGAGE,76900.0,debt_consolidation,33.64,1,13,0,35119.49,24.5,25,Charged Off,Northeast
4400.0,60,14.18,83.73,C,C5,4,MORTGAGE,21200.0,credit_card,29.21,0,20,0,37691.09,18.59,28,Fully Paid,South
37100.0,36,9.06,1123.92,D,D4,7,OWN,97700.0,home_improvement,18.51,0,18,0,27155.38,17.33,18,Fully Paid,Northeast
18800.0,36,11.29,581.18,E,E3,1,RENT,91700.0,debt_consolidation,36.37,0,24,0,40350.53,36.04,26,Charged Off,South
15200.0,36,10.37,466.01,A,A5,5,RENT,56900.0,debt_consolidation,12.11,2,18,1,3563.29,64.92,24,Fully Paid,Midwest
25600.0,36,23.29,876.73,A,A2,10,RENT,48400.0,debt_consolidation,30.16,0,23,0,29739.03,67.19,34,Fully Paid,West
27300.0,36,16.76,885.43,D,D4,3,RENT,66200.0,home_improvement,18.96,0,5,0,23994.67,21.1,7,Charged Off,Midwest
9200.0,36,22.72,313.62,C,C1,5,MORTGAGE,170100.0,small_business,35.95,0,8,0,40260.59,13.12,21,Fully Paid,West
33600.0,60,15.41,646.3,D,D4,2,MORTGAGE,22400.0,small_business,31.9,0,24,0,6398.03,44.87,28,Charged Off,South
12300.0,60,27.24,260.84,E,E4,5,MORTGAGE,80100.0,home_improvement,36.06,0,8,0,10631.2,14.12,11,Charged Off,Northeast
8300.0,36,29.59,298.78,E,E4,6,RENT,34300.0,debt_consolidation,8.57,0,23,1,27934.6,81.29,27,Fully Paid,Northeast
16800.0,60,21.75,340.9,G,G2,9,RENT,53600.0,home_improvement,26.73,0,8,0,47360.27,8.39,10,Charged Off,South
29500.0,36,26.6,1037.42,C,C5,2,MORTGAGE,47900.0,small_business,29.54,0,9,1,4160.0,75.21,11,Charged Off,Northeast
38700.0,60,17.7,759.17,C,C3,4,MORTGAGE,43700.0,credit_card,29.7,0,20,0,37168.85,4.26,32,Fully Paid,South
32600.0,36,28.37,1162.46,C,C1,7,OWN,53900.0,debt_consolidation,20.16,0,22,0,10269.96,80.7,33,Fully Paid,Midwest
37700.0,36,25.79,1317.3,A,A3,1,MORTGAGE,30700.0,other,0.45,1,10,0,5272.44,62.72,21,Fully Paid,South
6500.0,36,29.79,234.34,C,C2,6,MORTGAGE,90600.0,small_business,10.46,0,23,0,19738.31,32.24,32,Fully Paid,Northeast
3800.0,36,20.58,127.28,B,B3,0,MORTGAGE,22100.0,small_business,12.93,0,10,0,29152.64,40.55,22,Fully Paid,Northeast
22800.0,60,24.48,473.02,F,F3,6,OWN,71000.0,other,34.08,0,15,0,41350.9,67.36,22,Fully Paid,South
12300.0,36,18.57,405.11,C,C1,0,MORTGAGE,46000.0,debt_consolidation,33.64,0,22,0,31734.59,18.56,24,Fully Paid,South
33300.0,36,11.48,1031.19,C,C4,3,RENT,30200.0,small_business,4.19,0,19,0,24583.36,89.03,31,Fully Paid,South
27200.0,36,13.87,860.35,B,B5,3,MORTGAGE,59900.0,credit_card,37.99,0,10,0,14283.37,48.29,17,Fully Paid,South
38900.0,36,27.35,1376.09,A,A5,4,RENT,24900.0,debt_consolidation,7.3,0,6,0,14627.65,76.01,10,Fully Paid,West
10900.0,36,6.4,322.16,A,A3,1,RENT,55300.0,credit_card,16.57,0,9,0,38528.84,50.67,9,Fully Paid,West
19900.0,60,19.79,397.3,C,C1,10,RENT,26600.0,credit_card,8.61,0,5,1,5702.98,45.23,6,Charged Off,Midwest
20500.0,60,14.31,390.56,A,A5,5,RENT,68200.0,debt_consolidation,34.41,0,21,0,7323.69,46.96,32,Fully Paid,West
10300.0,36,14.67,328.08,C,C5,5,MORTGAGE,34100.0,other,29.98,1,15,0,35986.82,36.31,21,Fully Paid,Northeast
24000.0,36,27.11,847.4,E,E5,7,OWN,43200.0,debt_consolidation,14.14,0,18,0,48052.1,73.28,18,Fully Paid,West
18300.0,36,26.35,642.28,E,E3,9,MORTGAGE,62800.0,other,27.28,0,22,0,6011.71,84.62,23,Fully Paid,West
18400.0,60,19.97,367.91,D,D2,0,RENT,36800.0,debt_consolidation,7.37,0,17,0,30471.3,85.44,17,Fully Paid,Northeast
15100.0,60,11.82,281.41,B,B3,3,RENT,52600.0,debt_consolidation,15.29,0,10,0,11959.42,12.11,19,Fully Paid,West
1700.0,36,16.89,55.2,E,E3,1,MORTGAGE,25400.0,debt_consolidation,15.08,0,6,0,1287.89,76.14,20,Charged Off,South
21400.0,60,15.21,410.92,E,E2,10,RENT,74300.0,home_improvement,9.52,1,6,0,41613.38,20.0,12,Fully Paid,West
14100.0,36,13.84,445.87,B,B5,7,MORTGAGE,130900.0,debt_consolidation,35.05,0,7,0,25430.23,1.22,8,Fully Paid,West
1100.0,36,7.57,32.87,D,D3,3,OWN,218800.0,other,27.15,0,7,0,1194.5,27.55,20,Fully Paid,West
13000.0,60,18.58,256.92,B,B4,7,MORTGAGE,56700.0,home_improvement,11.2,0,9,0,44772.67,29.29,21,Fully Paid,South
11900.0,36,12.55,372.04,E,E5,1,OWN,80300.0,major_purchase,9.68,0,17,0,26784.26,80.98,26,Fully Paid,South
16300.0,36,21.52,550.22,G,G5,3,MORTGAGE,22200.0,debt_consolidation,0.72,0,15,0,36853.37,74.24,29,Charged Off,Midwest
6100.0,36,12.98,191.44,A,A5,8,RENT,114800.0,credit_card,13.86,0,2,1,21175.24,8.47,4,Fully Paid,Midwest
20800.0,36,15.78,668.95,E,E3,4,MORTGAGE,79900.0,other,21.07,1,17,0,9244.16,32.6,31,Fully Paid,South
28000.0,36,6.31,826.86,D,D1,5,MORTGAGE,42500.0,debt_consolidation,11.11,0,16,0,23278.67,25.13,26,Fully Paid,Northeast
25600.0,60,29.81,553.86,G,G1,9,RENT,100600.0,debt_consolidation,28.02,1,6,0,14383.62,59.55,16,Charged Off,Midwest
32300.0,36,17.69,1055.94,C,C2,8,RENT,47700.0,credit_card,16.47,2,10,0,14836.77,54.15,20,Charged Off,West
18600.0,60,5.61,327.39,E,E1,8,MORTGAGE,43100.0,other,12.65,0,4,0,32193.91,67.89,10,Fully Paid,West
21200.0,36,18.53,698.01,A,A5,6,MORTGAGE,68700.0,credit_card,37.56,1,8,0,4703.98,91.07,8,Fully Paid,West
32600.0,36,26.76,1147.88,B,B4,10,RENT,31800.0,debt_consolidation,10.51,0,8,0,19850.73,42.11,19,Charged Off,Northeast
17700.0,60,24.31,366.71,A,A4,1,MORTGAGE,90300.0,home_improvement,15.93,0,17,0,27332.27,65.59,20,Fully Paid,Midwest
28400.0,36,22.52,966.55,G,G5,6,OWN,32000.0,other,15.29,0,4,0,35492.87,91.84,10,Charged Off,South
17900.0,36,8.49,539.44,E,E3,8,OWN,32000.0,debt_consolidation,9.65,0,16,0,31644.96,54.17,29,Fully Paid,South
17300.0,36,21.44,583.59,E,E3,1,MORTGAGE,34400.0,debt_consolidation,8.7,0,8,0,44312.33,30.83,9,Fully Paid,Northeast
30600.0,36,24.16,1055.36,F,F5,6,MORTGAGE,79200.0,debt_consolidation,12.1,0,4,0,49619.21,40.29,7,Fully Paid,South
7800.0,36,19.31,258.5,A,A5,6,MORTGAGE,39800.0,debt_consolidation,34.57,0,17,0,46871.17,75.46,25,Fully Paid,Northeast
14200.0,60,27.32,301.32,B,B2,2,OWN,27600.0,debt_consolidation,30.68,0,7,0,38207.62,72.0,13,Fully Paid,South
9700.0,60,11.92,180.94,A,A3,5,RENT,40000.0,debt_consolidation,27.24,0,9,0,34300.76,74.84,11,Fully Paid,South
15000.0,36,11.05,462.71,B,B1,7,MORTGAGE,53300.0,credit_card,18.28,0,17,0,1771.58,74.33,19,Fully Paid,Northeast
10000.0,60,26.74,211.23,B,B1,9,MORTGAGE,30000.0,debt_consolidation,20.31,0,7,0,26674.94,92.05,17,Fully Paid,South
23600.0,60,20.63,474.48,C,C3,7,MORTGAGE,30500.0,debt_consolidation,10.69,1,17,1,33185.85,76.4,20,Charged Off,Midwest
32100.0,60,5.04,561.96,B,B4,2,RENT,155700.0,other,2.97,0,3,0,20647.0,85.54,17,Fully Paid,South
31700.0,36,13.83,1002.34,A,A5,5,RENT,35200.0,debt_consolidation,13.24,0,2,0,19239.83,57.37,16,Fully Paid,West
15200.0,36,26.45,533.9,A,A2,1,OWN,46100.0,debt_consolidation,19.82,0,20,1,27126.32,64.42,23,Fully Paid,Northeast
39600.0,36,5.68,1162.48,A,A2,1,MORTGAGE,45100.0,debt_consolidation,2.29,1,15,0,45332.0,96.77,27,Fully Paid,South
24200.0,36,5.08,706.37,G,G2,7,RENT,43900.0,credit_card,3.53,0,20,0,13046.42,87.03,32,Fully Paid,Midwest
16600.0,36,12.03,516.58,D,D1,10,RENT,73900.0,home_improvement,10.52,1,24,0,19952.74,77.74,35,Charged Off,South
33600.0,36,27.85,1193.27,G,G4,9,MORTGAGE,87000.0,major_purchase,14.68,0,5,0,32654.39,68.55,12,Fully Paid,South
29500.0,36,27.54,1045.12,C,C4,4,MORTGAGE,46500.0,credit_card,15.73,3,3,1,9300.36,35.85,16,Fully Paid,West
30200.0,36,17.97,989.64,B,B2,4,MORTGAGE,29200.0,small_business,4.72,1,3,0,41745.18,54.81,8,Fully Paid,Midwest
8600.0,36,18.83,283.87,E,E5,10,MORTGAGE,102500.0,major_purchase,9.03,0,13,0,33303.36,5.51,18,Fully Paid,South
19300.0,36,13.3,607.41,B,B5,3,RENT,51700.0,debt_consolidation,10.47,0,24,0,17613.1,41.62,31,Fully Paid,South
34600.0,60,11.09,640.62,B,B5,10,MORTGAGE,128700.0,debt_consolidation,2.71,0,12,0,36108.35,11.19,22,Fully Paid,West
20700.0,36,25.38,720.94,B,B2,9,MORTGAGE,17600.0,home_improvement,13.04,0,22,0,13967.33,72.86,29,Fully Paid,Northeast
27700.0,60,7.66,497.03,A,A5,3,MORTGAGE,59700.0,other,2.89,0,19,0,38723.04,89.23,26,Fully Paid,Northeast
23900.0,60,17.18,466.77,B,B3,7,RENT,141400.0,debt_consolidation,28.14,0,20,0,3534.4,17.41,31,Charged Off,Northeast
33900.0,60,20.86,682.86,B,B2,2,RENT,45400.0,debt_consolidation,15.44,0,18,0,21337.6,24.57,18,Fully Paid,West
12100.0,60,7.59,216.97,D,D4,10,MORTGAGE,48400.0,small_business,13.07,1,5,0,13081.94,85.7,12,Fully Paid,Northeast
23400.0,60,17.99,460.16,A,A1,2,MORTGAGE,62800.0,debt_consolidation,5.06,0,24,0,40835.02,58.58,28,Fully Paid,Midwest
5800.0,36,19.44,192.43,B,B3,7,MORTGAGE,41000.0,home_improvement,9.06,1,13,0,37637.35,58.83,15,Fully Paid,Northeast
27900.0,60,23.56,574.55,E,E1,2,MORTGAGE,46300.0,debt_consolidation,9.31,0,4,0,42093.07,56.29,10,Fully Paid,Northeast
29500.0,60,10.87,545.11,A,A3,1,RENT,45800.0,debt_consolidation,39.41,0,17,0,32578.15,21.83,29,Fully Paid,South
2700.0,60,12.33,50.55,B,B2,10,MORTGAGE,39600.0,credit_card,33.41,0,5,0,39766.12,24.33,18,Fully Paid,Midwest
27400.0,36,19.24,907.55,E,E4,4,MORTGAGE,100200.0,home_improvement,0.61,0,7,0,21939.41,94.96,8,Charged Off,West
17200.0,36,29.58,619.1,A,A3,10,MORTGAGE,68200.0,debt_consolidation,24.67,0,2,0,33902.87,72.35,11,Fully Paid,Midwest
5800.0,36,10.44,177.93,A,A2,2,MORTGAGE,61400.0,major_purchase,10.24,0,6,0,1555.88,9.04,15,Fully Paid,Northeast
17400.0,36,29.65,626.64,C,C4,5,RENT,81200.0,debt_consolidation,4.18,0,11,0,44036.23,22.29,24,Fully Paid,South
8600.0,60,22.86,176.1,B,B1,10,MORTGAGE,47500.0,credit_card,28.22,0,15,1,34238.68,62.71,20,Fully Paid,West
17200.0,36,25.65,600.33,C,C3,6,OWN,36800.0,debt_consolidation,5.26,1,6,0,43304.82,28.35,9,Charged Off,Midwest
16000.0,36,7.24,476.62,E,E2,2,MORTGAGE,40100.0,major_purchase,17.75,0,11,0,38542.94,25.17,23,Fully Paid,Midwest
29800.0,36,12.51,931.33,A,A3,8,MORTGAGE,54200.0,major_purchase,25.29,2,10,0,14318.83,20.23,24,Fully Paid,Northeast
31200.0,36,6.44,922.48,C,C5,9,MORTGAGE,31900.0,debt_consolidation,22.18,0,14,0,13644.01,18.57,14,Fully Paid,Northeast
24700.0,36,14.29,784.16,C,C3,0,MORTGAGE,42200.0,debt_consolidation,39.11,0,18,1,39981.94,61.33,30,Fully Paid,West
1900.0,36,29.53,68.36,A,A4,6,RENT,41900.0,small_business,31.43,0,20,0,9235.46,90.58,34,Charged Off,Northeast
37300.0,36,7.63,1115.17,D,D5,3,RENT,156700.0,debt_consolidation,30.97,1,21,0,5533.06,36.11,34,Fully Paid,South
27800.0,36,19.06,919.41,B,B4,6,MORTGAGE,13500.0,credit_card,14.22,0,2,0,752.11,12.15,7,Charged Off,West
2300.0,36,5.15,67.18,C,C1,8,RENT,49500.0,debt_consolidation,0.34,0,10,0,14921.4,12.43,12,Fully Paid,Northeast
32900.0,60,22.82,673.46,A,A5,8,RENT,128400.0,other,29.38,0,19,0,4963.25,93.37,30,Fully Paid,West
8800.0,60,9.93,161.23,C,C5,0,MORTGAGE,57600.0,other,39.99,0,6,0,40084.33,52.87,18,Charged Off,Midwest
23600.0,60,8.24,425.74,B,B4,9,MORTGAGE,79000.0,debt_consolidation,16.24,0,15,0,24227.19,46.63,18,Fully Paid,West
19200.0,36,13.43,604.96,E,E2,3,RENT,56900.0,credit_card,39.42,0,20,0,12625.76,89.07,23,Fully Paid,Midwest
17400.0,36,24.28,600.69,A,A3,6,RENT,38800.0,small_business,5.67,0,16,0,30104.35,50.71,23,Fully Paid,West
35700.0,36,7.67,1067.73,C,C1,9,RENT,17700.0,debt_consolidation,11.86,1,5,0,3517.62,48.06,11,Charged Off,Northeast
18100.0,60,10.75,334.1,C,C1,5,MORTGAGE,60000.0,debt_consolidation,6.83,1,5,0,36306.06,92.67,13,Fully Paid,Midwest
3900.0,60,5.21,68.39,D,D2,8,RENT,36800.0,debt_consolidation,19.01,1,19,0,25069.65,47.45,29,Fully Paid,West
37900.0,36,29.21,1360.29,C,C4,6,MORTGAGE,36300.0,debt_consolidation,31.88,0,19,0,323.82,39.1,25,Fully Paid,South
36900.0,60,19.8,736.77,D,D1,2,MORTGAGE,42200.0,major_purchase,13.63,0,9,0,15960.86,58.17,17,Fully Paid,Northeast
27700.0,36,23.0,946.42,D,D3,6,RENT,129600.0,credit_card,36.25,0,3,0,37509.62,97.72,16,Fully Paid,West
19200.0,36,21.28,646.83,E,E2,9,RENT,180300.0,credit_card,21.79,0,17,0,9405.76,96.38,17,Fully Paid,West
4600.0,36,8.61,138.78,B,B5,4,MORTGAGE,60400.0,debt_consolidation,18.62,0,15,0,48093.86,77.56,18,Fully Paid,Midwest
31800.0,36,19.87,1058.85,C,C3,1,RENT,42900.0,major_purchase,31.48,0,24,0,44831.46,49.93,35,Fully Paid,Midwest
3900.0,36,8.29,117.31,E,E4,9,OWN,30100.0,major_purchase,4.06,1,2,1,38911.94,88.15,2,Fully Paid,Northeast
3700.0,60,15.03,70.94,G,G4,2,MORTGAGE,68500.0,credit_card,30.95,0,18,0,3927.42,41.94,23,Charged Off,Midwest
22000.0,36,19.22,728.57,E,E2,5,RENT,132100.0,other,9.72,0,11,0,17691.86,64.01,12,Charged Off,West
7200.0,36,18.97,237.94,B,B5,5,RENT,47900.0,debt_consolidation,11.23,0,17,0,14909.87,17.94,26,Fully Paid,West
1300.0,60,7.98,23.4,B,B5,6,MORTGAGE,16500.0,major_purchase,23.98,2,4,0,6881.27,66.13,12,Fully Paid,Midwest
17500.0,36,5.86,514.6,C,C2,5,RENT,75700.0,credit_card,36.08,0,20,0,49980.94,27.61,31,Fully Paid,Northeast
6400.0,36,24.96,222.15,D,D2,8,RENT,88700.0,debt_consolidation,23.14,0,12,0,7359.88,77.18,15,Fully Paid,South
7300.0,36,23.15,249.72,C,C2,4,RENT,24500.0,debt_consolidation,25.96,0,16,0,15766.38,41.4,26,Fully Paid,West
4000.0,36,7.05,118.94,C,C5,4,MORTGAGE,59200.0,debt_consolidation,31.06,0,19,0,44007.07,39.84,22,Charged Off,West
9000.0,36,8.19,270.48,E,E4,7,MORTGAGE,67900.0,small_business,10.37,0,21,0,7219.27,74.66,26,Fully Paid,Midwest
28900.0,36,27.31,1022.02,B,B4,7,RENT,52200.0,major_purchase,33.09,1,20,0,23476.4,42.53,34,Fully Paid,South
32500.0,36,24.23,1121.52,E,E3,0,MORTGAGE,36500.0,credit_card,16.72,0,8,0,48784.51,71.4,12,Fully Paid,West
18600.0,36,29.9,671.15,C,C4,2,RENT,90000.0,debt_consolidation,7.03,2,7,0,12364.42,85.51,12,Fully Paid,South
20800.0,60,11.35,386.01,B,B2,5,MORTGAGE,44300.0,other,14.0,0,10,0,35152.91,13.69,22,Fully Paid,South
2300.0,60,17.2,44.93,C,C3,5,RENT,25800.0,debt_consolidation,9.85,1,14,0,4001.98,47.9,25,Fully Paid,West
3700.0,60,10.91,68.39,D,D1,0,RENT,19400.0,credit_card,9.15,0,9,0,30043.6,94.49,23,Fully Paid,South
11000.0,36,20.57,368.41,A,A5,1,MORTGAGE,101800.0,major_purchase,11.3,0,19,0,16952.48,81.22,27,Fully Paid,South
22200.0,36,7.89,665.32,B,B3,9,RENT,73700.0,debt_consolidation,7.24,0,4,1,34978.23,97.36,9,Fully Paid,Midwest
29800.0,60,8.18,537.29,F,F1,6,RENT,56600.0,home_improvement,26.71,0,2,1,21644.5,86.03,7,Fully Paid,Midwest
24600.0,36,6.8,729.8,A,A2,0,MORTGAGE,43500.0,debt_consolidation,23.2,0,19,0,14949.93,31.02,31,Fully Paid,South
16300.0,36,22.34,553.93,C,C4,9,MORTGAGE,41600.0,debt_consolidation,25.94,0,5,0,27300.39,17.92,8,Fully Paid,Northeast
5600.0,60,17.35,109.53,C,C4,4,MORTGAGE,31600.0,home_improvement,13.75,0,19,0,6984.35,21.05,25,Fully Paid,South
31500.0,36,20.44,1053.85,C,C3,0,MORTGAGE,43700.0,debt_consolidation,30.79,1,17,0,40721.6,21.69,20,Fully Paid,West
15200.0,36,26.98,536.14,D,D1,5,OWN,18800.0,debt_consolidation,5.18,1,19,0,37535.47,7.57,23,Fully Paid,Northeast
29700.0,60,23.51,611.37,B,B4,6,RENT,37500.0,debt_consolidation,22.85,0,4,0,27248.41,90.68,7,Fully Paid,Midwest
21000.0,60,16.54,407.89,C,C2,7,RENT,46400.0,debt_consolidation,11.02,0,15,0,18352.42,50.25,23,Charged Off,Northeast
29800.0,36,29.61,1072.88,B,B1,2,RENT,73500.0,debt_consolidation,21.1,0,11,0,45761.31,10.13,16,Fully Paid,Midwest
36400.0,36,16.41,1177.03,D,D1,2,RENT,53100.0,major_purchase,12.95,0,6,0,31722.92,76.26,15,Charged Off,Northeast
36900.0,36,7.81,1105.05,A,A4,10,OWN,80600.0,debt_consolidation,31.62,0,9,0,14240.01,32.56,14,Fully Paid,South
21900.0,60,29.82,473.84,C,C3,0,RENT,106400.0,small_business,35.65,0,19,0,40335.43,7.1,31,Fully Paid,Midwest
20900.0,36,5.57,612.89,B,B3,2,OWN,92000.0,home_improvement,29.7,1,6,0,31750.99,18.98,10,Charged Off,West
11400.0,36,18.75,376.04,B,B3,4,RENT,68500.0,debt_consolidation,7.02,2,13,0,6350.63,65.75,27,Fully Paid,Northeast
37500.0,60,12.73,704.56,B,B4,5,RENT,54500.0,small_business,10.99,0,5,0,5711.66,79.4,16,Fully Paid,South
18900.0,36,17.59,617.35,B,B5,2,MORTGAGE,33200.0,debt_consolidation,36.77,0,13,1,46905.25,25.37,21,Fully Paid,Northeast
6000.0,60,18.97,118.97,E,E2,3,RENT,78400.0,debt_consolidation,17.49,1,14,0,14395.6,57.71,18,Fully Paid,Northeast
17900.0,60,11.0,331.15,B,B2,4,RENT,125500.0,debt_consolidation,37.65,0,15,0,33174.13,0.09,26,Charged Off,West
6000.0,36,18.92,198.2,F,F3,4,MORTGAGE,64300.0,debt_consolidation,15.7,1,15,0,1821.69,27.84,29,Fully Paid,Northeast
20600.0,60,23.9,425.39,G,G3,8,MORTGAGE,141300.0,other,38.07,0,20,0,27825.1,18.16,31,Fully Paid,West
22900.0,36,11.66,710.28,C,C2,7,OWN,25300.0,debt_consolidation,37.03,0,11,0,11556.43,7.65,18,Fully Paid,Midwest
14200.0,60,14.59,271.2,A,A4,0,MORTGAGE,30400.0,small_business,26.42,2,23,0,6981.31,48.39,28,Fully Paid,West
3800.0,60,11.71,70.75,B,B1,1,MORTGAGE,83100.0,home_improvement,0.35,1,10,0,38675.16,63.1,15,Fully Paid,West
37800.0,36,25.51,1317.86,E,E2,4,RENT,61800.0,debt_consolidation,16.01,0,19,0,40477.13,4.64,30,Fully Paid,Midwest
31200.0,60,23.12,640.22,B,B2,2,RENT,104500.0,other,36.45,0,18,0,35760.61,13.79,28,Fully Paid,West
33700.0,60,26.78,712.08,A,A1,6,MORTGAGE,53800.0,other,35.4,0,6,0,559.34,93.23,8,Fully Paid,South
15300.0,36,9.25,464.31,C,C1,10,RENT,35100.0,other,7.5,0,3,0,14245.46,22.31,17,Fully Paid,Northeast
30700.0,36,6.84,911.11,E,E5,5,RENT,48700.0,credit_card,15.97,0,11,0,18048.06,76.0,19,Fully Paid,West
19900.0,36,7.98,596.89,E,E2,1,RENT,25200.0,debt_consolidation,33.42,0,2,0,34542.51,74.77,11,Fully Paid,Northeast
8800.0,36,9.03,266.52,A,A1,7,RENT,30800.0,debt_consolidation,23.12,0,9,0,37777.18,32.16,11,Fully Paid,West
5900.0,60,18.33,116.36,D,D2,4,MORTGAGE,88100.0,credit_card,33.89,0,9,0,31392.75,20.41,17,Fully Paid,Midwest
14500.0,60,29.27,312.4,B,B1,5,RENT,83800.0,debt_consolidation,33.06,1,7,0,39454.42,24.4,18,Fully Paid,Midwest
6400.0,36,13.93,202.54,B,B3,7,RENT,65000.0,home_improvement,36.3,0,22,0,21364.99,56.59,33,Fully Paid,Northeast
39900.0,36,28.96,1429.31,E,E3,5,MORTGAGE,22900.0,major_purchase,4.69,0,6,0,27092.25,38.12,7,Fully Paid,Northeast
2900.0,36,5.96,85.36,B,B3,9,OWN,45300.0,debt_consolidation,5.81,1,23,0,3212.51,49.56,35,Fully Paid,Northeast
18200.0,36,28.17,647.97,B,B2,2,MORTGAGE,29400.0,debt_consolidation,3.31,0,22,0,21358.16,81.16,29,Fully Paid,Midwest
18600.0,36,9.53,565.9,A,A2,6,OWN,97600.0,other,37.41,0,19,0,21631.66,50.23,29,Fully Paid,Northeast
12700.0,36,27.81,450.89,E,E2,3,OWN,40500.0,debt_consolidation,19.01,0,8,0,30576.01,99.52,14,Charged Off,West
23300.0,36,6.41,688.71,E,E4,5,MORTGAGE,31500.0,debt_consolidation,2.57,0,5,0,18894.82,66.58,7,Fully Paid,West
6800.0,60,28.71,145.87,D,D3,5,RENT,55000.0,debt_consolidation,12.86,0,24,0,11922.75,20.72,30,Fully Paid,Northeast
31600.0,36,10.02,965.73,D,D1,10,RENT,39300.0,debt_consolidation,14.06,0,2,0,11879.81,49.95,9,Fully Paid,Midwest
14000.0,36,12.57,437.77,A,A5,4,MORTGAGE,113800.0,debt_consolidation,32.38,1,23,0,6693.64,81.34,37,Fully Paid,West
24100.0,36,17.27,785.06,C,C4,0,RENT,37500.0,debt_consolidation,29.42,1,3,0,35051.13,21.83,17,Fully Paid,Midwest
28900.0,60,14.52,551.6,B,B2,7,RENT,26900.0,debt_consolidation,27.58,0,20,0,31128.42,72.94,23,Fully Paid,Midwest
35700.0,60,21.69,724.06,A,A3,9,RENT,18500.0,credit_card,0.87,0,4,0,28962.5,3.34,12,Fully Paid,Midwest
33600.0,60,29.37,724.47,C,C4,1,RENT,53300.0,debt_consolidation,36.43,1,2,0,26550.98,94.26,9,Fully Paid,Northeast
24700.0,36,20.16,824.43,F,F3,3,RENT,40900.0,debt_consolidation,8.62,0,22,0,18376.87,66.34,35,Fully Paid,Midwest
16100.0,36,23.04,550.26,A,A1,2,RENT,26500.0,small_business,25.16,0,14,0,38435.84,16.26,23,Fully Paid,Midwest
20600.0,36,7.2,613.42,B,B5,5,RENT,98200.0,credit_card,2.47,0,9,0,46101.21,87.43,10,Fully Paid,Northeast
31000.0,36,20.7,1039.36,B,B4,10,RENT,75600.0,debt_consolidation,3.26,0,13,0,21999.46,8.18,25,Fully Paid,South
35200.0,36,16.35,1137.64,B,B5,0,RENT,53400.0,small_business,0.38,0,9,0,20454.43,40.59,21,Fully Paid,West
5000.0,60,27.14,105.95,F,F4,8,MORTGAGE,107200.0,debt_consolidation,22.64,1,8,0,8136.38,73.69,22,Charged Off,Northeast
16000.0,36,14.71,509.82,C,C3,4,MORTGAGE,75500.0,debt_consolidation,25.18,0,24,0,33535.44,93.74,29,Fully Paid,West
31300.0,36,21.99,1060.64,C,C2,4,OWN,35900.0,small_business,2.02,0,9,1,27904.61,34.88,9,Fully Paid,Northeast
17800.0,60,10.7,328.41,D,D3,3,MORTGAGE,32200.0,debt_consolidation,11.62,0,16,0,49399.9,83.05,16,Fully Paid,Northeast
14000.0,36,11.48,433.53,A,A2,3,MORTGAGE,81600.0,small_business,34.06,1,22,0,29216.16,19.68,31,Charged Off,Northeast
17000.0,36,14.4,540.22,C,C2,0,MORTGAGE,66100.0,major_purchase,4.05,0,8,0,14430.54,3.51,19,Fully Paid,West
24500.0,36,12.6,766.31,C,C2,8,RENT,59000.0,debt_consolidation,8.66,1,13,0,28147.03,2.88,13,Fully Paid,Northeast
40000.0,36,11.35,1237.22,C,C3,8,MORTGAGE,35500.0,debt_consolidation,16.98,0,19,0,49234.76,65.82,25,Fully Paid,Northeast
20200.0,60,6.24,357.67,G,G3,3,MORTGAGE,73400.0,debt_consolidation,33.69,0,5,0,36166.76,15.42,18,Fully Paid,Northeast
9100.0,36,25.92,318.3,D,D5,9,RENT,37100.0,debt_consolidation,10.19,0,7,0,6428.87,5.03,13,Fully Paid,West
7400.0,60,6.61,131.49,B,B4,9,MORTGAGE,51500.0,small_business,39.89,0,12,0,17158.13,97.67,12,Fully Paid,South
2700.0,60,27.18,57.23,E,E2,3,MORTGAGE,111700.0,debt_consolidation,14.21,0,11,0,14934.25,24.2,15,Fully Paid,Northeast
22800.0,60,8.14,410.93,A,A1,6,RENT,38900.0,debt_consolidation,15.46,1,20,0,42841.19,46.26,24,Charged Off,Northeast
22200.0,36,6.63,657.55,A,A1,3,OWN,24700.0,credit_card,4.88,0,19,0,30558.14,61.31,24,Fully Paid,Northeast
9000.0,36,19.08,297.7,B,B2,0,RENT,32000.0,debt_consolidation,27.21,0,13,0,40505.1,14.45,25,Fully Paid,Northeast
28100.0,36,17.56,917.62,B,B4,10,RENT,89100.0,debt_consolidation,9.74,0,18,0,8812.3,35.72,21,Fully Paid,Northeast
29900.0,36,17.28,974.08,C,C3,8,RENT,61500.0,debt_consolidation,25.15,0,21,1,45401.75,64.77,22,Fully Paid,South
11100.0,60,19.36,220.82,C,C5,1,MORTGAGE,50800.0,major_purchase,8.93,0,3,0,2915.55,63.98,6,Fully Paid,Midwest
14400.0,36,12.18,448.72,F,F1,4,MORTGAGE,42000.0,debt_consolidation,15.51,1,20,0,18741.86,84.21,24,Fully Paid,Midwest
39600.0,60,21.57,802.36,C,C4,3,MORTGAGE,69100.0,debt_consolidation,34.27,0,13,0,707.45,43.74,23,Fully Paid,Northeast
15600.0,36,17.56,509.43,C,C3,7,OWN,35400.0,debt_consolidation,29.56,0,12,0,9213.97,88.98,14,Fully Paid,West
30700.0,36,13.37,966.79,A,A2,5,RENT,63100.0,credit_card,6.18,0,16,0,48111.29,68.22,17,Fully Paid,South
18700.0,60,25.66,391.64,A,A3,6,RENT,37600.0,debt_consolidation,24.31,0,12,0,3924.77,56.21,24,Charged Off,South
31900.0,36,23.19,1091.6,C,C3,1,MORTGAGE,34600.0,debt_consolidation,25.15,2,12,0,7270.33,11.71,17,Charged Off,South
31000.0,60,14.84,593.34,C,C3,3,OWN,39400.0,credit_card,3.62,1,23,1,46242.45,57.47,35,Fully Paid,Midwest
27000.0,36,26.19,946.42,E,E5,3,MORTGAGE,44900.0,credit_card,18.63,0,11,0,35508.73,59.47,22,Fully Paid,West
34300.0,60,28.01,731.79,A,A1,1,RENT,52900.0,debt_consolidation,10.43,0,20,1,20348.22,75.88,29,Fully Paid,Midwest
37600.0,36,18.42,1236.83,A,A1,9,OWN,60900.0,major_purchase,18.69,0,4,0,3438.29,71.91,7,Fully Paid,South
23600.0,60,10.37,434.12,C,C5,3,RENT,8600.0,debt_consolidation,31.08,0,5,0,39251.95,53.0,11,Fully Paid,Midwest
10300.0,36,27.89,365.91,B,B4,8,RENT,36200.0,home_improvement,6.33,0,4,0,24636.33,59.28,9,Fully Paid,Midwest
16500.0,36,9.74,502.98,A,A3,7,MORTGAGE,44500.0,credit_card,4.93,0,16,1,16150.84,77.23,23,Fully Paid,Northeast
30600.0,60,6.21,541.67,D,D2,10,OWN,115000.0,small_business,10.77,0,7,0,18037.52,35.14,11,Fully Paid,Northeast
26400.0,60,13.19,498.04,A,A5,0,RENT,31600.0,credit_card,38.09,0,10,0,25263.88,13.5,15,Fully Paid,Northeast
7900.0,36,23.17,270.29,C,C3,7,MORTGAGE,58800.0,debt_consolidation,29.91,0,9,0,27561.64,87.43,23,Charged Off,South
3000.0,36,28.08,106.73,B,B3,10,OWN,114400.0,major_purchase,0.78,0,3,0,40904.94,96.5,11,Fully Paid,Northeast
27600.0,36,20.93,927.13,A,A1,8,RENT,28100.0,major_purchase,16.04,1,20,0,38585.19,42.93,30,Charged Off,South
10800.0,36,28.8,386.4,B,B5,7,MORTGAGE,66000.0,other,10.3,1,16,0,38352.93,99.03,20,Fully Paid,Northeast
20500.0,60,7.31,366.64,E,E2,9,RENT,36300.0,debt_consolidation,25.53,1,9,0,36464.9,32.27,17,Charged Off,South
30100.0,36,6.52,890.63,B,B5,0,MORTGAGE,42100.0,credit_card,18.37,0,20,0,37889.35,6.66,22,Fully Paid,Midwest
22900.0,36,20.1,763.97,D,D2,7,MORTGAGE,36300.0,credit_card,38.58,0,6,0,33880.08,57.25,14,Charged Off,West
4200.0,36,29.15,150.68,A,A3,4,RENT,37600.0,home_improvement,8.76,0,13,0,43401.17,86.82,14,Fully Paid,South
8200.0,36,17.57,267.8,D,D2,8,OWN,211300.0,other,23.51,0,13,1,27872.71,61.75,20,Charged Off,Midwest
9600.0,60,6.29,170.06,B,B3,8,RENT,82600.0,credit_card,28.01,0,10,0,26042.21,0.94,10,Fully Paid,Northeast
11100.0,60,10.53,204.48,D,D2,5,RENT,94000.0,home_improvement,33.02,1,19,0,35064.8,1.18,32,Charged Off,Midwest
23100.0,36,11.12,713.02,C,C1,2,MORTGAGE,69300.0,debt_consolidation,16.28,0,11,0,8300.3,72.44,19,Fully Paid,Midwest
20700.0,60,13.45,391.4,F,F5,6,RENT,24300.0,debt_consolidation,27.48,0,6,0,38847.59,84.53,12,Charged Off,West
8900.0,36,6.09,262.28,B,B1,2,RENT,66000.0,debt_consolidation,12.13,0,16,0,46807.79,25.3,25,Fully Paid,Northeast
3600.0,36,27.62,127.62,A,A4,6,OWN,92600.0,debt_consolidation,17.42,0,21,0,14813.0,47.01,21,Fully Paid,South
7700.0,36,17.89,252.15,A,A5,7,OWN,35400.0,debt_consolidation,35.83,0,20,0,30552.25,96.11,30,Fully Paid,South
39400.0,36,21.77,1332.7,E,E5,4,MORTGAGE,87800.0,debt_consolidation,38.0,0,22,0,1631.13,46.06,22,Charged Off,South
19300.0,36,6.68,571.92,C,C2,4,MORTGAGE,77000.0,credit_card,28.75,0,11,0,38291.14,13.58,24,Fully Paid,Northeast
34800.0,36,6.35,1028.05,D,D3,3,MORTGAGE,136800.0,credit_card,14.97,0,18,0,27983.41,91.17,31,Charged Off,South
34100.0,60,19.66,680.07,B,B2,2,MORTGAGE,44000.0,major_purchase,32.8,0,7,0,33682.71,49.52,14,Fully Paid,West
20900.0,60,27.18,443.01,B,B5,7,RENT,31300.0,credit_card,1.03,0,10,0,7149.64,34.43,18,Fully Paid,Midwest
28600.0,60,18.21,563.47,A,A1,10,MORTGAGE,45200.0,credit_card,4.11,0,18,0,40472.74,9.74,19,Fully Paid,Northeast
8500.0,36,26.95,299.74,G,G3,5,RENT,111100.0,debt_consolidation,26.45,0,19,0,12796.82,45.83,21,Fully Paid,South
27800.0,36,25.27,967.36,D,D2,5,MORTGAGE,21700.0,small_business,11.65,0,15,0,34239.61,76.97,16,Fully Paid,Midwest
11600.0,36,6.9,344.46,F,F1,1,OWN,19300.0,debt_consolidation,38.06,1,24,0,29657.09,71.72,24,Charged Off,Midwest
33500.0,36,10.05,1024.08,B,B2,3,MORTGAGE,56700.0,other,17.44,0,7,0,32689.57,49.66,8,Fully Paid,West
4300.0,36,21.44,145.05,C,C5,4,MORTGAGE,43400.0,credit_card,17.17,1,12,0,2511.86,71.95,25,Fully Paid,South
31200.0,36,16.09,1006.11,D,D2,10,MORTGAGE,54400.0,debt_consolidation,27.12,0,20,0,37092.53,35.08,27,Fully Paid,Northeast
4900.0,36,12.27,152.81,B,B1,9,OWN,86900.0,debt_consolidation,30.7,1,17,0,39762.49,73.53,18,Fully Paid,Midwest
35400.0,36,15.47,1135.46,E,E1,4,OWN,41100.0,debt_consolidation,19.02,0,3,1,23740.79,8.57,11,Charged Off,West
12900.0,36,16.13,416.13,F,F1,2,OWN,21200.0,debt_consolidation,8.56,0,8,0,20443.05,19.92,8,Charged Off,Midwest
26500.0,36,27.76,940.46,E,E2,9,RENT,150600.0,debt_consolidation,30.93,0,22,0,17127.24,87.77,27,Fully Paid,West
20000.0,36,7.59,597.72,D,D5,4,MORTGAGE,32900.0,credit_card,12.81,0,7,0,46394.1,29.37,12,Fully Paid,West
15300.0,36,11.99,475.96,B,B4,4,MORTGAGE,31900.0,debt_consolidation,7.0,0,16,0,37753.41,20.59,21,Fully Paid,Midwest
26200.0,60,18.44,517.19,B,B4,1,MORTGAGE,94100.0,home_improvement,25.27,0,14,0,34930.94,8.9,20,Fully Paid,Midwest
38000.0,36,22.46,1292.63,G,G4,4,OWN,44700.0,small_business,3.62,0,8,0,46280.33,39.3,20,Fully Paid,South
2600.0,60,20.77,52.33,A,A3,2,RENT,52500.0,credit_card,38.85,0,21,0,17438.46,6.7,21,Fully Paid,Northeast
36800.0,36,28.54,1313.96,D,D5,2,MORTGAGE,69000.0,debt_consolidation,25.3,0,4,0,31506.9,49.7,12,Fully Paid,West
24800.0,36,24.89,860.35,D,D5,4,RENT,93100.0,debt_consolidation,39.44,0,16,0,34302.84,91.92,28,Fully Paid,West
32500.0,60,18.93,644.2,D,D3,8,MORTGAGE,45900.0,debt_consolidation,13.56,0,21,0,49811.38,78.71,31,Fully Paid,Midwest
16000.0,36,10.37,490.53,G,G4,1,MORTGAGE,115800.0,home_improvement,38.85,0,4,0,21359.31,4.07,8,Fully Paid,Midwest
19400.0,36,16.27,626.57,B,B4,8,RENT,18600.0,credit_card,5.82,0,16,0,20009.05,29.98,23,Fully Paid,Midwest
34900.0,60,22.33,711.55,B,B3,2,MORTGAGE,79200.0,credit_card,1.63,0,4,0,4224.4,18.76,5,Fully Paid,Northeast
17200.0,36,25.95,601.76,A,A1,6,MORTGAGE,35600.0,debt_consolidation,1.32,0,16,0,4922.62,6.69,28,Fully Paid,Midwest
21900.0,36,28.99,784.69,C,C5,0,MORTGAGE,107600.0,debt_consolidation,18.59,0,2,0,25589.95,10.86,15,Fully Paid,West
1800.0,60,20.14,36.04,B,B4,0,OWN,58200.0,major_purchase,3.32,1,22,0,8559.1,90.81,26,Fully Paid,West
7200.0,60,18.17,141.8,B,B4,7,RENT,38700.0,credit_card,20.49,0,21,1,3646.54,31.01,27,Fully Paid,West
26000.0,36,5.44,761.51,E,E3,8,RENT,75500.0,other,13.1,2,12,0,48244.65,39.22,14,Fully Paid,Northeast
29000.0,36,6.8,860.33,F,F2,2,MORTGAGE,84700.0,other,13.43,0,5,0,47570.87,48.57,16,Fully Paid,Northeast
23700.0,60,8.9,430.16,B,B5,5,RENT,74700.0,major_purchase,25.42,1,20,0,16263.84,74.49,26,Fully Paid,Northeast
6600.0,36,6.37,195.01,B,B5,2,MORTGAGE,32400.0,debt_consolidation,6.52,0,23,0,39493.47,79.84,29,Fully Paid,Northeast
18400.0,36,15.02,587.88,F,F5,5,OWN,42500.0,debt_consolidation,30.66,0,11,0,43627.45,96.37,21,Charged Off,South
14800.0,36,13.42,466.28,A,A1,6,MORTGAGE,54100.0,debt_consolidation,23.28,3,22,0,23237.35,21.07,34,Charged Off,South
20300.0,60,20.93,409.15,A,A2,4,MORTGAGE,53100.0,other,36.6,0,5,0,11184.86,30.11,14,Fully Paid,South
34900.0,36,18.39,1147.73,A,A5,2,MORTGAGE,78800.0,debt_consolidation,14.59,0,17,0,6490.24,31.3,18,Fully Paid,Midwest
31300.0,60,19.9,625.48,C,C1,7,OWN,19800.0,home_improvement,39.31,1,2,0,7041.12,44.53,9,Charged Off,Northeast
4300.0,36,16.8,139.51,A,A1,4,OWN,64000.0,other,23.03,1,14,0,39846.66,80.74,25,Fully Paid,Northeast
35700.0,36,11.94,1110.07,G,G1,0,RENT,46900.0,major_purchase,38.94,0,20,0,19220.79,23.95,28,Charged Off,South
19400.0,60,28.82,416.52,C,C5,8,RENT,35600.0,credit_card,1.08,0,15,0,34675.38,78.29,20,Fully Paid,South
30000.0,60,7.16,535.8,C,C5,2,MORTGAGE,37400.0,debt_consolidation,29.12,0,14,0,26934.67,20.4,19,Fully Paid,Northeast
6500.0,36,28.47,231.96,B,B3,1,MORTGAGE,48700.0,debt_consolidation,32.66,0,5,0,19733.42,71.01,18,Fully Paid,South
27200.0,36,12.78,852.12,C,C3,2,RENT,9000.0,credit_card,2.13,0,11,0,6190.79,79.9,18,Fully Paid,Midwest
10200.0,60,17.82,200.29,D,D2,6,OWN,38200.0,other,23.16,1,9,0,16672.45,85.38,13,Fully Paid,Midwest
18100.0,36,7.72,541.59,D,D3,10,MORTGAGE,35000.0,other,32.08,0,10,0,42008.7,51.03,10,Fully Paid,Midwest
1700.0,36,6.77,50.42,D,D5,9,MORTGAGE,70700.0,debt_consolidation,22.44,0,15,0,40569.9,32.87,24,Fully Paid,West
6900.0,36,15.74,221.83,C,C3,7,RENT,36200.0,debt_consolidation,2.55,0,9,0,1418.43,77.24,17,Fully Paid,West
4600.0,60,23.54,94.71,F,F2,1,RENT,48700.0,credit_card,27.74,0,2,0,7013.83,32.09,4,Charged Off,Northeast
10400.0,60,11.73,193.67,E,E5,6,MORTGAGE,117100.0,credit_card,2.42,0,12,0,37795.06,14.81,18,Fully Paid,West
4900.0,60,19.06,97.23,D,D4,10,RENT,89100.0,debt_consolidation,32.7,1,17,0,16786.64,83.47,22,Fully Paid,South
28000.0,36,11.97,870.88,A,A4,4,MORTGAGE,85100.0,debt_consolidation,1.72,0,2,1,32179.55,41.12,12,Fully Paid,Midwest
2100.0,36,14.72,66.92,A,A4,8,MORTGAGE,42200.0,other,5.5,0,20,0,28133.79,57.08,23,Fully Paid,Midwest
25100.0,36,27.66,890.07,B,B2,6,RENT,71100.0,other,11.0,0,21,0,32603.37,91.84,27,Fully Paid,West
6500.0,36,26.4,228.22,D,D2,0,OWN,48200.0,credit_card,25.33,1,19,0,2684.83,13.58,27,Fully Paid,Midwest
37900.0,36,17.9,1241.23,C,C5,0,MORTGAGE,49100.0,credit_card,39.05,0,8,1,46555.96,55.72,11,Fully Paid,Midwest
37400.0,36,10.95,1152.65,C,C4,5,RENT,66500.0,debt_consolidation,4.71,0,10,0,1048.48,55.88,20,Charged Off,Midwest
9800.0,36,9.83,298.98,E,E1,8,RENT,40200.0,home_improvement,5.71,1,7,0,401.62,86.19,12,Fully Paid,South
25000.0,36,28.85,894.79,E,E3,0,OWN,114300.0,debt_consolidation,14.75,0,21,0,11307.65,34.13,23,Fully Paid,West
2100.0,36,10.07,64.21,F,F4,2,OWN,50000.0,debt_consolidation,33.45,0,7,0,49674.8,40.12,18,Fully Paid,Midwest
37300.0,60,25.2,778.33,B,B4,4,MORTGAGE,73800.0,debt_consolidation,18.69,0,2,0,3626.62,51.93,4,Fully Paid,Midwest
21400.0,36,14.22,678.97,D,D4,3,MORTGAGE,112200.0,debt_consolidation,12.86,0,7,0,43725.01,16.72,13,Fully Paid,Midwest
2700.0,36,29.64,97.23,B,B4,0,MORTGAGE,90700.0,small_business,22.45,1,17,0,7954.45,47.07,25,Fully Paid,Northeast
14400.0,36,14.2,456.8,B,B5,9,RENT,26800.0,other,10.42,1,5,0,5455.16,43.61,17,Fully Paid,South
4000.0,60,13.79,75.86,B,B3,3,RENT,67700.0,home_improvement,16.05,0,4,0,38948.52,19.74,8,Fully Paid,West
16300.0,36,20.94,547.59,B,B4,3,RENT,82900.0,home_improvement,13.3,0,23,0,42333.94,83.3,25,Fully Paid,Midwest
27100.0,36,29.04,971.38,C,C5,10,MORTGAGE,84600.0,debt_consolidation,32.17,0,10,0,39609.14,43.1,22,Fully Paid,South
19300.0,36,29.41,693.78,E,E4,9,RENT,31000.0,credit_card,36.97,1,23,0,12051.44,30.61,35,Charged Off,Midwest
16000.0,36,22.68,545.24,A,A1,3,OWN,39000.0,home_improvement,30.38,1,9,0,43992.14,13.04,21,Fully Paid,West
5600.0,60,23.87,115.61,D,D5,2,MORTGAGE,89100.0,credit_card,17.56,2,8,0,3594.27,8.97,13,Fully Paid,West
10600.0,36,19.09,350.65,C,C1,6,OWN,37000.0,debt_consolidation,20.17,0,13,1,17098.87,96.02,20,Fully Paid,Northeast
4900.0,36,23.89,168.63,B,B4,0,RENT,46600.0,home_improvement,5.0,0,2,0,23159.16,99.52,15,Fully Paid,Northeast
32500.0,36,26.49,1141.92,C,C3,1,OWN,119100.0,debt_consolidation,29.87,0,23,1,3386.76,89.79,37,Fully Paid,Northeast
6300.0,36,17.15,205.01,B,B5,0,MORTGAGE,52900.0,debt_consolidation,23.86,0,13,0,28992.16,45.86,23,Fully Paid,Northeast
24200.0,36,20.5,810.03,C,C1,3,MORTGAGE,37700.0,credit_card,36.1,2,17,0,27969.15,80.79,29,Fully Paid,Midwest
14400.0,36,18.43,473.72,C,C1,4,MORTGAGE,34900.0,debt_consolidation,8.02,0,15,0,49609.13,83.43,26,Fully Paid,South
9800.0,60,19.06,194.46,A,A3,10,RENT,64000.0,credit_card,30.39,0,12,0,31083.2,29.98,25,Fully Paid,Midwest
25900.0,60,27.25,549.3,A,A5,9,RENT,27800.0,credit_card,27.39,0,21,1,19877.28,58.6,24,Charged Off,Northeast
18800.0,60,13.89,356.86,C,C2,4,MORTGAGE,47900.0,debt_consolidation,10.63,0,20,0,39509.24,95.68,26,Fully Paid,Northeast
16600.0,36,10.2,508.14,F,F1,1,MORTGAGE,64000.0,other,26.7,1,20,0,16748.35,28.01,26,Fully Paid,Midwest
24100.0,36,16.41,779.3,B,B5,10,RENT,103700.0,major_purchase,36.97,1,14,0,26643.43,66.29,18,Fully Paid,Midwest
20200.0,36,10.2,618.34,D,D2,2,RENT,75600.0,debt_consolidation,36.74,0,13,0,2773.48,66.25,22,Fully Paid,South
12800.0,36,17.46,417.64,D,D5,3,MORTGAGE,37900.0,home_improvement,28.79,1,11,0,16133.29,45.27,12,Fully Paid,South
22800.0,36,27.59,808.07,F,F4,9,OWN,97700.0,debt_consolidation,1.92,1,16,0,26405.4,49.03,19,Charged Off,West
27100.0,60,20.44,543.99,E,E1,5,RENT,46600.0,major_purchase,34.89,1,14,0,35115.59,45.64,25,Charged Off,South
2000.0,36,26.39,70.22,C,C2,5,OWN,29200.0,major_purchase,26.31,0,14,0,4951.64,52.11,28,Fully Paid,South
19200.0,60,9.15,349.28,D,D3,1,MORTGAGE,49700.0,debt_consolidation,12.42,0,16,0,39859.34,14.88,20,Fully Paid,Northeast
3200.0,36,27.52,113.35,E,E3,1,MORTGAGE,111200.0,home_improvement,7.49,0,18,0,45007.95,79.47,20,Fully Paid,Northeast
8300.0,36,20.04,276.76,B,B4,8,OWN,58800.0,small_business,4.65,0,24,0,14051.86,66.11,27,Fully Paid,West
22900.0,36,5.79,672.94,B,B4,1,MORTGAGE,54500.0,debt_consolidation,2.01,0,12,0,38267.33,97.38,24,Fully Paid,West
34800.0,36,20.83,1168.02,A,A2,1,RENT,122800.0,debt_consolidation,30.16,0,11,0,9017.42,24.56,22,Fully Paid,South
35400.0,36,28.78,1266.34,E,E1,2,OWN,26500.0,debt_consolidation,9.43,1,5,0,26170.79,14.6,18,Fully Paid,South
3700.0,60,6.98,65.97,E,E1,8,OWN,28500.0,debt_consolidation,0.97,0,18,0,39881.77,34.26,29,Fully Paid,West
17300.0,60,19.56,344.73,A,A3,5,OWN,24200.0,debt_consolidation,15.89,1,15,0,19324.58,50.97,29,Fully Paid,West
23700.0,36,27.89,841.94,C,C4,10,MORTGAGE,65300.0,debt_consolidation,19.3,1,3,0,1315.01,20.5,15,Fully Paid,Northeast
6700.0,36,5.24,195.86,C,C3,5,RENT,58900.0,debt_consolidation,6.77,1,8,1,26998.37,46.06,12,Fully Paid,West
30900.0,60,20.77,621.97,A,A2,9,RENT,117200.0,debt_consolidation,1.76,1,17,0,42234.99,64.26,17,Fully Paid,Northeast
30000.0,60,16.87,584.35,G,G3,4,MORTGAGE,61200.0,home_improvement,7.57,0,18,0,5416.37,5.62,20,Charged Off,Northeast
36200.0,36,13.67,1143.02,B,B3,6,RENT,44300.0,other,27.16,0,23,0,1482.07,75.8,37,Fully Paid,West
1300.0,60,20.69,26.15,A,A4,10,RENT,54200.0,other,3.29,0,5,1,40452.04,93.97,19,Charged Off,West
9500.0,36,6.32,280.57,C,C4,3,OWN,57500.0,debt_consolidation,22.2,0,4,0,13356.63,26.82,17,Fully Paid,South
33300.0,36,23.83,1145.43,D,D1,9,MORTGAGE,23500.0,major_purchase,5.86,0,24,0,18217.19,77.62,32,Fully Paid,South
27200.0,36,5.11,794.16,A,A1,9,OWN,210100.0,other,7.83,1,6,0,4349.1,41.79,14,Fully Paid,Northeast
35900.0,36,12.67,1123.57,D,D1,2,OWN,70300.0,other,15.72,2,7,0,4830.95,66.44,15,Fully Paid,Northeast
3200.0,36,17.6,104.53,C,C3,6,MORTGAGE,60200.0,small_business,4.03,0,24,0,30727.17,74.3,32,Fully Paid,West
24300.0,36,14.43,772.4,A,A3,9,MORTGAGE,73700.0,major_purchase,6.93,0,7,0,27611.48,29.5,20,Fully Paid,Midwest
23200.0,36,12.69,726.22,A,A5,0,MORTGAGE,77200.0,debt_consolidation,13.96,0,7,0,14620.09,78.74,15,Fully Paid,Midwest
2400.0,60,25.77,50.31,C,C2,5,RENT,50500.0,debt_consolidation,13.19,0,20,0,22636.88,10.51,33,Fully Paid,West
21000.0,60,28.37,449.3,B,B5,10,MORTGAGE,39500.0,credit_card,29.97,1,12,0,19409.89,98.67,15,Fully Paid,Northeast
24800.0,36,26.84,873.79,F,F2,10,MORTGAGE,73100.0,debt_consolidation,2.99,0,20,0,34752.65,33.7,26,Charged Off,Northeast
8500.0,36,18.06,278.75,E,E4,10,MORTGAGE,65700.0,other,34.42,0,15,0,43104.45,22.38,29,Fully Paid,Midwest
11700.0,36,27.1,413.08,G,G3,1,MORTGAGE,36100.0,debt_consolidation,32.65,0,16,0,38255.12,13.87,16,Fully Paid,South
26000.0,36,28.02,924.59,B,B5,1,OWN,110100.0,other,30.64,3,6,0,220.38,81.22,20,Fully Paid,Northeast
19300.0,36,15.23,617.76,G,G3,10,MORTGAGE,62700.0,major_purchase,12.37,0,24,0,4977.67,58.59,28,Fully Paid,West
34500.0,36,12.09,1074.2,C,C5,7,MORTGAGE,78000.0,debt_consolidation,32.92,0,13,0,21468.84,95.17,26,Fully Paid,Northeast
14400.0,36,7.46,429.84,B,B1,2,RENT,108700.0,debt_consolidation,7.31,0,14,0,42589.94,64.77,28,Fully Paid,Northeast
11400.0,36,16.98,370.44,A,A2,8,RENT,54800.0,debt_consolidation,4.98,0,23,1,11848.71,34.06,33,Fully Paid,South
39400.0,36,28.66,1408.11,A,A1,3,RENT,63500.0,home_improvement,1.8,0,19,0,43947.6,83.64,20,Fully Paid,Midwest
36500.0,60,19.02,724.04,D,D3,5,MORTGAGE,81200.0,major_purchase,37.57,0,4,1,5500.68,28.12,13,Fully Paid,South
2100.0,36,21.69,70.99,C,C4,0,MORTGAGE,37700.0,other,12.32,0,13,0,3630.36,29.08,16,Fully Paid,West
31100.0,36,7.82,931.44,B,B4,10,OWN,55700.0,debt_consolidation,36.7,1,6,0,45670.98,2.83,19,Fully Paid,West
5300.0,36,8.59,159.87,C,C1,9,MORTGAGE,57700.0,debt_consolidation,10.9,0,14,0,8098.85,25.2,22,Fully Paid,South
2100.0,36,16.61,68.02,B,B5,9,MORTGAGE,33600.0,debt_consolidation,36.3,2,24,0,23188.78,26.14,28,Charged Off,West
11700.0,36,28.78,418.54,C,C1,2,MORTGAGE,172600.0,debt_consolidation,36.16,0,14,0,16297.85,29.75,28,Fully Paid,West
11500.0,60,14.02,218.54,B,B4,3,RENT,26800.0,major_purchase,36.95,0,7,1,7381.82,36.86,21,Fully Paid,Northeast
33000.0,36,26.94,1163.62,E,E1,4,OWN,28300.0,debt_consolidation,19.85,0,17,0,31605.55,57.67,18,Charged Off,West
28700.0,60,8.01,516.65,E,E2,0,MORTGAGE,104500.0,credit_card,34.64,0,4,0,48183.64,21.64,4,Fully Paid,Northeast
39300.0,36,20.43,1314.69,C,C1,3,RENT,77400.0,debt_consolidation,38.03,1,8,0,32905.47,63.68,9,Fully Paid,West
28700.0,36,20.02,956.83,B,B5,4,RENT,32400.0,debt_consolidation,12.98,0,22,0,17684.93,13.33,31,Fully Paid,Midwest
17300.0,36,26.5,607.9,B,B3,3,OWN,73400.0,credit_card,16.75,0,11,0,35589.85,93.09,11,Fully Paid,South
28300.0,36,5.08,826.05,E,E1,9,MORTGAGE,112900.0,credit_card,28.77,0,5,0,7162.41,2.61,7,Fully Paid,Midwest
40000.0,36,9.75,1219.44,B,B2,9,OWN,53400.0,debt_consolidation,12.01,1,13,0,29000.82,90.82,27,Fully Paid,South
28700.0,60,10.49,528.51,B,B5,6,OWN,198700.0,home_improvement,30.15,0,7,0,23472.87,54.72,21,Fully Paid,Northeast
30700.0,36,28.75,1097.95,A,A2,7,OWN,22900.0,debt_consolidation,2.96,0,19,0,17999.18,71.0,29,Charged Off,Midwest
37600.0,36,8.84,1136.77,C,C5,7,RENT,76600.0,credit_card,20.94,0,8,0,36978.37,29.83,15,Fully Paid,South
5400.0,60,5.92,95.33,C,C4,2,MORTGAGE,97100.0,other,4.89,0,3,1,5924.36,17.38,14,Fully Paid,Northeast
28500.0,36,18.36,937.02,E,E4,4,RENT,84600.0,home_improvement,11.73,0,24,0,26639.52,94.73,30,Fully Paid,West
34200.0,36,18.21,1122.99,B,B3,9,MORTGAGE,48900.0,debt_consolidation,10.35,0,9,0,42719.87,44.1,21,Fully Paid,West
38200.0,36,26.1,1338.06,B,B3,7,RENT,46900.0,home_improvement,33.56,0,19,0,10085.51,48.05,19,Fully Paid,Northeast
9200.0,36,28.72,328.95,E,E5,6,OWN,67600.0,major_purchase,7.74,2,14,1,13227.06,98.57,23,Charged Off,South
20700.0,36,18.46,681.15,E,E2,8,MORTGAGE,81500.0,debt_consolidation,32.34,0,24,0,33033.59,33.61,26,Charged Off,Northeast
27500.0,36,28.25,979.69,B,B2,9,MORTGAGE,73200.0,home_improvement,31.76,0,4,0,38629.35,10.02,10,Fully Paid,South
10700.0,36,23.13,365.97,C,C1,6,RENT,91100.0,debt_consolidation,19.96,0,14,0,14166.78,58.69,18,Charged Off,South
24400.0,36,11.61,756.47,B,B4,1,RENT,32600.0,major_purchase,9.35,0,8,0,17994.9,55.48,13,Fully Paid,South
11000.0,36,28.21,391.75,F,F1,3,RENT,48300.0,debt_consolidation,9.08,0,2,0,36995.62,77.31,6,Charged Off,West
14000.0,36,21.69,473.24,A,A3,7,RENT,33900.0,other,18.6,1,19,0,14266.18,95.51,26,Fully Paid,South
18200.0,36,15.35,583.16,F,F4,8,MORTGAGE,44700.0,credit_card,0.35,0,22,0,33312.38,30.77,22,Charged Off,Northeast
21600.0,60,22.01,439.24,D,D2,6,OWN,90000.0,debt_consolidation,21.25,0,17,0,7941.74,72.18,23,Charged Off,West
18500.0,36,15.03,591.13,C,C4,4,MORTGAGE,57200.0,debt_consolidation,38.11,0,12,0,20565.52,43.45,20,Fully Paid,South
20200.0,60,7.85,363.1,A,A3,0,MORTGAGE,199500.0,debt_consolidation,6.19,0,18,0,34433.86,78.38,26,Fully Paid,West
12600.0,36,22.97,430.4,C,C4,8,RENT,59700.0,debt_consolidation,22.93,0,6,0,22995.23,16.43,8,Fully Paid,West
7200.0,36,25.6,251.2,C,C3,5,MORTGAGE,55800.0,debt_consolidation,38.47,0,7,1,961.87,50.09,10,Fully Paid,South
2800.0,36,23.22,95.84,A,A2,1,MORTGAGE,57100.0,debt_consolidation,34.42,0,15,0,20319.02,7.72,18,Fully Paid,South
8600.0,60,10.73,158.71,D,D5,10,MORTGAGE,39400.0,credit_card,34.02,3,15,0,14416.76,56.12,22,Fully Paid,Northeast
23700.0,36,28.92,848.72,G,G4,9,MORTGAGE,52600.0,debt_consolidation,32.87,0,20,1,5064.11,16.9,31,Charged Off,West
31700.0,60,5.63,558.08,C,C5,9,MORTGAGE,95200.0,debt_consolidation,12.36,0,6,0,456.9,96.0,12,Fully Paid,Midwest
7600.0,60,13.32,143.54,D,D3,1,MORTGAGE,57400.0,credit_card,35.62,1,19,0,2275.77,55.43,26,Fully Paid,West
5200.0,36,11.5,161.06,A,A4,9,MORTGAGE,36400.0,debt_consolidation,37.65,0,12,0,47462.38,52.94,26,Fully Paid,South
30200.0,36,6.2,890.9,C,C2,0,MORTGAGE,34100.0,debt_consolidation,19.83,1,13,1,37490.96,97.23,27,Fully Paid,Midwest
12900.0,36,15.14,412.58,A,A4,3,OWN,43300.0,debt_consolidation,14.18,3,20,0,46987.09,49.84,24,Fully Paid,Midwest
38100.0,36,20.58,1276.14,C,C2,9,RENT,56200.0,credit_card,16.57,0,22,0,5739.19,67.67,34,Fully Paid,South
28900.0,36,27.06,1020.01,F,F3,10,MORTGAGE,98400.0,debt_consolidation,13.37,0,18,0,28525.49,4.67,20,Fully Paid,West
13700.0,60,29.74,296.24,D,D5,1,RENT,27700.0,debt_consolidation,8.5,0,22,1,4164.43,70.83,30,Fully Paid,Midwest
12300.0,36,25.2,427.77,A,A1,9,OWN,46200.0,credit_card,24.74,0,18,0,1340.32,10.43,26,Fully Paid,Midwest
21400.0,36,16.72,693.84,B,B1,10,OWN,58200.0,debt_consolidation,22.5,0,3,0,23314.06,78.02,12,Fully Paid,West
4100.0,36,23.09,140.19,C,C4,8,MORTGAGE,21700.0,debt_consolidation,18.5,0,7,0,32317.18,87.68,16,Fully Paid,South
5600.0,60,26.09,117.68,C,C5,1,MORTGAGE,35700.0,debt_consolidation,3.83,0,20,0,3178.12,31.55,21,Fully Paid,West
7900.0,36,16.63,255.94,E,E2,10,OWN,38600.0,small_business,31.88,0,7,0,18252.99,87.81,14,Fully Paid,West
31200.0,60,24.63,648.08,E,E1,8,RENT,36400.0,major_purchase,7.0,2,2,1,4508.35,48.26,14,Fully Paid,Northeast
21000.0,60,17.07,409.74,C,C5,0,MORTGAGE,59600.0,other,4.58,0,15,0,18105.18,57.16,26,Fully Paid,Midwest
1400.0,36,14.66,44.59,B,B5,6,MORTGAGE,50000.0,credit_card,24.92,0,24,0,23589.78,41.1,26,Fully Paid,South
27300.0,36,18.15,895.97,B,B3,5,MORTGAGE,41000.0,credit_card,15.95,0,3,0,16876.57,47.65,14,Fully Paid,South
17500.0,36,21.9,592.57,A,A1,5,RENT,67100.0,other,2.39,0,22,0,28812.45,90.83,30,Fully Paid,Midwest
20900.0,36,23.17,715.07,B,B3,1,MORTGAGE,128200.0,debt_consolidation,14.22,0,22,0,29229.5,94.73,23,Fully Paid,Midwest
9400.0,60,13.92,178.47,C,C5,0,MORTGAGE,123000.0,credit_card,30.87,1,13,1,16646.77,44.59,24,Fully Paid,Midwest
22500.0,36,19.28,745.5,D,D1,9,RENT,20700.0,debt_consolidation,24.61,0,18,0,19479.92,51.44,26,Fully Paid,South
39200.0,36,27.75,1391.06,D,D2,7,MORTGAGE,72300.0,credit_card,14.51,2,24,2,22053.28,11.62,25,Fully Paid,West
3900.0,36,29.41,140.19,A,A4,7,RENT,49600.0,debt_consolidation,7.67,0,5,0,18782.67,32.56,19,Fully Paid,West
12100.0,36,10.68,372.01,B,B5,1,MORTGAGE,58500.0,major_purchase,25.27,0,5,0,38032.38,51.32,11,Fully Paid,South
10500.0,36,9.82,320.31,B,B2,3,MORTGAGE,44400.0,other,35.5,0,8,0,6997.38,20.26,14,Fully Paid,West
10700.0,36,21.92,362.37,A,A4,3,OWN,57500.0,debt_consolidation,25.85,1,14,0,42851.77,57.65,21,Fully Paid,Northeast
15800.0,60,15.37,303.81,E,E1,1,MORTGAGE,58400.0,major_purchase,32.52,0,18,2,16562.55,68.53,32,Fully Paid,Northeast
32900.0,36,5.61,965.16,A,A2,10,RENT,40600.0,debt_consolidation,20.86,0,15,0,36198.04,65.0,26,Fully Paid,South
36600.0,36,13.67,1155.64,C,C2,8,MORTGAGE,34600.0,debt_consolidation,28.72,0,23,0,44188.79,44.25,26,Fully Paid,West
8900.0,60,25.17,185.67,A,A4,3,RENT,43300.0,home_improvement,35.85,0,18,0,44372.64,76.93,21,Fully Paid,Northeast
22200.0,60,24.94,462.28,E,E2,3,OWN,60900.0,debt_consolidation,30.93,0,17,0,22618.25,31.95,24,Fully Paid,West
25800.0,36,17.37,841.15,C,C1,3,RENT,73100.0,credit_card,36.39,0,17,0,12830.16,46.93,22,Fully Paid,Midwest
21400.0,36,16.81,694.37,B,B1,4,OWN,83000.0,debt_consolidation,17.25,1,7,0,30288.02,27.02,12,Fully Paid,West
17900.0,36,19.49,594.13,C,C5,9,MORTGAGE,42300.0,credit_card,36.17,0,3,0,9198.15,60.36,12,Fully Paid,Northeast
8500.0,36,10.48,260.86,D,D4,7,MORTGAGE,62400.0,credit_card,24.86,0,18,1,39529.84,44.07,22,Fully Paid,Northeast
20000.0,60,18.15,393.83,F,F3,3,OWN,87700.0,other,34.8,3,24,0,35567.24,21.71,33,Fully Paid,South
16600.0,36,5.28,485.46,B,B1,2,RENT,97000.0,home_improvement,1.58,0,3,2,39782.03,30.82,5,Fully Paid,South
32000.0,60,16.89,623.41,E,E3,10,OWN,52600.0,debt_consolidation,26.31,0,19,0,21662.88,27.95,32,Charged Off,Midwest
30800.0,36,13.4,970.2,F,F2,0,MORTGAGE,48500.0,debt_consolidation,33.92,0,22,1,27871.41,91.09,23,Charged Off,Northeast
6200.0,36,21.87,209.89,F,F4,1,RENT,59600.0,other,6.97,0,21,0,5136.33,52.2,28,Fully Paid,South
4500.0,36,20.96,151.2,D,D4,3,OWN,30500.0,home_improvement,26.47,0,13,0,34382.28,65.27,24,Fully Paid,South
36400.0,36,14.52,1157.92,D,D1,8,MORTGAGE,49200.0,credit_card,33.0,0,5,0,24341.93,93.47,5,Fully Paid,South
21900.0,36,5.18,639.84,C,C1,0,RENT,78600.0,credit_card,11.52,0,10,0,25461.92,18.22,10,Fully Paid,Midwest
34500.0,36,11.31,1066.72,D,D4,5,RENT,74700.0,debt_consolidation,16.21,0,12,0,42349.61,93.69,23,Fully Paid,Midwest
3300.0,36,20.83,110.76,C,C3,5,RENT,47300.0,credit_card,22.78,1,18,0,38616.06,53.96,22,Fully Paid,Northeast
21500.0,60,6.81,382.74,D,D4,9,RENT,60400.0,major_purchase,20.77,0,14,0,26759.63,85.62,18,Charged Off,Midwest
22000.0,36,7.69,658.11,C,C5,2,RENT,35900.0,debt_consolidation,1.57,0,20,0,17755.32,16.8,21,Fully Paid,Northeast
34600.0,60,21.18,698.8,D,D4,9,MORTGAGE,77000.0,other,3.95,1,9,0,22321.77,27.29,18,Fully Paid,Northeast
4800.0,36,23.89,165.19,E,E3,8,RENT,52100.0,debt_consolidation,4.02,0,6,0,17538.18,19.42,12,Fully Paid,Northeast
10400.0,60,13.04,195.94,A,A2,9,RENT,47200.0,debt_consolidation,10.49,0,11,0,7580.27,65.34,25,Fully Paid,South
16900.0,60,17.24,330.23,E,E3,2,RENT,45200.0,debt_consolidation,9.83,0,16,0,32288.8,14.08,16,Fully Paid,West
34800.0,36,28.64,1243.52,C,C4,0,MORTGAGE,52500.0,credit_card,29.69,0,20,0,34575.75,79.25,23,Fully Paid,South
37600.0,60,28.64,806.14,E,E4,1,MORTGAGE,43300.0,debt_consolidation,22.91,0,10,0,48560.5,25.04,13,Fully Paid,South
39700.0,36,12.69,1242.72,C,C2,3,MORTGAGE,75300.0,debt_consolidation,30.56,0,17,0,22785.22,25.55,18,Fully Paid,Midwest
38400.0,60,25.25,801.6,B,B5,3,OWN,44500.0,other,2.8,0,17,1,49864.62,28.11,19,Fully Paid,South
1200.0,36,19.85,39.95,F,F1,1,MORTGAGE,120100.0,debt_consolidation,19.41,0,9,0,9354.93,74.64,22,Fully Paid,Northeast
2900.0,36,29.39,104.23,B,B3,9,RENT,112700.0,debt_consolidation,12.95,0,4,0,32831.54,92.42,5,Fully Paid,West
6800.0,36,16.94,220.89,E,E3,5,RENT,34700.0,credit_card,34.0,0,4,0,49738.43,90.75,9,Charged Off,Midwest
14600.0,36,24.37,504.39,C,C4,5,RENT,56100.0,debt_consolidation,28.31,0,11,0,32016.25,10.13,12,Fully Paid,West
33400.0,36,24.2,1152.3,C,C3,2,RENT,39100.0,debt_consolidation,34.77,1,13,0,22618.49,26.24,25,Fully Paid,Midwest
35800.0,60,17.44,700.73,B,B2,0,RENT,46000.0,debt_consolidation,1.86,0,16,0,25762.62,67.22,22,Fully Paid,South
8300.0,60,24.89,172.76,C,C5,9,OWN,147400.0,credit_card,28.83,0,16,0,42275.56,61.86,21,Charged Off,South
25200.0,36,11.53,780.71,B,B4,8,RENT,46500.0,small_business,21.6,0,20,0,46955.52,35.0,29,Fully Paid,South
36800.0,60,8.06,662.77,A,A1,3,MORTGAGE,64900.0,debt_consolidation,33.0,1,15,0,22696.33,86.28,16,Fully Paid,South
19100.0,60,15.63,368.09,B,B2,8,MORTGAGE,71000.0,credit_card,20.29,1,12,0,38618.5,13.05,14,Fully Paid,Midwest
5000.0,36,28.59,178.6,A,A1,4,MORTGAGE,32800.0,debt_consolidation,21.61,1,7,0,46684.42,63.9,14,Fully Paid,Midwest
18900.0,36,17.52,616.98,G,G3,6,RENT,35300.0,debt_consolidation,2.07,0,13,0,14106.03,27.31,13,Charged Off,Northeast
15700.0,36,20.88,527.17,G,G3,2,MORTGAGE,29600.0,credit_card,26.74,0,19,1,24658.03,52.72,27,Charged Off,Midwest
23500.0,60,20.6,472.35,B,B5,2,MORTGAGE,34800.0,debt_consolidation,10.93,0,3,0,49770.88,38.75,4,Fully Paid,Midwest
18100.0,60,8.31,326.74,D,D1,7,MORTGAGE,13000.0,credit_card,0.79,0,17,0,17673.93,97.97,24,Fully Paid,South
1700.0,36,14.76,54.19,B,B2,0,OWN,71100.0,debt_consolidation,2.66,1,5,0,30984.4,48.67,12,Fully Paid,Northeast
39800.0,36,22.67,1356.19,D,D1,7,MORTGAGE,151300.0,other,38.29,0,5,0,32851.58,97.61,12,Fully Paid,West
22200.0,60,29.3,478.41,E,E1,7,RENT,58300.0,credit_card,13.84,0,22,0,7707.42,25.5,25,Charged Off,Midwest
19500.0,60,9.2,354.9,F,F1,2,RENT,26700.0,debt_consolidation,34.72,0,18,0,40330.85,76.79,19,Fully Paid,West
38200.0,60,15.26,733.82,C,C1,0,RENT,39300.0,debt_consolidation,38.39,1,21,1,20645.03,71.71,33,Fully Paid,South
7100.0,36,7.38,211.78,E,E3,8,MORTGAGE,43100.0,debt_consolidation,37.73,0,23,0,25016.17,84.76,33,Fully Paid,South
8400.0,36,11.06,259.14,B,B5,3,RENT,32600.0,debt_consolidation,35.27,0,11,1,32142.12,69.36,12,Charged Off,West
32500.0,36,14.42,1032.96,G,G2,6,RENT,83300.0,home_improvement,35.79,1,19,0,20524.23,68.24,25,Fully Paid,West
11200.0,36,18.52,368.73,A,A4,8,MORTGAGE,81200.0,small_business,11.56,0,20,0,16254.12,66.07,20,Fully Paid,Northeast
32200.0,60,10.76,594.41,C,C3,2,RENT,30400.0,debt_consolidation,6.06,0,12,0,27321.54,98.51,13,Fully Paid,Midwest
11600.0,36,10.69,356.67,D,D3,4,MORTGAGE,77900.0,debt_consolidation,25.57,0,15,0,17339.25,22.81,28,Fully Paid,Midwest
2300.0,60,24.45,47.71,D,D2,9,MORTGAGE,116200.0,debt_consolidation,19.52,1,5,0,21706.49,3.01,7,Fully Paid,Midwest
21200.0,36,29.07,760.08,A,A2,10,RENT,140300.0,credit_card,3.95,0,17,0,5420.38,67.8,23,Fully Paid,Midwest
8700.0,60,13.09,163.98,F,F5,2,RENT,227000.0,debt_consolidation,27.1,0,4,0,42237.15,17.23,14,Fully Paid,Northeast
30600.0,36,22.2,1038.7,B,B4,4,OWN,34500.0,other,22.51,0,23,0,20585.36,67.94,34,Charged Off,South
26000.0,36,11.45,804.92,D,D3,10,MORTGAGE,222400.0,home_improvement,34.52,0,12,0,4139.2,31.97,19,Fully Paid,West
37000.0,36,28.2,1317.61,B,B5,1,MORTGAGE,45400.0,other,24.37,0,6,0,39501.19,4.34,9,Fully Paid,South
31500.0,36,21.82,1065.92,B,B3,3,RENT,40300.0,debt_consolidation,22.96,0,22,0,981.27,76.98,25,Fully Paid,Northeast
8100.0,60,25.07,168.84,C,C5,1,RENT,63800.0,credit_card,17.63,1,3,0,29967.31,5.16,12,Fully Paid,Midwest
32200.0,36,6.23,950.17,C,C5,2,RENT,40500.0,home_improvement,18.51,0,13,1,35133.19,22.41,13,Fully Paid,South
26000.0,36,19.96,866.38,A,A4,4,MORTGAGE,66100.0,home_improvement,38.18,0,14,0,9560.52,33.64,26,Fully Paid,Midwest
27100.0,60,18.19,533.82,A,A1,8,RENT,28000.0,debt_consolidation,5.54,0,3,0,6562.97,13.27,3,Fully Paid,West
33500.0,60,12.32,627.12,C,C3,2,RENT,48100.0,other,17.85,0,6,0,5694.15,91.36,12,Fully Paid,South
23400.0,36,11.56,725.14,D,D5,9,MORTGAGE,103000.0,other,26.23,0,24,0,49666.5,62.18,34,Fully Paid,Midwest
19200.0,60,19.5,382.4,E,E5,5,OWN,52700.0,debt_consolidation,17.32,2,20,0,37754.34,87.54,28,Fully Paid,Northeast
25800.0,36,22.66,879.06,A,A2,3,RENT,58200.0,credit_card,11.33,0,6,0,15635.52,68.21,7,Fully Paid,West
12600.0,36,5.83,370.4,B,B1,3,MORTGAGE,68700.0,debt_consolidation,11.49,0,4,0,16777.88,99.19,15,Fully Paid,Midwest
8100.0,36,19.19,268.18,A,A2,10,MORTGAGE,97300.0,small_business,9.35,0,20,0,32431.24,52.52,28,Fully Paid,Midwest
25000.0,36,9.26,758.75,A,A1,9,OWN,23700.0,home_improvement,13.76,1,20,0,22883.6,5.38,30,Fully Paid,Northeast
10100.0,36,8.51,304.43,D,D4,9,MORTGAGE,72600.0,debt_consolidation,34.87,0,12,0,13567.01,16.09,18,Fully Paid,West
4100.0,36,20.58,137.33,C,C4,4,OWN,47400.0,debt_consolidation,20.21,0,13,0,2854.83,58.84,23,Fully Paid,Northeast
1000.0,36,12.77,31.32,A,A2,10,MORTGAGE,58900.0,debt_consolidation,9.61,1,20,0,39192.68,34.77,34,Fully Paid,West
24700.0,60,16.02,477.62,B,B2,6,MORTGAGE,92000.0,debt_consolidation,15.38,0,21,0,44411.29,11.29,28,Fully Paid,Midwest
15100.0,36,14.0,478.17,A,A1,10,MORTGAGE,29800.0,debt_consolidation,4.23,0,11,2,10297.96,23.81,15,Fully Paid,Midwest
30300.0,60,21.21,612.11,E,E1,3,MORTGAGE,32700.0,credit_card,36.16,0,18,0,3170.26,47.46,18,Fully Paid,West
15600.0,60,16.75,303.55,G,G2,7,MORTGAGE,20600.0,home_improvement,16.33,1,13,2,5931.28,51.82,20,Fully Paid,Midwest
20000.0,36,29.09,717.17,A,A2,8,OWN,41200.0,credit_card,39.22,0,4,0,20712.97,93.46,13,Fully Paid,South
16900.0,36,13.81,534.27,B,B5,8,RENT,105400.0,credit_card,13.9,0,22,0,14967.41,9.07,24,Charged Off,Midwest
26400.0,36,23.51,905.74,E,E3,8,RENT,51000.0,debt_consolidation,33.45,0,9,0,3672.89,35.78,13,Fully Paid,West
14900.0,60,11.43,276.72,F,F2,1,MORTGAGE,27700.0,debt_consolidation,10.26,0,9,0,22743.44,50.6,15,Fully Paid,South
38600.0,36,17.72,1262.22,C,C1,2,OWN,42500.0,home_improvement,3.05,0,14,0,10195.95,11.33,20,Fully Paid,West
37500.0,36,18.81,1237.6,A,A5,4,OWN,25700.0,debt_consolidation,1.27,1,23,0,3347.43,68.78,37,Fully Paid,South
34100.0,60,13.23,643.52,A,A4,0,MORTGAGE,30900.0,debt_consolidation,24.25,1,14,0,32896.41,51.5,27,Fully Paid,South
36900.0,36,16.79,1197.1,C,C4,3,RENT,65800.0,debt_consolidation,12.46,1,11,0,28625.31,45.95,17,Fully Paid,Northeast
18500.0,36,11.98,575.45,B,B4,10,MORTGAGE,30100.0,credit_card,17.74,1,16,0,41319.89,65.61,26,Fully Paid,Northeast
21900.0,36,5.15,639.66,A,A5,4,OWN,94500.0,major_purchase,32.75,0,24,0,15114.07,28.78,36,Fully Paid,South
29900.0,60,10.39,550.11,C,C2,8,RENT,52300.0,credit_card,9.92,1,17,0,6791.13,33.93,27,Fully Paid,South
28100.0,60,22.5,573.71,A,A3,7,RENT,56500.0,debt_consolidation,12.35,0,14,0,18008.04,16.27,15,Fully Paid,South
35700.0,36,24.27,1232.34,E,E4,0,RENT,47100.0,small_business,33.81,1,12,0,38935.35,52.37,13,Fully Paid,Northeast
28900.0,36,12.01,899.19,B,B2,2,RENT,79700.0,debt_consolidation,19.71,1,13,0,12086.97,37.24,15,Fully Paid,Northeast
39900.0,60,15.2,766.08,A,A4,2,RENT,80100.0,credit_card,33.11,0,15,0,12750.04,26.03,20,Fully Paid,Northeast
14600.0,60,5.93,257.76,C,C4,10,OWN,64100.0,debt_consolidation,14.98,0,21,0,7379.23,12.47,34,Fully Paid,South
33500.0,60,10.93,619.36,B,B4,5,MORTGAGE,71900.0,other,15.93,0,4,0,49325.72,2.32,15,Fully Paid,South
28200.0,36,24.48,975.09,G,G1,3,OWN,48700.0,home_improvement,6.69,0,16,0,48365.49,19.34,25,Fully Paid,West
28000.0,60,20.15,560.7,C,C5,3,MORTGAGE,71000.0,credit_card,36.65,0,12,0,32902.61,24.74,13,Fully Paid,Midwest
13700.0,36,10.14,419.14,B,B5,0,MORTGAGE,45800.0,home_improvement,35.87,0,4,0,10740.9,48.54,16,Fully Paid,Midwest
31600.0,36,11.44,978.2,D,D1,9,RENT,54200.0,credit_card,39.37,0,19,0,38327.82,24.1,25,Fully Paid,Northeast
36100.0,60,25.42,754.61,B,B4,10,RENT,47200.0,debt_consolidation,16.1,0,9,0,29196.67,81.77,21,Fully Paid,Northeast
9500.0,36,10.23,290.88,F,F5,3,RENT,43100.0,home_improvement,32.74,0,24,0,37478.31,47.41,32,Fully Paid,Midwest
25400.0,60,13.35,479.85,B,B5,0,MORTGAGE,38400.0,credit_card,16.6,0,9,0,43020.52,62.38,17,Fully Paid,Northeast
16300.0,36,21.61,550.62,C,C5,4,MORTGAGE,68400.0,credit_card,18.17,0,14,0,15923.72,20.79,15,Fully Paid,South
39600.0,60,19.03,785.6,A,A4,2,RENT,104300.0,debt_consolidation,33.2,0,7,0,45684.94,41.61,14,Fully Paid,Midwest
19700.0,36,16.52,637.62,C,C4,9,MORTGAGE,97300.0,debt_consolidation,7.09,0,11,0,44927.92,60.28,24,Charged Off,South
9900.0,36,27.49,350.6,E,E5,4,MORTGAGE,28900.0,credit_card,8.81,1,16,2,27356.53,31.1,23,Fully Paid,Midwest
15900.0,36,10.49,488.0,E,E3,2,MORTGAGE,103200.0,credit_card,12.59,0,6,0,34228.58,33.62,13,Charged Off,Midwest
26500.0,36,23.54,909.39,B,B2,4,OWN,46200.0,debt_consolidation,31.53,1,2,0,20551.79,80.74,3,Charged Off,Northeast
4000.0,60,8.98,72.65,B,B2,3,RENT,73200.0,debt_consolidation,14.91,0,9,0,32755.14,83.72,23,Fully Paid,South
24500.0,36,20.39,819.32,E,E4,8,RENT,34400.0,credit_card,14.33,0,3,0,27447.92,53.29,5,Fully Paid,South
37300.0,36,26.77,1313.48,F,F3,5,MORTGAGE,58200.0,debt_consolidation,39.95,1,2,0,16140.99,89.64,5,Fully Paid,West
34200.0,36,16.45,1106.27,A,A3,9,MORTGAGE,63400.0,debt_consolidation,15.35,0,17,0,16141.93,73.67,27,Fully Paid,South
3600.0,60,23.11,73.87,C,C3,1,OWN,25800.0,credit_card,9.91,0,6,0,32583.3,5.53,19,Fully Paid,South
39700.0,36,25.51,1384.1,B,B1,0,RENT,73400.0,debt_consolidation,24.93,1,20,1,47831.4,55.95,25,Fully Paid,Northeast
28300.0,36,8.4,852.14,E,E1,0,MORTGAGE,106200.0,major_purchase,32.08,0,12,0,10077.41,69.78,13,Fully Paid,West
7300.0,36,22.65,248.71,A,A5,0,MORTGAGE,49600.0,debt_consolidation,2.78,0,9,0,19626.83,54.09,13,Fully Paid,South
1500.0,60,28.0,32.0,B,B3,8,RENT,106900.0,small_business,24.76,1,5,0,40285.46,83.2,13,Fully Paid,Northeast
7700.0,36,19.41,255.4,D,D2,4,RENT,49300.0,home_improvement,1.43,0,15,1,6150.57,30.08,20,Fully Paid,Midwest
33700.0,36,9.65,1026.45,A,A1,3,OWN,82900.0,debt_consolidation,21.05,2,18,0,49708.34,6.55,29,Fully Paid,South
1800.0,60,8.17,32.45,C,C4,9,RENT,17900.0,other,10.28,0,10,0,33906.93,63.36,22,Fully Paid,Northeast
10100.0,36,11.49,312.79,C,C4,4,RENT,181600.0,home_improvement,12.27,0,5,0,45540.02,73.08,12,Fully Paid,Midwest
30500.0,36,7.59,911.53,B,B3,8,RENT,114400.0,other,18.68,1,3,0,41902.68,76.53,4,Fully Paid,South
23900.0,60,17.83,469.36,B,B5,2,MORTGAGE,47000.0,credit_card,37.08,1,11,0,38856.75,1.11,14,Fully Paid,South
31500.0,36,6.74,933.97,C,C3,2,MORTGAGE,20200.0,credit_card,28.43,0,20,0,1645.05,67.34,25,Fully Paid,Northeast
30100.0,36,10.59,924.66,A,A4,1,RENT,62600.0,credit_card,37.47,0,23,0,20324.81,2.07,26,Fully Paid,Midwest
3000.0,36,16.0,96.67,C,C4,7,MORTGAGE,26300.0,debt_consolidation,26.4,0,10,0,10093.12,77.48,18,Charged Off,Midwest
35800.0,60,16.85,697.2,E,E5,6,MORTGAGE,67700.0,other,0.28,0,23,0,43566.67,70.31,34,Fully Paid,Midwest
9900.0,36,19.13,327.61,D,D1,1,RENT,66600.0,home_improvement,10.62,0,17,0,34014.31,56.74,18,Fully Paid,Midwest
22600.0,36,22.64,769.91,A,A5,3,MORTGAGE,33800.0,credit_card,36.23,0,21,0,5353.67,50.63,35,Fully Paid,South
26100.0,36,6.18,769.8,A,A2,6,MORTGAGE,94900.0,other,25.74,0,18,0,17979.89,71.51,24,Fully Paid,Midwest
7600.0,60,7.02,135.56,B,B4,0,MORTGAGE,81000.0,other,39.27,1,3,0,3465.41,5.72,11,Fully Paid,Northeast
39100.0,36,6.52,1156.93,B,B2,0,OWN,88200.0,debt_consolidation,6.24,0,24,1,36999.83,83.22,25,Charged Off,Northeast
20000.0,36,15.58,642.11,C,C4,7,OWN,54400.0,home_improvement,11.87,0,20,0,20915.9,20.12,31,Fully Paid,South
3200.0,36,6.05,94.27,D,D4,5,RENT,26700.0,credit_card,14.49,0,3,0,11718.56,47.78,8,Fully Paid,Northeast
37600.0,36,23.65,1291.46,A,A3,1,RENT,88300.0,credit_card,13.06,0,17,0,25884.53,48.68,18,Charged Off,West
23900.0,60,10.58,440.48,A,A4,9,MORTGAGE,47300.0,other,10.08,0,17,0,2102.22,77.71,21,Fully Paid,South
28300.0,36,28.48,1010.0,B,B4,9,MORTGAGE,27000.0,small_business,17.74,0,23,0,12864.73,19.3,34,Fully Paid,West
21500.0,60,17.16,419.82,D,D4,0,MORTGAGE,106500.0,home_improvement,25.69,1,15,0,8765.21,29.97,28,Fully Paid,Midwest
33600.0,36,16.16,1084.16,B,B4,2,RENT,154800.0,debt_consolidation,12.45,0,21,0,46532.18,66.31,31,Fully Paid,West
2300.0,60,24.51,47.73,D,D3,3,RENT,53100.0,home_improvement,3.19,0,2,0,18855.37,41.28,9,Charged Off,South
11500.0,36,22.83,392.37,B,B3,4,MORTGAGE,159500.0,credit_card,28.34,0,10,0,29223.65,29.89,12,Fully Paid,Midwest
19300.0,36,20.18,644.3,E,E2,10,RENT,56700.0,debt_consolidation,18.36,0,16,0,25147.1,62.14,30,Fully Paid,Northeast
4000.0,60,28.38,85.59,E,E2,9,RENT,44800.0,credit_card,22.26,0,16,0,32960.24,8.66,20,Charged Off,South
28500.0,60,15.56,548.91,B,B2,2,MORTGAGE,39500.0,debt_consolidation,18.22,0,12,0,13955.8,78.98,14,Fully Paid,Midwest
16400.0,36,25.21,570.4,B,B5,4,MORTGAGE,122800.0,credit_card,35.61,2,6,0,6038.98,52.47,8,Fully Paid,South
11600.0,36,14.5,368.94,C,C3,6,MORTGAGE,36700.0,home_improvement,22.35,0,9,0,4072.58,20.6,9,Fully Paid,Midwest
1100.0,36,25.96,38.49,B,B3,10,RENT,78200.0,debt_consolidation,36.93,1,23,0,9669.85,40.85,36,Fully Paid,South
29100.0,60,11.49,540.73,D,D1,8,RENT,41000.0,major_purchase,20.42,1,8,0,24141.48,13.11,21,Fully Paid,South
33500.0,36,12.23,1044.36,E,E1,4,MORTGAGE,43000.0,debt_consolidation,11.7,1,7,0,11801.37,61.66,8,Fully Paid,South
16400.0,36,21.95,555.55,D,D1,3,MORTGAGE,90700.0,credit_card,14.22,0,8,0,21700.1,66.93,14,Fully Paid,South
23000.0,36,10.32,704.82,E,E2,9,MORTGAGE,44800.0,credit_card,20.89,1,20,0,1465.13,40.53,33,Fully Paid,West
9900.0,60,10.73,182.7,B,B4,10,OWN,44200.0,major_purchase,21.2,0,15,0,31377.55,33.97,18,Fully Paid,Midwest
25300.0,36,12.63,791.54,A,A5,8,MORTGAGE,95500.0,major_purchase,27.49,1,12,0,43908.08,84.98,26,Fully Paid,Midwest
1500.0,36,21.97,50.82,D,D3,7,RENT,120400.0,debt_consolidation,8.98,2,20,0,2379.5,57.61,33,Fully Paid,South
20100.0,36,27.23,710.37,B,B2,4,RENT,74800.0,debt_consolidation,26.35,0,15,0,10901.99,66.7,25,Fully Paid,South
26100.0,36,21.86,883.48,D,D5,8,RENT,39100.0,home_improvement,31.14,0,20,0,15888.52,12.75,31,Charged Off,Northeast
36800.0,36,25.7,1284.93,B,B3,10,MORTGAGE,42000.0,credit_card,27.06,1,7,0,14362.03,71.33,19,Charged Off,Midwest
15900.0,60,18.59,314.26,A,A5,8,RENT,56400.0,debt_consolidation,19.27,0,2,0,2019.26,44.46,12,Fully Paid,West
30800.0,60,6.72,547.83,G,G5,0,RENT,63600.0,debt_consolidation,39.67,0,15,0,5328.92,36.67,15,Charged Off,Midwest
24300.0,36,7.51,725.69,A,A3,5,MORTGAGE,33100.0,debt_consolidation,16.19,0,13,0,45623.09,92.94,16,Fully Paid,Midwest
37200.0,60,18.86,736.93,G,G5,10,RENT,77800.0,debt_consolidation,4.26,0,13,0,35568.09,5.39,25,Fully Paid,Midwest
16500.0,36,13.2,518.83,G,G1,4,RENT,56500.0,credit_card,32.86,1,10,0,47921.9,19.56,18,Fully Paid,Northeast
13400.0,36,10.51,411.34,E,E1,5,MORTGAGE,23000.0,credit_card,8.49,1,10,0,22023.11,37.5,17,Charged Off,West
35600.0,60,16.66,692.18,D,D5,9,MORTGAGE,34000.0,credit_card,28.53,0,15,0,43951.66,32.4,20,Fully Paid,South
2900.0,36,21.66,98.0,C,C2,2,OWN,42100.0,debt_consolidation,7.16,0,21,0,40826.96,51.07,26,Fully Paid,West
6300.0,36,14.62,200.58,E,E4,2,MORTGAGE,52200.0,other,0.68,1,3,0,43747.05,40.09,4,Fully Paid,South
4200.0,60,25.06,87.54,B,B3,9,RENT,139300.0,credit_card,6.39,0,15,0,1957.71,78.83,19,Fully Paid,South
33900.0,36,23.46,1162.58,C,C2,4,MORTGAGE,61000.0,debt_consolidation,15.08,0,24,0,32625.78,76.8,32,Charged Off,West
1400.0,60,23.37,28.79,C,C4,6,MORTGAGE,35600.0,debt_consolidation,4.26,1,8,0,28331.45,77.24,15,Fully Paid,Northeast
34600.0,60,29.63,747.53,C,C3,3,RENT,60500.0,credit_card,7.91,0,16,0,27260.79,36.94,19,Charged Off,Northeast
18600.0,36,12.38,580.63,C,C4,5,MORTGAGE,45400.0,credit_card,30.59,0,23,0,25219.2,40.74,29,Fully Paid,South
1200.0,36,21.12,40.37,B,B3,4,RENT,63700.0,credit_card,30.8,0,9,0,39798.83,72.05,23,Fully Paid,Northeast
16700.0,36,26.39,586.31,C,C1,1,RENT,72400.0,small_business,32.7,0,20,0,48402.85,12.42,28,Fully Paid,Northeast
8300.0,36,19.49,275.49,E,E2,10,MORTGAGE,99200.0,major_purchase,33.65,0,3,0,41445.94,85.19,7,Fully Paid,Northeast
25400.0,36,24.74,880.11,B,B4,0,RENT,53500.0,small_business,16.82,0,2,1,43519.77,54.13,3,Fully Paid,Northeast
27500.0,60,15.36,528.73,F,F1,5,RENT,122900.0,debt_consolidation,34.7,0,20,0,24195.14,84.85,21,Fully Paid,South
20000.0,36,19.76,665.33,D,D2,4,RENT,85300.0,debt_consolidation,21.04,0,9,0,34530.46,79.36,23,Fully Paid,Northeast
2600.0,36,6.39,76.84,E,E5,8,RENT,38000.0,debt_consolidation,18.82,2,8,0,20778.22,37.44,15,Fully Paid,West
26600.0,36,29.64,957.9,C,C2,6,MORTGAGE,163600.0,home_improvement,28.74,0,19,0,18014.31,10.16,26,Fully Paid,West
33800.0,36,25.0,1173.61,D,D2,0,MORTGAGE,63800.0,debt_consolidation,8.55,0,20,1,44764.07,92.08,27,Fully Paid,South
29100.0,60,26.72,614.59,A,A1,9,OWN,35700.0,major_purchase,31.58,0,14,0,45260.56,34.46,18,Fully Paid,Midwest
33400.0,36,22.36,1135.23,E,E1,5,OWN,123800.0,debt_consolidation,17.18,0,17,0,34111.01,37.37,30,Fully Paid,Northeast
8800.0,60,9.65,160.82,A,A4,10,OWN,153100.0,debt_consolidation,5.09,0,24,0,41892.11,90.9,35,Fully Paid,West
35700.0,36,5.78,1048.99,E,E4,6,RENT,53300.0,debt_consolidation,4.77,0,12,0,18018.19,91.73,13,Fully Paid,Midwest
13600.0,36,26.62,478.34,G,G5,2,RENT,42100.0,debt_consolidation,6.6,0,23,0,21688.03,26.29,33,Charged Off,West
1500.0,36,14.91,47.88,B,B1,8,RENT,49700.0,debt_consolidation,35.62,0,11,0,41050.81,8.9,24,Fully Paid,West
33900.0,36,11.6,1050.9,B,B1,10,OWN,77400.0,debt_consolidation,39.64,0,20,0,19902.51,0.11,30,Fully Paid,Midwest
37700.0,36,19.04,1246.61,D,D2,10,MORTGAGE,102600.0,debt_consolidation,14.28,1,6,0,1998.38,43.83,15,Fully Paid,Northeast
26600.0,36,15.52,853.56,B,B2,1,MORTGAGE,72100.0,home_improvement,11.69,0,13,0,17664.92,56.86,24,Charged Off,South
10000.0,60,21.29,202.15,E,E5,0,MORTGAGE,57000.0,debt_consolidation,8.75,1,5,0,19911.52,27.03,16,Fully Paid,South
10800.0,36,17.09,351.27,A,A2,9,MORTGAGE,114600.0,debt_consolidation,32.95,1,17,0,7731.81,25.97,24,Fully Paid,South
19200.0,60,22.43,391.78,A,A2,9,RENT,46300.0,debt_consolidation,8.37,0,3,0,17206.21,35.68,14,Fully Paid,Northeast
36000.0,36,26.34,1263.4,G,G4,8,MORTGAGE,90700.0,other,36.96,0,5,0,46721.1,26.31,8,Fully Paid,Northeast
6800.0,36,9.89,207.57,D,D5,6,MORTGAGE,46900.0,credit_card,26.69,0,17,0,42926.66,85.84,28,Charged Off,West
33200.0,36,13.24,1044.32,E,E4,9,MORTGAGE,67200.0,other,35.89,0,23,0,22296.2,64.28,31,Charged Off,South
12400.0,36,15.92,399.28,B,B5,10,RENT,51200.0,credit_card,22.16,0,12,0,35494.48,82.89,21,Fully Paid,South
32500.0,60,29.05,699.02,D,D4,0,MORTGAGE,52700.0,other,27.63,1,7,1,7592.5,86.05,21,Charged Off,West
36900.0,36,14.13,1169.83,C,C4,3,MORTGAGE,44900.0,debt_consolidation,24.78,0,12,0,37627.54,43.5,24,Fully Paid,West
17700.0,36,14.53,563.11,C,C5,9,RENT,106100.0,debt_consolidation,33.25,0,11,0,23789.24,47.76,16,Fully Paid,Midwest
15200.0,36,21.34,512.32,D,D2,2,MORTGAGE,37600.0,home_improvement,33.43,0,16,0,36128.41,97.78,26,Fully Paid,Midwest
32300.0,36,15.48,1036.11,C,C3,10,RENT,37400.0,other,23.59,0,22,0,32201.16,81.68,31,Fully Paid,Northeast
21600.0,60,28.78,463.61,C,C1,6,RENT,156500.0,major_purchase,25.3,0,8,0,11638.23,79.79,14,Fully Paid,South
27700.0,36,27.36,979.96,B,B5,4,OWN,88300.0,credit_card,36.88,0,22,0,41734.58,58.37,36,Charged Off,West
25300.0,60,17.84,496.89,D,D3,8,RENT,16400.0,debt_consolidation,37.19,0,16,0,28608.83,46.12,18,Fully Paid,South
7000.0,36,21.12,235.51,B,B4,10,MORTGAGE,40800.0,debt_consolidation,26.57,0,23,0,39209.87,89.46,24,Fully Paid,Northeast
33900.0,60,6.45,601.44,D,D2,2,OWN,21900.0,debt_consolidation,0.31,0,2,1,4699.32,80.46,3,Fully Paid,South
8600.0,60,22.39,175.43,B,B4,10,OWN,33700.0,debt_consolidation,4.18,1,9,0,30767.52,51.68,11,Fully Paid,West
37400.0,36,22.68,1274.51,D,D5,5,MORTGAGE,11300.0,debt_consolidation,34.32,0,6,0,14594.2,27.05,12,Fully Paid,West
10800.0,36,13.98,341.94,D,D3,9,RENT,50600.0,debt_consolidation,3.39,0,22,0,43044.77,14.73,29,Fully Paid,West
29600.0,60,10.49,545.08,B,B4,1,MORTGAGE,30600.0,small_business,8.54,0,7,0,47475.3,55.27,21,Fully Paid,Northeast
12100.0,36,27.88,429.82,A,A2,2,MORTGAGE,55800.0,debt_consolidation,9.22,1,23,0,2791.38,29.6,26,Fully Paid,West
13400.0,60,15.67,258.33,A,A5,3,OWN,24000.0,debt_consolidation,24.01,0,5,0,36214.14,26.42,7,Fully Paid,Midwest
13100.0,36,21.34,441.54,C,C5,5,MORTGAGE,56500.0,debt_consolidation,23.07,0,16,0,5148.89,10.58,26,Fully Paid,West
30200.0,36,5.83,887.8,E,E4,10,MORTGAGE,44000.0,debt_consolidation,11.58,0,5,1,42875.37,3.45,11,Charged Off,South
22700.0,60,15.35,436.41,A,A2,0,MORTGAGE,114800.0,debt_consolidation,8.3,0,4,0,6226.22,78.34,6,Fully Paid,West
35400.0,36,25.43,1233.4,D,D5,5,MORTGAGE,109700.0,debt_consolidation,30.58,0,17,0,9750.34,10.8,24,Charged Off,West
13000.0,36,14.69,414.16,B,B5,3,MORTGAGE,80200.0,other,37.42,0,17,0,12581.01,88.86,31,Fully Paid,South
28000.0,36,20.08,933.96,C,C4,7,OWN,46000.0,debt_consolidation,2.11,0,9,0,36391.63,21.38,12,Fully Paid,Northeast
30400.0,36,10.25,931.0,F,F3,8,RENT,146200.0,debt_consolidation,5.33,1,22,0,14626.72,75.97,29,Charged Off,Northeast
6900.0,60,15.41,132.72,B,B1,7,MORTGAGE,24900.0,credit_card,25.69,1,7,1,29804.24,82.3,8,Fully Paid,Northeast
16600.0,60,28.19,354.66,C,C2,7,MORTGAGE,26900.0,debt_consolidation,32.18,1,22,0,28597.13,79.26,34,Fully Paid,Northeast
19800.0,60,19.16,393.23,A,A5,1,OWN,52000.0,debt_consolidation,31.65,0,14,0,20113.08,87.29,21,Fully Paid,West
14900.0,36,27.55,527.92,A,A5,9,RENT,167200.0,debt_consolidation,28.79,0,10,0,26974.48,33.97,17,Fully Paid,West
13600.0,36,27.55,481.86,B,B5,1,OWN,49000.0,debt_consolidation,35.5,0,10,1,5909.59,98.59,22,Fully Paid,Midwest
27800.0,60,28.6,595.85,A,A3,5,MORTGAGE,49400.0,home_improvement,8.69,0,12,0,43808.71,27.96,21,Fully Paid,Northeast
9400.0,36,27.38,332.6,D,D1,4,RENT,26300.0,major_purchase,4.29,0,9,0,10353.83,93.43,11,Fully Paid,South
28700.0,36,5.08,837.72,C,C4,5,MORTGAGE,86900.0,debt_consolidation,24.61,0,14,0,44011.33,43.74,15,Fully Paid,South
37500.0,60,28.35,802.19,C,C2,8,MORTGAGE,87300.0,home_improvement,32.89,1,20,0,25936.87,5.69,26,Fully Paid,South
23000.0,36,8.44,692.81,A,A3,9,OWN,80400.0,debt_consolidation,23.28,0,23,0,30696.8,78.49,31,Fully Paid,South
24800.0,36,6.0,730.22,B,B5,6,RENT,39600.0,debt_consolidation,38.52,0,2,0,12864.85,78.74,11,Fully Paid,Midwest
3700.0,36,6.38,109.34,D,D1,4,MORTGAGE,38000.0,debt_consolidation,31.82,0,18,0,11116.47,19.73,18,Fully Paid,Midwest
34700.0,36,13.72,1096.13,G,G1,9,RENT,28400.0,credit_card,28.03,0,7,1,24535.15,82.35,20,Charged Off,Midwest
12100.0,36,20.52,405.08,A,A1,6,OWN,56500.0,debt_consolidation,2.41,0,13,0,13367.97,15.76,26,Fully Paid,Northeast
25000.0,60,15.06,479.42,E,E4,7,RENT,31600.0,home_improvement,4.31,0,5,0,21156.95,15.14,17,Fully Paid,West
39200.0,36,5.64,1150.3,C,C2,10,MORTGAGE,30100.0,home_improvement,31.39,0,22,0,22011.0,80.89,26,Charged Off,South
24200.0,36,16.91,785.9,C,C5,0,RENT,43800.0,small_business,7.93,1,17,1,13545.87,29.02,29,Fully Paid,South
29300.0,60,16.05,566.71,C,C3,9,MORTGAGE,42400.0,debt_consolidation,1.15,1,22,0,14586.5,7.69,24,Fully Paid,Midwest
18400.0,36,23.92,633.37,A,A3,10,MORTGAGE,41400.0,debt_consolidation,36.43,0,4,0,48645.47,95.63,12,Charged Off,Northeast
3400.0,36,11.99,105.77,A,A3,10,MORTGAGE,68400.0,debt_consolidation,35.63,0,18,0,29372.76,55.7,25,Fully Paid,Midwest
32100.0,36,10.44,984.76,C,C3,6,RENT,56400.0,other,8.74,0,23,0,41593.73,44.81,31,Fully Paid,South
2400.0,60,11.4,44.56,B,B5,3,RENT,46900.0,major_purchase,31.21,0,19,0,2287.11,50.41,27,Fully Paid,South
28300.0,36,12.59,885.08,F,F2,4,OWN,59400.0,small_business,1.92,0,19,0,96.23,67.05,28,Charged Off,Midwest
1900.0,36,19.98,63.32,C,C5,1,RENT,33000.0,credit_card,11.4,0,19,0,25955.12,86.17,21,Fully Paid,South
34600.0,36,16.79,1122.48,A,A3,9,RENT,57100.0,credit_card,24.95,0,9,1,41340.27,67.26,22,Fully Paid,West
7100.0,36,13.42,223.69,D,D2,4,MORTGAGE,58400.0,debt_consolidation,30.53,0,24,0,30545.94,73.95,30,Charged Off,West
21100.0,36,14.36,670.28,B,B4,8,MORTGAGE,25600.0,small_business,0.42,0,9,0,30941.48,18.02,13,Charged Off,Midwest
24300.0,36,14.27,771.32,C,C2,0,RENT,89100.0,major_purchase,13.05,0,14,1,6967.92,38.41,19,Fully Paid,West
18800.0,36,29.31,675.29,D,D4,2,OWN,34900.0,debt_consolidation,8.57,2,13,0,48928.37,58.48,20,Fully Paid,West
14300.0,36,10.82,440.2,F,F5,3,OWN,56700.0,debt_consolidation,39.95,0,16,0,26485.03,61.94,25,Fully Paid,Midwest
19200.0,36,25.45,669.07,E,E4,8,RENT,97000.0,home_improvement,26.84,0,11,0,5130.09,27.07,21,Fully Paid,Midwest
13100.0,36,22.71,446.53,D,D4,1,MORTGAGE,86100.0,debt_consolidation,16.23,0,10,0,20709.86,97.5,17,Fully Paid,Midwest
18100.0,36,5.14,528.62,D,D2,6,RENT,55100.0,small_business,3.03,0,4,0,3598.56,11.82,10,Fully Paid,West
15000.0,60,29.83,324.58,F,F5,8,RENT,45200.0,debt_consolidation,23.95,1,11,1,20907.01,11.23,23,Fully Paid,South
23100.0,60,23.91,477.05,B,B2,9,RENT,87000.0,debt_consolidation,25.67,1,18,0,35578.09,22.92,18,Fully Paid,Northeast
10300.0,60,22.06,209.54,A,A1,3,RENT,75900.0,home_improvement,32.66,0,16,0,16176.31,75.39,16,Fully Paid,South
39600.0,36,15.13,1266.43,B,B4,4,MORTGAGE,39800.0,credit_card,11.54,0,11,0,15655.11,3.66,16,Fully Paid,Midwest
20500.0,36,18.88,676.96,B,B2,9,RENT,36400.0,debt_consolidation,39.26,1,21,1,25716.96,98.79,29,Fully Paid,South
8600.0,36,11.33,265.96,D,D5,3,MORTGAGE,19200.0,other,17.58,0,22,0,24924.3,98.77,29,Charged Off,Northeast
19600.0,36,5.89,576.51,D,D2,6,OWN,58500.0,other,11.84,0,15,0,23357.13,15.97,26,Fully Paid,South
34800.0,36,25.9,1217.03,C,C1,7,MORTGAGE,52000.0,credit_card,13.94,0,17,0,25842.22,40.12,17,Fully Paid,Midwest
1900.0,36,27.41,67.24,A,A4,7,MORTGAGE,95600.0,credit_card,20.78,0,23,0,2397.96,20.39,30,Fully Paid,Northeast
27500.0,36,9.06,833.1,D,D1,2,MORTGAGE,64800.0,credit_card,37.47,0,7,0,23713.34,40.8,11,Charged Off,West
22400.0,36,24.68,775.79,B,B1,1,RENT,105600.0,credit_card,29.41,2,8,0,49600.54,53.29,9,Fully Paid,South
7600.0,36,23.53,260.79,D,D4,5,MORTGAGE,38200.0,other,23.08,0,11,0,38216.78,82.27,17,Fully Paid,West
32900.0,36,9.46,1000.34,C,C1,0,OWN,95700.0,debt_consolidation,6.51,0,20,0,14378.46,3.58,21,Fully Paid,West
15400.0,36,15.55,494.3,B,B4,8,RENT,41600.0,debt_consolidation,5.97,0,19,0,33885.7,98.69,30,Fully Paid,Northeast
12500.0,36,15.57,401.28,A,A4,6,MORTGAGE,79900.0,other,20.09,0,10,1,16495.13,94.06,13,Fully Paid,West
33300.0,60,24.0,688.2,A,A3,7,MORTGAGE,26100.0,debt_consolidation,29.15,1,3,0,9575.71,57.04,15,Charged Off,West
25900.0,36,25.94,906.07,E,E5,6,RENT,60900.0,home_improvement,30.04,1,10,0,38677.59,48.09,20,Fully Paid,South
36000.0,36,7.37,1073.7,F,F2,4,MORTGAGE,20100.0,debt_consolidation,9.04,0,5,0,10479.32,55.06,16,Charged Off,Northeast
25600.0,60,19.07,508.03,D,D2,4,RENT,47400.0,other,4.0,2,12,0,42931.3,1.84,25,Charged Off,Midwest
29900.0,36,24.04,1030.22,A,A5,6,RENT,67500.0,major_purchase,15.38,0,18,0,19020.48,73.77,21,Fully Paid,Midwest
33600.0,36,24.65,1163.4,C,C1,6,MORTGAGE,41800.0,other,36.73,0,4,0,37842.17,49.64,8,Fully Paid,Northeast
3100.0,36,8.7,93.6,D,D5,1,OWN,32000.0,other,21.81,0,16,0,12979.83,28.6,21,Fully Paid,West
31300.0,36,18.14,1027.16,D,D4,1,RENT,82700.0,debt_consolidation,12.8,0,3,0,32636.76,46.15,4,Fully Paid,South
24900.0,36,26.44,874.54,A,A4,6,OWN,51400.0,debt_consolidation,12.95,0,17,0,10626.59,29.26,24,Fully Paid,West
3700.0,36,12.96,116.1,A,A2,4,MORTGAGE,42400.0,credit_card,5.28,0,5,0,1091.72,70.0,17,Fully Paid,Midwest
20800.0,36,15.63,668.08,D,D3,1,OWN,55300.0,major_purchase,18.93,0,19,0,40730.21,61.44,27,Charged Off,South
4200.0,60,25.11,87.58,B,B1,0,RENT,202500.0,debt_consolidation,31.65,1,11,1,42808.14,38.81,13,Fully Paid,Northeast
29700.0,36,7.23,884.65,B,B5,8,OWN,96400.0,other,38.74,0,7,0,44028.71,31.42,13,Fully Paid,West
22300.0,36,26.49,783.54,A,A4,10,MORTGAGE,96900.0,debt_consolidation,20.06,0,12,0,1814.88,87.8,15,Fully Paid,West
38200.0,36,12.78,1196.72,C,C4,7,MORTGAGE,67400.0,small_business,6.69,0,11,1,38046.09,68.22,21,Fully Paid,South
8100.0,36,5.04,236.34,E,E3,1,MORTGAGE,58900.0,credit_card,27.32,0,2,0,41793.52,71.58,14,Fully Paid,West
24600.0,60,10.85,454.48,F,F4,1,MORTGAGE,16300.0,credit_card,30.27,0,17,0,15584.91,61.86,26,Charged Off,Northeast
9300.0,36,7.24,277.04,C,C5,2,RENT,38600.0,debt_consolidation,2.87,0,6,1,23522.56,7.52,16,Fully Paid,South
24900.0,60,7.31,445.34,C,C2,3,MORTGAGE,42600.0,debt_consolidation,34.01,0,10,0,20395.76,5.93,13,Fully Paid,Northeast
29200.0,36,22.32,992.15,A,A2,8,RENT,21200.0,debt_consolidation,33.17,0,18,0,22005.12,42.92,18,Fully Paid,Northeast
29200.0,60,10.35,537.04,C,C1,5,RENT,30400.0,debt_consolidation,18.9,0,5,0,42335.21,93.05,15,Fully Paid,Northeast
32800.0,36,28.37,1169.59,B,B5,2,RENT,20100.0,credit_card,22.42,1,3,0,20893.44,52.47,7,Charged Off,Northeast
34300.0,36,17.91,1123.42,C,C4,7,MORTGAGE,53100.0,home_improvement,28.54,0,3,0,15118.19,87.59,8,Fully Paid,West
4000.0,60,16.5,77.67,B,B4,5,RENT,81600.0,debt_consolidation,27.07,1,6,0,6519.16,9.65,18,Fully Paid,South
14400.0,60,15.86,278.06,B,B5,7,RENT,94200.0,debt_consolidation,0.66,0,3,0,33741.97,72.43,13,Fully Paid,West
27800.0,36,22.31,944.5,A,A2,9,RENT,66700.0,other,4.9,0,14,0,4210.2,24.53,18,Fully Paid,Midwest
20400.0,60,16.31,395.45,B,B4,1,RENT,33500.0,major_purchase,6.5,0,6,0,3059.11,52.45,11,Fully Paid,Northeast
8400.0,36,8.22,252.51,A,A4,7,OWN,20600.0,debt_consolidation,30.23,0,2,0,34078.96,29.29,4,Fully Paid,Northeast
22600.0,36,27.0,797.28,A,A5,10,MORTGAGE,22500.0,major_purchase,17.6,0,22,0,34714.45,71.23,32,Fully Paid,Midwest
16900.0,36,15.71,543.19,G,G1,4,RENT,28700.0,other,21.82,0,16,0,9954.0,40.09,17,Fully Paid,Midwest
16200.0,60,6.85,288.5,C,C5,9,RENT,34700.0,other,30.91,0,20,0,47859.23,46.22,24,Fully Paid,Northeast
32600.0,60,18.23,642.38,C,C4,3,MORTGAGE,50000.0,small_business,13.64,0,15,0,39390.7,24.53,20,Fully Paid,West
16900.0,36,21.18,568.87,E,E5,2,MORTGAGE,32600.0,credit_card,29.96,1,13,2,34321.4,28.15,22,Charged Off,West
2000.0,36,11.89,62.16,G,G5,8,MORTGAGE,64200.0,debt_consolidation,17.69,0,3,0,37717.38,17.95,8,Fully Paid,Northeast
3300.0,36,25.01,114.59,C,C1,9,RENT,48200.0,home_improvement,15.09,0,21,0,20594.35,55.38,25,Fully Paid,South
34400.0,36,21.74,1163.29,E,E2,6,MORTGAGE,54500.0,home_improvement,13.32,0,2,0,22782.12,14.5,16,Fully Paid,Midwest
38500.0,36,21.26,1296.81,B,B5,6,OWN,95800.0,debt_consolidation,38.6,0,4,0,43510.74,26.82,5,Fully Paid,West
27800.0,36,15.52,892.07,B,B5,5,MORTGAGE,30000.0,debt_consolidation,30.88,0,12,1,1270.95,53.05,12,Fully Paid,South
15200.0,36,29.05,544.88,C,C1,8,RENT,66800.0,debt_consolidation,0.81,0,18,0,40121.06,27.48,32,Fully Paid,Northeast
37600.0,36,11.85,1168.21,D,D4,2,RENT,53800.0,credit_card,38.3,1,6,0,22378.43,58.85,18,Fully Paid,Northeast
26800.0,36,19.44,889.16,D,D3,0,MORTGAGE,45900.0,debt_consolidation,31.02,0,18,0,23198.42,1.42,27,Fully Paid,West
33900.0,60,12.73,636.92,B,B3,6,RENT,84300.0,credit_card,5.97,0,19,0,16284.98,97.32,24,Fully Paid,West
30900.0,36,23.62,1061.07,A,A4,8,RENT,84100.0,small_business,3.05,0,24,0,30353.6,73.0,24,Fully Paid,Northeast
15800.0,36,6.19,466.06,D,D4,5,MORTGAGE,33800.0,debt_consolidation,12.33,0,4,0,33783.67,50.38,4,Fully Paid,West
19700.0,36,6.15,580.88,A,A4,9,OWN,49500.0,other,24.97,0,16,0,8037.68,92.08,21,Fully Paid,West
8300.0,36,25.27,288.82,C,C2,1,MORTGAGE,62400.0,credit_card,24.66,0,17,1,28285.84,86.98,17,Fully Paid,West
12400.0,36,15.86,399.07,D,D2,7,MORTGAGE,47300.0,debt_consolidation,11.03,0,16,0,23245.59,36.66,17,Charged Off,Northeast
31300.0,36,13.53,987.08,D,D1,8,OWN,72600.0,debt_consolidation,17.83,0,18,0,39095.43,11.61,18,Fully Paid,Midwest
35900.0,60,20.19,719.14,D,D4,9,OWN,62400.0,debt_consolidation,8.48,0,19,0,27264.36,25.22,25,Charged Off,South
29300.0,36,22.55,997.42,E,E5,7,MORTGAGE,135400.0,debt_consolidation,2.02,0,24,0,21478.66,20.87,27,Fully Paid,Midwest
19100.0,36,10.03,583.77,C,C4,8,OWN,25200.0,small_business,20.68,0,9,0,26446.55,75.01,21,Fully Paid,Northeast
4400.0,36,9.64,134.0,D,D4,0,MORTGAGE,51000.0,home_improvement,13.88,0,22,0,24528.38,54.81,25,Fully Paid,South
3200.0,36,28.95,114.62,C,C5,2,RENT,34400.0,small_business,21.72,0,15,0,46758.89,85.01,18,Charged Off,Northeast
15600.0,60,19.74,311.32,B,B1,2,MORTGAGE,73300.0,credit_card,37.86,0,5,0,15594.39,48.97,19,Fully Paid,Midwest
19100.0,60,14.75,365.29,A,A4,8,RENT,24100.0,debt_consolidation,5.73,1,11,0,1867.45,76.98,15,Fully Paid,Northeast
24800.0,36,25.04,861.39,B,B5,2,MORTGAGE,64400.0,debt_consolidation,0.08,0,21,0,33099.84,32.34,32,Fully Paid,West
1300.0,36,18.13,42.66,C,C3,9,RENT,39500.0,credit_card,3.08,0,22,0,30192.16,60.22,30,Fully Paid,West
39600.0,60,11.04,732.86,C,C3,0,MORTGAGE,37500.0,credit_card,18.51,0,8,1,45498.47,63.94,18,Fully Paid,Midwest
15200.0,36,10.17,465.16,E,E5,2,RENT,26300.0,debt_consolidation,28.28,0,24,0,5873.83,75.93,35,Fully Paid,West
34100.0,60,14.92,653.13,B,B4,1,MORTGAGE,42900.0,other,23.23,1,21,0,26132.28,79.95,34,Charged Off,Midwest
21900.0,60,26.5,461.72,A,A2,8,RENT,93200.0,credit_card,19.8,2,2,1,7538.55,27.65,16,Fully Paid,Northeast
6100.0,36,6.54,180.53,G,G2,0,OWN,53500.0,small_business,14.16,0,22,0,22785.45,38.51,26,Charged Off,Northeast
32100.0,60,10.46,590.96,A,A4,10,MORTGAGE,74100.0,credit_card,12.4,1,8,0,39968.48,20.71,17,Fully Paid,Midwest
28700.0,60,27.33,609.06,C,C5,1,RENT,124500.0,debt_consolidation,15.05,0,13,0,42869.4,74.78,14,Fully Paid,South
21600.0,60,8.04,388.94,C,C1,0,RENT,61800.0,home_improvement,24.47,0,5,0,41693.02,27.07,12,Fully Paid,Midwest
21100.0,36,20.74,707.67,C,C2,8,OWN,41000.0,debt_consolidation,6.71,1,8,0,27370.24,39.1,15,Fully Paid,South
4400.0,36,10.34,134.86,A,A3,6,MORTGAGE,68400.0,credit_card,30.85,0,16,0,31698.01,80.3,24,Fully Paid,Midwest
26600.0,36,20.15,887.78,A,A1,0,RENT,41300.0,debt_consolidation,23.01,0,3,0,27578.23,33.98,6,Fully Paid,Northeast
36500.0,36,14.58,1161.71,A,A3,9,RENT,42100.0,debt_consolidation,10.77,0,3,0,28061.79,29.15,5,Fully Paid,West
4600.0,36,7.54,137.41,C,C4,5,MORTGAGE,25300.0,debt_consolidation,20.05,0,6,0,44257.54,65.12,15,Fully Paid,Midwest
11300.0,36,19.56,375.29,C,C1,4,RENT,86100.0,debt_consolidation,38.51,0,4,0,10463.64,97.54,14,Fully Paid,South
36200.0,36,22.08,1227.58,B,B4,9,OWN,44700.0,debt_consolidation,0.82,0,17,0,21938.29,6.26,22,Fully Paid,West
12100.0,36,22.01,410.09,D,D2,10,MORTGAGE,59300.0,major_purchase,7.98,0,5,0,30503.14,83.48,5,Fully Paid,South
26500.0,36,20.93,890.18,E,E4,4,RENT,32300.0,credit_card,17.94,0,16,1,38267.61,12.16,21,Fully Paid,South
21900.0,36,17.51,714.85,A,A2,3,MORTGAGE,67400.0,debt_consolidation,25.54,0,18,0,38094.49,34.49,30,Fully Paid,South
24300.0,60,17.99,477.86,C,C2,2,OWN,37000.0,credit_card,8.49,0,12,0,5862.42,41.67,16,Charged Off,South
17200.0,36,20.89,577.59,D,D5,7,MORTGAGE,50500.0,major_purchase,37.26,0,5,0,11095.5,71.87,5,Fully Paid,Midwest
12700.0,36,22.26,431.31,B,B4,6,MORTGAGE,84000.0,debt_consolidation,25.7,1,5,0,45575.91,92.66,10,Fully Paid,West
2900.0,60,21.37,58.66,B,B1,4,OWN,80400.0,credit_card,35.1,1,5,1,17875.96,10.2,7,Fully Paid,West
30000.0,36,19.67,997.25,C,C1,8,MORTGAGE,53600.0,credit_card,13.17,0,20,0,135.63,74.48,27,Charged Off,West
30100.0,36,8.9,910.52,E,E5,6,MORTGAGE,22400.0,small_business,33.16,0,3,0,9989.85,32.23,17,Charged Off,West
27200.0,60,10.27,499.89,E,E4,9,RENT,241900.0,credit_card,15.13,0,17,0,48477.6,90.19,30,Fully Paid,Northeast
26100.0,60,11.51,485.07,C,C5,1,RENT,129700.0,debt_consolidation,10.11,0,21,1,15487.43,27.82,23,Charged Off,Northeast
10500.0,36,27.99,373.3,D,D2,6,MORTGAGE,77800.0,debt_consolidation,36.47,0,14,0,30685.73,69.39,16,Fully Paid,Midwest
1900.0,60,23.98,39.26,B,B4,6,OWN,37200.0,credit_card,3.69,1,9,1,36332.5,16.48,15,Fully Paid,West
32500.0,60,18.82,643.61,D,D1,3,RENT,51200.0,debt_consolidation,37.72,0,20,0,32329.14,95.79,20,Charged Off,Northeast
20200.0,36,11.3,624.52,C,C2,7,MORTGAGE,41300.0,small_business,18.34,0,23,0,18878.31,0.43,32,Fully Paid,West
13000.0,36,7.77,389.17,B,B5,3,MORTGAGE,101900.0,debt_consolidation,39.71,0,3,0,21520.76,23.29,12,Fully Paid,Midwest
5000.0,36,27.47,177.04,D,D5,6,RENT,61800.0,debt_consolidation,21.58,0,18,0,41899.27,67.59,25,Charged Off,South
3400.0,36,27.32,120.25,C,C5,3,RENT,36600.0,debt_consolidation,30.3,1,24,0,33139.26,85.35,27,Charged Off,Midwest
14600.0,36,7.77,437.07,B,B4,7,RENT,42800.0,home_improvement,0.28,0,13,0,1171.76,99.36,17,Fully Paid,Northeast
32400.0,60,24.93,674.62,F,F5,2,MORTGAGE,94900.0,credit_card,19.87,0,15,0,10172.88,17.33,28,Charged Off,Northeast
36800.0,36,16.17,1187.52,A,A2,1,MORTGAGE,120600.0,debt_consolidation,29.5,0,13,0,14314.9,30.71,17,Fully Paid,Northeast
36000.0,36,13.1,1131.0,B,B4,9,RENT,116300.0,small_business,31.31,0,23,0,18274.34,89.19,26,Fully Paid,Midwest
36900.0,36,23.48,1265.67,A,A4,5,MORTGAGE,79100.0,debt_consolidation,6.32,0,14,0,28844.69,3.25,24,Fully Paid,Midwest
36400.0,36,20.36,1216.97,D,D2,6,OWN,47700.0,debt_consolidation,16.76,0,11,0,18325.53,73.33,11,Fully Paid,Midwest
21600.0,36,24.5,747.0,D,D1,6,MORTGAGE,10700.0,debt_consolidation,16.76,0,5,1,41250.6,42.31,17,Charged Off,West
9600.0,36,6.86,284.96,B,B4,5,RENT,62900.0,other,4.15,0,8,0,23691.78,68.88,10,Fully Paid,Northeast
32100.0,36,12.96,1007.23,D,D2,10,OWN,54100.0,major_purchase,17.72,0,23,0,25108.94,52.49,30,Fully Paid,Midwest
9300.0,60,12.98,175.12,B,B4,7,RENT,58100.0,home_improvement,32.28,1,3,0,21369.46,62.71,4,Charged Off,Midwest
11400.0,36,13.24,358.59,D,D1,5,RENT,55700.0,debt_consolidation,12.01,0,16,0,15523.32,66.67,23,Fully Paid,West
10100.0,36,17.56,329.82,C,C1,5,RENT,27900.0,credit_card,17.3,0,5,0,36240.01,63.12,15,Fully Paid,Northeast
21100.0,36,12.08,656.91,C,C3,2,RENT,71600.0,credit_card,38.44,0,10,0,11478.15,66.46,13,Fully Paid,South
13600.0,36,16.11,438.64,F,F4,1,MORTGAGE,74300.0,debt_consolidation,1.27,0,7,0,34474.49,56.83,15,Fully Paid,South
7000.0,36,14.19,222.04,B,B4,6,MORTGAGE,76200.0,debt_consolidation,23.66,0,18,0,26485.31,71.39,25,Fully Paid,Northeast
18700.0,36,23.38,640.89,A,A2,5,MORTGAGE,87000.0,small_business,29.74,2,8,0,5113.16,77.6,21,Charged Off,West
35100.0,60,20.09,702.53,C,C2,0,RENT,73300.0,debt_consolidation,30.44,0,17,0,898.36,78.79,29,Fully Paid,Northeast
23300.0,36,21.34,785.34,G,G3,1,OWN,44100.0,credit_card,28.64,0,18,0,8472.18,85.35,25,Fully Paid,South
35300.0,36,10.26,1081.16,B,B2,1,OWN,52300.0,debt_consolidation,29.06,0,9,0,38051.04,31.64,12,Fully Paid,Midwest
8600.0,36,13.14,270.28,A,A1,0,RENT,56700.0,home_improvement,2.36,0,4,0,19229.88,74.58,5,Fully Paid,Northeast
7500.0,60,5.53,131.91,B,B5,2,RENT,57200.0,debt_consolidation,21.37,0,22,0,40243.83,94.67,29,Fully Paid,South
23400.0,36,7.71,700.12,C,C4,4,OWN,89200.0,debt_consolidation,31.32,0,23,0,25095.29,36.75,29,Fully Paid,Midwest
19100.0,60,11.63,355.36,A,A3,3,RENT,74700.0,credit_card,3.76,0,21,0,1637.33,77.76,22,Fully Paid,Northeast
26700.0,36,6.64,790.91,D,D4,1,MORTGAGE,153100.0,other,0.48,1,7,0,42304.92,29.15,13,Fully Paid,West
32000.0,36,20.07,1067.29,G,G3,7,MORTGAGE,163300.0,other,32.58,1,24,0,46813.17,17.56,37,Fully Paid,South
30300.0,60,29.95,656.25,C,C5,8,RENT,56400.0,debt_consolidation,28.49,0,19,0,3710.76,44.64,19,Fully Paid,Midwest
37700.0,60,7.52,675.58,B,B3,7,MORTGAGE,8000.0,debt_consolidation,16.49,0,12,0,10417.53,80.65,25,Fully Paid,Midwest
16500.0,36,25.53,575.35,C,C3,6,RENT,100600.0,credit_card,37.62,0,7,0,35777.65,30.71,12,Fully Paid,West
9000.0,36,7.97,269.92,A,A5,9,RENT,41300.0,debt_consolidation,30.66,1,14,0,49858.78,29.49,20,Fully Paid,South
22500.0,36,21.75,760.94,E,E2,1,RENT,36300.0,major_purchase,38.71,0,10,0,43815.19,27.77,24,Fully Paid,Midwest
5300.0,36,21.08,178.26,C,C1,5,MORTGAGE,44400.0,credit_card,37.17,0,9,0,4947.39,21.81,22,Fully Paid,West
12300.0,60,27.57,261.52,B,B3,10,RENT,43300.0,credit_card,19.25,0,14,0,30361.85,61.11,26,Fully Paid,South
9100.0,36,7.85,272.62,D,D1,3,MORTGAGE,73600.0,credit_card,30.19,0,15,0,33260.19,24.33,16,Charged Off,West
16500.0,36,12.89,517.41,C,C3,4,RENT,24800.0,debt_consolidation,26.77,0,2,0,31541.6,93.49,13,Charged Off,West
5300.0,60,7.27,94.76,D,D5,8,RENT,31600.0,home_improvement,32.46,0,6,0,28403.01,34.59,7,Fully Paid,West
2200.0,36,15.18,70.39,A,A1,8,RENT,64300.0,credit_card,31.51,0,7,0,14610.19,54.24,19,Fully Paid,West
26600.0,36,27.79,944.23,E,E4,3,MORTGAGE,74000.0,major_purchase,6.13,0,10,0,33425.31,40.92,20,Fully Paid,South
24800.0,60,24.54,514.77,F,F1,7,OWN,74700.0,debt_consolidation,9.35,0,21,0,36422.56,96.27,28,Fully Paid,West
28600.0,36,23.07,977.72,D,D5,10,MORTGAGE,36600.0,debt_consolidation,10.63,0,14,0,28788.31,42.4,15,Fully Paid,West
26800.0,36,18.33,880.9,F,F2,4,RENT,33200.0,other,32.74,0,2,0,24857.78,56.37,11,Fully Paid,Midwest
5500.0,36,27.09,194.17,A,A2,8,RENT,42100.0,credit_card,32.43,1,23,0,10951.53,76.34,24,Fully Paid,South
12400.0,36,16.24,400.38,C,C1,1,MORTGAGE,61100.0,other,19.81,0,7,0,27236.2,17.13,17,Fully Paid,South
6100.0,36,8.74,184.25,C,C5,3,RENT,113900.0,home_improvement,23.23,0,8,0,6412.52,3.26,12,Fully Paid,West
33900.0,36,25.94,1185.94,C,C2,2,RENT,19500.0,other,33.08,0,11,0,3635.8,45.49,14,Charged Off,West
30100.0,60,11.99,561.82,C,C2,6,RENT,48500.0,debt_consolidation,12.5,0,5,0,38892.56,55.06,17,Fully Paid,Northeast
8900.0,60,6.34,157.74,B,B2,1,MORTGAGE,27800.0,debt_consolidation,2.01,0,19,0,33813.63,28.71,19,Charged Off,West
14300.0,60,8.15,257.76,A,A1,2,MORTGAGE,23700.0,major_purchase,19.3,0,17,0,32451.61,46.25,30,Fully Paid,South
38700.0,36,20.23,1292.47,B,B2,8,RENT,87900.0,major_purchase,36.55,0,20,0,46406.39,61.52,27,Fully Paid,Midwest
24200.0,60,20.18,484.73,A,A5,7,MORTGAGE,71100.0,credit_card,31.62,0,12,0,19038.64,97.33,15,Fully Paid,South
32200.0,36,11.5,997.31,D,D5,1,MORTGAGE,67800.0,credit_card,14.66,0,18,0,19986.6,60.18,28,Fully Paid,Midwest
11300.0,36,23.18,386.65,B,B4,5,RENT,85900.0,other,2.59,0,3,1,20687.35,44.89,11,Fully Paid,West
9200.0,60,24.34,190.65,A,A2,2,RENT,42600.0,debt_consolidation,25.48,0,8,0,23264.15,2.25,9,Fully Paid,Northeast
31600.0,36,28.01,1123.64,C,C4,5,MORTGAGE,43600.0,credit_card,33.38,0,10,0,25642.15,31.06,11,Fully Paid,Midwest
27700.0,36,19.62,920.41,C,C4,4,MORTGAGE,161600.0,debt_consolidation,26.6,1,15,0,38900.87,35.85,20,Fully Paid,South
27600.0,60,24.49,572.65,E,E2,9,RENT,47900.0,debt_consolidation,17.0,0,18,0,10885.17,47.69,30,Fully Paid,West
22600.0,36,23.83,777.38,C,C4,3,MORTGAGE,78200.0,debt_consolidation,4.93,1,16,0,21704.22,78.22,26,Fully Paid,Midwest
23000.0,36,11.45,712.04,B,B2,6,OWN,54300.0,major_purchase,36.43,1,8,0,25256.37,77.59,18,Fully Paid,Northeast
29700.0,36,12.76,930.27,E,E3,10,MORTGAGE,21500.0,home_improvement,11.04,0,8,0,8455.88,84.53,9,Charged Off,Northeast
11500.0,60,16.96,224.17,C,C5,9,RENT,19500.0,other,8.97,0,15,0,35097.14,29.0,16,Fully Paid,Northeast
14800.0,36,5.48,433.64,A,A3,6,RENT,40600.0,debt_consolidation,32.64,0,10,0,2813.54,34.65,23,Fully Paid,West
35000.0,36,12.43,1093.07,C,C1,3,OWN,91900.0,debt_consolidation,39.25,1,10,0,29295.62,15.02,15,Fully Paid,Midwest
13000.0,36,16.85,421.96,F,F1,2,OWN,80300.0,debt_consolidation,26.41,0,18,0,10107.11,85.74,23,Charged Off,Midwest
22300.0,36,7.7,667.14,B,B4,3,RENT,85600.0,debt_consolidation,24.99,0,22,0,423.41,65.22,29,Fully Paid,West
28400.0,60,8.16,511.96,B,B3,1,MORTGAGE,33100.0,debt_consolidation,12.78,1,3,0,15788.58,7.75,13,Fully Paid,Midwest
40000.0,36,16.58,1295.33,A,A3,3,MORTGAGE,121500.0,debt_consolidation,0.82,0,13,0,21457.03,30.37,23,Fully Paid,West
18000.0,36,23.27,616.35,A,A2,3,MORTGAGE,33400.0,debt_consolidation,7.67,0,23,0,40865.06,15.27,35,Fully Paid,Northeast
17700.0,36,25.84,618.71,C,C4,4,RENT,60300.0,debt_consolidation,23.38,0,17,0,20392.28,96.92,26,Fully Paid,Midwest
33900.0,60,18.66,670.43,C,C5,0,MORTGAGE,53900.0,credit_card,6.05,0,3,0,45771.78,32.46,13,Fully Paid,Northeast
32400.0,36,16.87,1051.83,A,A3,1,OWN,49700.0,other,35.35,1,16,0,42126.94,49.65,30,Fully Paid,West
29500.0,36,14.61,939.17,F,F3,7,RENT,105800.0,home_improvement,7.53,0,7,0,9636.88,31.79,7,Fully Paid,Northeast
19100.0,36,9.82,582.66,D,D2,7,RENT,38100.0,small_business,20.88,0,24,0,7785.87,47.43,24,Fully Paid,South
13600.0,36,8.66,410.49,C,C2,7,RENT,27600.0,major_purchase,20.48,0,23,0,12192.1,99.86,29,Fully Paid,West
24700.0,60,24.8,513.76,E,E5,4,OWN,54700.0,debt_consolidation,24.16,0,12,1,17984.09,28.74,20,Fully Paid,South
35200.0,60,16.63,684.23,A,A4,7,RENT,44400.0,home_improvement,13.1,0,18,0,29174.03,28.26,24,Fully Paid,West
35500.0,60,24.76,738.16,C,C2,8,MORTGAGE,293200.0,major_purchase,34.94,0,5,0,6204.08,37.14,8,Fully Paid,Northeast
5200.0,60,22.6,106.25,D,D1,3,MORTGAGE,76000.0,debt_consolidation,17.77,0,20,0,26602.06,16.93,28,Charged Off,Northeast
17700.0,60,9.85,324.06,E,E3,3,MORTGAGE,44100.0,small_business,28.01,0,6,0,29038.66,73.9,20,Charged Off,Northeast
19100.0,36,17.76,624.78,E,E1,6,OWN,32000.0,credit_card,25.44,1,24,0,33044.51,37.93,34,Fully Paid,South
39100.0,60,16.1,756.58,B,B1,4,MORTGAGE,21200.0,debt_consolidation,4.69,0,13,0,27504.6,58.09,24,Charged Off,Northeast
27400.0,36,15.6,879.84,F,F3,10,RENT,32400.0,credit_card,24.91,1,20,0,41258.58,66.13,34,Charged Off,South
16900.0,36,18.56,556.57,A,A3,9,MORTGAGE,57400.0,home_improvement,22.03,0,2,1,32079.52,3.54,7,Charged Off,South
2000.0,36,29.55,71.97,E,E2,0,RENT,110600.0,credit_card,35.94,0,12,0,46227.58,64.4,21,Fully Paid,Midwest
23100.0,60,25.32,482.48,G,G4,7,RENT,94900.0,debt_consolidation,35.24,0,23,1,35046.2,53.28,33,Charged Off,Midwest
4700.0,36,27.59,166.58,A,A3,3,RENT,60800.0,credit_card,6.04,0,7,0,21805.51,8.29,7,Fully Paid,Midwest
33500.0,60,5.74,590.38,D,D4,7,MORTGAGE,46100.0,debt_consolidation,3.27,0,5,0,10484.23,12.45,10,Fully Paid,West
30300.0,36,8.51,913.29,A,A3,1,RENT,62000.0,other,11.78,0,18,1,526.04,44.08,31,Fully Paid,South
19000.0,36,7.12,565.36,C,C1,3,MORTGAGE,41800.0,major_purchase,39.46,0,13,0,4520.14,34.63,22,Fully Paid,Northeast
17700.0,36,11.58,548.6,C,C1,1,MORTGAGE,127900.0,major_purchase,0.86,1,11,0,9483.79,43.75,16,Fully Paid,Midwest
36000.0,36,16.05,1160.5,C,C5,4,RENT,49300.0,debt_consolidation,26.92,0,24,0,10822.07,63.55,24,Charged Off,West
12200.0,36,21.05,410.23,F,F2,9,OWN,51900.0,debt_consolidation,24.34,0,15,0,37102.2,15.44,22,Fully Paid,South
10700.0,36,17.52,349.3,D,D2,9,MORTGAGE,17900.0,debt_consolidation,25.86,1,8,0,19302.79,66.24,12,Fully Paid,West
37600.0,60,27.58,799.5,C,C3,7,RENT,49100.0,credit_card,8.73,0,24,0,16226.97,81.81,27,Fully Paid,Northeast
32600.0,36,28.5,1163.64,E,E3,10,MORTGAGE,82300.0,debt_consolidation,9.07,1,24,0,2618.38,0.29,37,Fully Paid,Midwest
33000.0,36,9.09,999.99,F,F2,6,MORTGAGE,31800.0,credit_card,17.23,1,12,0,26933.03,36.85,21,Fully Paid,South
8600.0,36,26.32,301.76,A,A5,10,RENT,37200.0,debt_consolidation,3.83,1,4,0,30645.44,27.52,4,Fully Paid,West
6600.0,36,17.04,214.57,G,G3,4,RENT,80500.0,credit_card,2.98,0,9,0,43892.87,43.2,13,Fully Paid,Midwest
2000.0,36,16.33,64.63,A,A4,10,MORTGAGE,25900.0,debt_consolidation,3.53,0,21,0,25142.1,61.53,32,Fully Paid,Midwest
10200.0,36,24.62,353.09,E,E3,6,MORTGAGE,91900.0,debt_consolidation,22.92,0,24,0,386.01,18.76,24,Fully Paid,South
31200.0,36,7.33,930.19,B,B4,4,OWN,41500.0,major_purchase,15.91,1,6,0,3263.94,13.41,8,Fully Paid,Midwest
10400.0,36,27.06,367.06,A,A4,6,RENT,44600.0,credit_card,11.74,0,5,0,13550.27,72.88,17,Fully Paid,West
29400.0,60,21.77,596.67,C,C1,3,MORTGAGE,30900.0,major_purchase,12.63,0,14,0,6959.28,68.58,23,Fully Paid,South
10800.0,60,26.88,228.38,D,D1,3,RENT,65400.0,home_improvement,8.29,0,5,0,38529.37,46.08,5,Fully Paid,South
16400.0,36,29.86,591.58,B,B5,9,MORTGAGE,185300.0,small_business,16.46,0,7,0,5392.85,50.13,16,Fully Paid,Midwest
39300.0,36,17.95,1287.62,A,A1,3,MORTGAGE,80100.0,debt_consolidation,8.12,0,3,0,8039.17,26.99,5,Fully Paid,Northeast
10500.0,36,7.33,313.05,C,C4,10,MORTGAGE,35200.0,debt_consolidation,27.92,0,6,0,33339.37,32.92,7,Fully Paid,Northeast
15700.0,36,9.16,476.06,F,F5,7,RENT,95600.0,credit_card,4.96,0,16,0,11981.42,32.01,28,Fully Paid,Northeast
12700.0,60,13.09,239.37,B,B1,0,MORTGAGE,46200.0,other,37.93,0,9,0,48454.05,72.63,12,Fully Paid,West
5300.0,36,7.59,158.4,B,B1,9,RENT,107700.0,home_improvement,3.59,1,3,0,43159.38,55.56,17,Fully Paid,South
20100.0,36,25.38,700.04,C,C4,4,RENT,81100.0,credit_card,37.74,2,22,0,37227.01,72.95,28,Fully Paid,Midwest
15800.0,36,12.42,493.4,A,A3,9,OWN,12400.0,debt_consolidation,33.33,0,24,0,17156.82,59.07,24,Fully Paid,Northeast
28100.0,60,29.4,606.02,E,E5,1,OWN,32800.0,credit_card,27.23,0,6,0,2839.0,54.56,12,Charged Off,Midwest
32900.0,60,22.56,672.04,E,E1,9,MORTGAGE,86900.0,debt_consolidation,36.49,0,10,0,16820.05,32.06,15,Charged Off,Northeast
22200.0,60,9.34,404.56,C,C4,3,MORTGAGE,58400.0,major_purchase,5.57,0,9,0,18836.49,39.55,12,Fully Paid,Northeast
2300.0,36,16.9,74.69,B,B1,4,RENT,32500.0,debt_consolidation,7.05,0,15,0,6371.64,88.74,23,Fully Paid,Midwest
25100.0,36,16.67,813.45,E,E3,7,OWN,39500.0,debt_consolidation,10.09,0,17,0,6032.04,57.59,23,Fully Paid,West
3200.0,36,17.31,104.28,C,C2,1,OWN,20900.0,debt_consolidation,9.79,0,3,0,33405.42,52.45,12,Fully Paid,Midwest
25000.0,36,18.39,822.15,E,E5,1,RENT,51800.0,debt_consolidation,12.43,0,4,0,11620.12,5.31,13,Fully Paid,Midwest
27700.0,36,5.78,813.92,D,D5,1,MORTGAGE,163600.0,debt_consolidation,23.03,0,5,1,33900.54,67.09,19,Fully Paid,West
8700.0,36,22.16,295.22,E,E4,7,OWN,81000.0,debt_consolidation,1.13,0,16,0,27415.07,68.6,20,Charged Off,West
33000.0,36,17.18,1074.15,C,C4,2,MORTGAGE,162000.0,credit_card,15.29,1,6,0,45073.19,69.07,7,Fully Paid,Midwest
36500.0,60,24.77,759.02,C,C1,4,MORTGAGE,84200.0,home_improvement,9.86,0,16,0,39858.49,9.12,26,Fully Paid,West
32700.0,36,25.38,1138.87,F,F5,1,RENT,90600.0,debt_consolidation,24.27,1,19,1,7568.6,30.05,31,Fully Paid,Northeast
12900.0,36,10.76,396.89,C,C1,5,RENT,145400.0,credit_card,39.41,0,14,0,30508.08,37.12,14,Fully Paid,West
23900.0,36,6.21,705.12,C,C2,9,RENT,65400.0,small_business,20.71,1,12,0,32656.34,82.65,13,Fully Paid,Midwest
36700.0,36,22.58,1249.64,B,B5,5,RENT,49300.0,credit_card,17.03,0,11,0,43102.72,98.07,19,Charged Off,West
13500.0,36,29.44,485.4,D,D2,1,OWN,90800.0,credit_card,14.73,0,5,0,32047.84,41.47,6,Fully Paid,South
33000.0,36,16.17,1064.89,C,C1,3,RENT,112100.0,credit_card,31.4,1,21,0,7035.71,55.43,25,Fully Paid,West
1400.0,36,11.49,43.36,B,B3,10,MORTGAGE,42600.0,debt_consolidation,2.88,0,6,0,12922.46,0.73,13,Fully Paid,Northeast
1100.0,36,8.92,33.28,A,A2,1,RENT,37800.0,debt_consolidation,38.39,1,23,0,31879.95,0.88,30,Fully Paid,South
30600.0,36,12.19,953.61,C,C3,9,MORTGAGE,58100.0,debt_consolidation,16.72,1,2,0,45597.12,7.45,15,Fully Paid,Northeast
30700.0,36,13.2,965.34,D,D5,3,RENT,82100.0,debt_consolidation,12.55,0,14,0,44576.45,71.95,24,Fully Paid,Northeast
31800.0,36,15.6,1021.13,C,C3,10,OWN,80700.0,major_purchase,38.96,0,15,0,17959.31,17.81,23,Fully Paid,South
37300.0,36,21.39,1257.74,B,B3,6,RENT,26600.0,debt_consolidation,37.44,0,23,0,41533.67,75.78,26,Fully Paid,Northeast
5600.0,36,11.83,173.96,D,D1,4,RENT,140900.0,other,25.68,0,17,0,25564.39,43.19,26,Fully Paid,South
10000.0,60,6.27,177.12,A,A1,9,OWN,39300.0,major_purchase,0.74,0,14,0,23217.14,85.0,26,Fully Paid,Northeast
36200.0,36,14.33,1149.65,C,C1,3,MORTGAGE,47500.0,home_improvement,29.94,0,16,0,17544.36,87.03,22,Fully Paid,Midwest
7900.0,36,26.39,277.36,A,A1,9,MORTGAGE,34500.0,home_improvement,13.42,0,10,1,33910.14,87.98,18,Fully Paid,Northeast
27600.0,60,17.46,540.32,B,B5,9,MORTGAGE,208800.0,debt_consolidation,15.53,1,4,0,29979.88,54.35,10,Fully Paid,South
21700.0,60,29.12,466.98,B,B1,2,MORTGAGE,61100.0,credit_card,6.35,0,3,0,18733.19,78.85,15,Fully Paid,Midwest
4200.0,60,17.59,82.31,B,B5,5,MORTGAGE,35400.0,other,20.94,0,13,0,38141.91,66.19,13,Fully Paid,Midwest
12100.0,36,11.9,376.11,A,A5,1,MORTGAGE,83400.0,debt_consolidation,29.78,0,19,0,18967.27,18.67,29,Fully Paid,West
21300.0,36,9.83,649.83,B,B3,3,RENT,79600.0,debt_consolidation,10.92,1,5,0,29219.36,38.15,19,Fully Paid,West
34200.0,36,22.36,1162.42,C,C5,7,MORTGAGE,49300.0,debt_consolidation,37.55,1,21,0,19619.15,96.24,26,Charged Off,West
28600.0,36,18.41,940.7,C,C1,1,MORTGAGE,82500.0,credit_card,7.79,1,16,0,5843.83,77.26,17,Fully Paid,Midwest
25300.0,60,20.1,506.42,B,B4,8,MORTGAGE,35900.0,debt_consolidation,2.65,0,2,0,8059.72,26.3,8,Fully Paid,West
20300.0,36,23.88,698.55,E,E3,1,OWN,42300.0,credit_card,25.77,0,9,0,32836.94,28.1,17,Fully Paid,Midwest
12600.0,60,23.15,258.62,A,A5,7,RENT,19800.0,home_improvement,33.97,0,18,0,40561.17,25.42,24,Fully Paid,West
5700.0,36,6.08,167.96,C,C3,7,MORTGAGE,27900.0,debt_consolidation,38.13,0,6,0,23423.15,32.88,17,Fully Paid,Northeast
17000.0,36,25.06,590.56,A,A5,6,MORTGAGE,133800.0,major_purchase,30.69,0,8,1,16279.36,92.83,15,Fully Paid,West
2100.0,60,18.32,41.41,A,A5,9,MORTGAGE,123100.0,debt_consolidation,7.99,0,4,0,16824.87,43.35,5,Fully Paid,South
9200.0,60,14.79,176.01,C,C3,5,MORTGAGE,56000.0,debt_consolidation,39.11,0,7,0,29882.36,36.43,16,Fully Paid,West
17900.0,60,18.44,353.35,C,C3,0,RENT,124400.0,debt_consolidation,36.78,0,14,0,23384.47,23.92,18,Charged Off,Midwest
17300.0,60,20.31,346.89,E,E2,1,RENT,50000.0,major_purchase,6.53,0,17,0,36.94,89.24,26,Charged Off,South
2700.0,36,8.74,81.55,C,C2,6,MORTGAGE,48000.0,small_business,22.35,1,18,1,38573.6,95.74,18,Fully Paid,South
24000.0,36,15.44,769.6,F,F1,10,RENT,55700.0,debt_consolidation,22.22,0,7,0,7115.9,32.35,9,Fully Paid,Midwest
22400.0,60,13.39,423.32,A,A5,3,MORTGAGE,50900.0,debt_consolidation,17.7,0,6,0,33740.5,61.67,6,Fully Paid,South
4000.0,36,13.76,126.4,A,A3,8,MORTGAGE,48600.0,small_business,39.37,2,19,0,17210.7,95.84,32,Fully Paid,South
37800.0,36,7.28,1126.44,A,A4,2,RENT,96000.0,credit_card,2.38,0,5,0,28900.13,49.95,6,Fully Paid,South
4900.0,36,9.0,148.36,B,B3,3,RENT,58400.0,debt_consolidation,25.09,0,13,0,42755.87,46.87,24,Fully Paid,West
34300.0,36,9.05,1039.0,C,C2,2,MORTGAGE,77400.0,credit_card,8.21,1,17,0,7713.63,52.77,30,Fully Paid,South
1000.0,36,14.33,31.76,D,D3,6,RENT,90700.0,small_business,21.09,0,12,0,38881.76,3.32,15,Fully Paid,Northeast
35400.0,60,27.36,751.42,A,A4,1,RENT,65800.0,debt_consolidation,31.19,0,12,0,1915.42,30.01,17,Fully Paid,Northeast
1800.0,36,10.15,55.08,F,F3,9,MORTGAGE,33400.0,debt_consolidation,9.87,1,24,0,46068.43,69.9,24,Fully Paid,West
30600.0,36,15.4,980.9,E,E3,1,MORTGAGE,27500.0,debt_consolidation,15.73,1,7,0,10079.33,96.67,15,Fully Paid,West
15100.0,60,12.79,283.85,B,B4,1,MORTGAGE,58400.0,home_improvement,38.03,1,17,0,39720.68,56.87,17,Fully Paid,Northeast
29800.0,36,24.68,1032.07,A,A2,3,OWN,49700.0,debt_consolidation,30.46,0,7,1,3361.02,19.05,14,Fully Paid,South
16700.0,60,6.25,295.73,A,A3,7,OWN,56600.0,major_purchase,22.91,0,10,0,16352.42,42.68,10,Fully Paid,Northeast
3800.0,36,9.91,116.02,A,A2,7,MORTGAGE,53700.0,major_purchase,8.88,0,19,0,31677.37,49.0,33,Fully Paid,Midwest
30900.0,60,10.27,567.89,A,A4,7,MORTGAGE,197200.0,credit_card,17.01,0,2,0,32941.23,15.22,14,Fully Paid,South
3800.0,36,29.82,137.03,C,C3,7,MORTGAGE,27900.0,debt_consolidation,30.96,1,19,0,34940.48,32.93,19,Fully Paid,Northeast
37000.0,36,19.27,1225.83,B,B3,6,OWN,20000.0,other,32.82,0,20,0,17542.95,44.51,27,Fully Paid,Northeast
3000.0,60,8.47,54.24,B,B5,5,RENT,64000.0,credit_card,9.78,0,10,0,33300.41,26.19,22,Fully Paid,South
19700.0,60,11.8,367.08,G,G1,6,OWN,44900.0,credit_card,26.48,1,15,0,21425.07,35.39,16,Fully Paid,South
29200.0,36,9.2,885.73,D,D4,4,RENT,63500.0,other,3.8,0,13,0,28296.0,27.62,13,Charged Off,South
16300.0,60,8.12,293.73,F,F2,7,RENT,72500.0,small_business,0.93,1,11,0,27361.32,61.28,17,Fully Paid,West
9500.0,36,24.93,329.68,A,A4,1,MORTGAGE,103000.0,credit_card,21.95,0,10,0,8406.99,57.86,10,Fully Paid,Midwest
30600.0,60,17.39,598.69,B,B5,4,RENT,25500.0,debt_consolidation,8.98,0,13,0,42329.91,55.17,27,Fully Paid,West
31600.0,36,20.78,1060.18,C,C4,6,RENT,41000.0,debt_consolidation,3.16,1,6,0,43357.06,9.67,9,Fully Paid,Northeast
37000.0,36,13.28,1164.27,A,A1,8,RENT,67100.0,other,29.19,0,24,0,10186.27,18.36,33,Fully Paid,Midwest
15700.0,36,18.84,518.27,A,A4,9,MORTGAGE,79600.0,small_business,19.92,0,20,0,20826.67,11.08,29,Fully Paid,West
20700.0,36,11.44,640.78,D,D2,0,MORTGAGE,162200.0,debt_consolidation,31.85,0,11,0,23243.79,6.33,19,Fully Paid,Northeast
15200.0,36,12.7,475.84,D,D2,10,MORTGAGE,87400.0,major_purchase,26.56,1,3,0,27446.1,24.68,17,Fully Paid,South
11000.0,36,21.31,370.67,C,C1,8,MORTGAGE,52700.0,major_purchase,29.19,0,7,0,1113.63,19.45,16,Fully Paid,Northeast
30300.0,36,8.76,915.4,C,C5,2,MORTGAGE,34700.0,debt_consolidation,12.29,1,23,0,37940.76,72.5,25,Fully Paid,South
14200.0,36,20.43,475.03,C,C3,0,MORTGAGE,40900.0,credit_card,10.53,0,6,0,43097.92,69.59,11,Fully Paid,West
17700.0,36,26.31,621.02,A,A3,6,RENT,40300.0,debt_consolidation,24.03,1,2,0,7109.69,20.13,13,Fully Paid,Northeast
16700.0,60,8.01,300.63,B,B1,2,OWN,75200.0,major_purchase,8.0,0,19,0,44831.45,16.56,28,Fully Paid,Midwest
28800.0,36,27.44,1019.52,A,A1,7,RENT,61600.0,debt_consolidation,32.62,0,24,0,42545.61,14.49,34,Fully Paid,Northeast
36800.0,60,6.99,656.21,A,A2,10,RENT,28000.0,home_improvement,20.92,0,16,0,27112.84,32.0,30,Fully Paid,South
27000.0,60,13.72,511.74,F,F1,1,MORTGAGE,43600.0,debt_consolidation,9.08,1,3,0,13736.59,29.42,11,Fully Paid,West
19400.0,36,20.26,648.07,C,C2,3,OWN,84000.0,debt_consolidation,25.01,0,22,0,10374.48,2.85,25,Fully Paid,Midwest
31400.0,60,18.99,622.71,D,D4,1,MORTGAGE,64600.0,debt_consolidation,37.8,1,16,0,24456.27,56.79,29,Charged Off,Midwest
26000.0,36,7.41,775.74,B,B2,10,RENT,72000.0,home_improvement,3.28,1,12,1,25360.21,89.8,23,Fully Paid,West
3400.0,36,24.97,118.03,B,B2,3,RENT,65600.0,debt_consolidation,4.37,1,14,0,32593.42,53.89,25,Fully Paid,West
4700.0,36,29.33,168.85,B,B4,0,RENT,122200.0,credit_card,33.75,0,21,0,40081.87,6.38,23,Fully Paid,Northeast
2500.0,36,9.53,76.06,A,A2,9,MORTGAGE,61000.0,debt_consolidation,4.38,0,16,0,46724.99,59.96,20,Fully Paid,Northeast
18800.0,60,27.38,399.12,A,A3,4,MORTGAGE,44700.0,home_improvement,1.58,1,11,0,39814.04,48.5,22,Fully Paid,Midwest
33200.0,36,18.92,1096.71,E,E2,2,MORTGAGE,34300.0,credit_card,13.92,0,18,0,45452.27,90.69,28,Fully Paid,Northeast
13200.0,36,28.4,470.8,D,D1,8,MORTGAGE,61400.0,debt_consolidation,18.67,0,6,0,24968.42,36.32,19,Fully Paid,South
16000.0,60,9.4,291.73,C,C2,3,OWN,16000.0,debt_consolidation,22.78,0,2,0,1944.23,75.2,8,Fully Paid,South
36500.0,36,24.8,1265.33,C,C4,5,RENT,49400.0,debt_consolidation,20.29,0,20,0,2591.51,3.84,24,Fully Paid,Northeast
33600.0,36,6.49,993.91,F,F1,8,MORTGAGE,48900.0,credit_card,36.53,2,13,0,13424.38,72.15,27,Charged Off,Midwest
26900.0,36,27.08,949.57,A,A4,1,MORTGAGE,27400.0,home_improvement,30.75,0,8,0,30699.31,4.15,18,Charged Off,Northeast
11400.0,60,21.85,231.52,B,B4,6,OWN,34100.0,debt_consolidation,39.35,0,3,0,16761.21,34.47,13,Fully Paid,West
5600.0,60,14.26,106.64,B,B3,2,RENT,81200.0,home_improvement,19.06,1,22,0,8307.19,94.81,32,Fully Paid,West
1600.0,36,9.76,48.78,E,E5,0,MORTGAGE,60800.0,debt_consolidation,3.37,1,16,0,42524.75,70.32,19,Fully Paid,Midwest
5200.0,36,25.41,181.15,G,G3,8,RENT,57000.0,debt_consolidation,38.22,0,21,0,49249.74,92.5,21,Fully Paid,Midwest
12400.0,36,20.08,413.61,B,B4,8,MORTGAGE,63100.0,credit_card,0.16,0,14,0,832.08,49.59,19,Fully Paid,West
22500.0,36,14.01,712.56,E,E4,10,MORTGAGE,56700.0,debt_consolidation,31.04,1,8,0,4471.2,60.62,11,Fully Paid,West
3500.0,60,16.1,67.73,E,E4,3,RENT,100900.0,home_improvement,1.25,0,15,0,24966.94,51.77,20,Fully Paid,South
6300.0,36,25.66,219.9,B,B4,8,RENT,57600.0,other,30.45,1,21,0,16883.36,47.89,26,Fully Paid,Northeast
8100.0,36,13.47,255.31,B,B4,6,MORTGAGE,26100.0,debt_consolidation,37.52,0,17,0,39107.56,57.82,28,Fully Paid,Midwest
25600.0,60,7.24,457.56,C,C3,3,MORTGAGE,122400.0,credit_card,15.57,1,10,0,32715.11,3.89,13,Charged Off,West
25000.0,60,27.78,532.42,G,G5,1,MORTGAGE,65200.0,other,9.64,0,20,0,3425.52,18.57,27,Charged Off,Midwest
22500.0,36,14.68,716.75,B,B4,4,MORTGAGE,40400.0,debt_consolidation,9.05,0,23,0,27244.16,21.46,26,Fully Paid,West
10800.0,36,13.71,341.13,E,E5,7,MORTGAGE,28900.0,debt_consolidation,19.67,1,6,0,16826.63,38.28,10,Fully Paid,Midwest
15500.0,36,10.11,474.08,B,B1,9,RENT,66000.0,debt_consolidation,6.84,0,11,1,48255.63,43.46,15,Fully Paid,Midwest
4800.0,36,27.44,169.92,D,D2,9,MORTGAGE,51100.0,credit_card,26.92,0,9,0,23763.95,73.97,19,Fully Paid,South
9800.0,36,10.44,300.64,C,C4,5,OWN,119000.0,home_improvement,14.73,0,15,0,46383.19,16.55,16,Fully Paid,South
36000.0,36,20.92,1209.2,C,C4,10,RENT,45600.0,home_improvement,12.92,0,12,0,1508.73,56.99,25,Fully Paid,South
39200.0,60,27.02,829.86,E,E4,4,RENT,35600.0,credit_card,18.45,2,2,0,5163.73,27.23,9,Fully Paid,South
26300.0,60,5.87,464.06,E,E2,3,RENT,84800.0,home_improvement,21.7,0,11,0,19313.45,51.57,18,Fully Paid,South
36800.0,36,25.72,1285.14,E,E5,10,RENT,86000.0,debt_consolidation,5.68,0,3,0,44347.84,62.66,12,Fully Paid,West
26100.0,36,15.26,835.64,A,A3,5,MORTGAGE,58900.0,other,28.31,1,8,0,27230.2,58.25,15,Fully Paid,Northeast
2300.0,60,21.45,46.56,D,D4,10,RENT,76000.0,debt_consolidation,35.32,0,18,1,41207.03,21.54,18,Fully Paid,West
39900.0,60,14.31,760.16,A,A2,2,MORTGAGE,53200.0,debt_consolidation,11.12,0,6,0,14176.48,70.95,12,Fully Paid,Northeast
4900.0,60,22.39,99.95,C,C1,1,MORTGAGE,60900.0,other,7.22,0,11,0,5574.72,65.38,13,Fully Paid,South
27600.0,36,11.36,853.76,C,C2,0,RENT,97000.0,small_business,30.42,0,6,0,12301.94,93.2,19,Fully Paid,Midwest
10900.0,36,5.55,319.58,C,C4,8,RENT,74100.0,major_purchase,7.34,0,6,0,32265.17,63.42,6,Fully Paid,Midwest
16300.0,60,28.69,349.61,C,C5,0,OWN,49800.0,debt_consolidation,1.65,0,10,0,43570.85,72.03,14,Fully Paid,Northeast
26200.0,36,5.41,767.15,G,G5,10,RENT,106500.0,major_purchase,24.77,0,12,0,22749.97,81.1,15,Charged Off,Northeast
18000.0,36,25.6,628.0,A,A1,3,RENT,16600.0,credit_card,9.59,1,16,0,9680.78,10.6,30,Fully Paid,West
10800.0,36,9.23,327.69,D,D4,5,RENT,151200.0,home_improvement,6.87,1,6,0,31880.6,69.63,12,Fully Paid,Northeast
14000.0,60,14.81,267.89,B,B1,8,RENT,23100.0,other,39.26,0,18,0,9846.7,31.86,18,Fully Paid,West
14300.0,36,25.56,498.75,A,A1,3,RENT,39600.0,debt_consolidation,11.67,0,20,0,28514.39,82.31,20,Fully Paid,South
38400.0,60,10.15,704.96,A,A4,6,RENT,53100.0,credit_card,36.14,0,15,0,5114.59,48.02,27,Fully Paid,Midwest
32100.0,36,26.64,1129.21,F,F5,6,MORTGAGE,50400.0,major_purchase,7.13,0,22,0,40556.75,58.06,29,Fully Paid,Midwest
18900.0,60,17.44,369.94,E,E5,5,RENT,89600.0,debt_consolidation,32.76,1,3,1,40258.33,26.03,13,Fully Paid,West
8800.0,36,14.15,279.03,F,F5,8,OWN,31900.0,debt_consolidation,20.08,0,15,0,27062.77,65.06,18,Charged Off,Northeast
32600.0,36,21.56,1100.79,G,G5,10,RENT,61700.0,debt_consolidation,3.14,1,21,1,1909.13,3.56,35,Charged Off,West
7100.0,60,13.53,134.34,B,B5,9,RENT,40600.0,credit_card,29.34,0,5,0,14009.27,74.86,16,Fully Paid,Northeast
9200.0,60,13.68,174.31,B,B1,6,MORTGAGE,62800.0,debt_consolidation,35.68,0,4,1,6914.24,16.33,14,Fully Paid,Northeast
15300.0,60,23.34,314.52,D,D3,2,RENT,52400.0,debt_consolidation,6.52,0,16,0,26172.79,22.76,29,Fully Paid,Northeast
35300.0,36,12.75,1105.58,C,C4,5,RENT,56800.0,debt_consolidation,29.02,0,23,0,5086.72,0.09,35,Fully Paid,West
6100.0,36,10.02,186.42,C,C3,6,MORTGAGE,41200.0,debt_consolidation,17.8,1,17,0,43486.33,31.32,30,Fully Paid,South
5800.0,36,25.19,201.7,B,B1,6,RENT,42000.0,debt_consolidation,30.15,0,11,0,42508.21,38.82,23,Fully Paid,Midwest
20300.0,36,25.13,705.59,C,C4,5,OWN,62500.0,debt_consolidation,28.56,0,19,0,7804.9,23.4,27,Fully Paid,West
11800.0,60,17.44,230.97,C,C1,2,RENT,86800.0,small_business,1.06,0,20,1,34744.4,23.02,29,Charged Off,South
23200.0,36,18.17,761.54,A,A4,5,RENT,40200.0,debt_consolidation,7.15,0,3,0,34825.16,89.3,17,Fully Paid,Midwest
18600.0,36,22.4,632.4,C,C2,1,RENT,35100.0,major_purchase,18.84,0,11,0,19837.72,32.65,20,Fully Paid,West
18000.0,36,17.73,588.65,C,C1,9,MORTGAGE,73600.0,major_purchase,37.34,1,3,0,7649.95,72.23,7,Fully Paid,West
5400.0,36,15.43,173.14,C,C1,0,OWN,53300.0,credit_card,13.68,0,17,0,6605.39,23.74,27,Fully Paid,South
6500.0,60,29.87,140.69,B,B2,7,MORTGAGE,82100.0,debt_consolidation,25.15,0,6,0,36973.8,80.9,11,Fully Paid,West
33000.0,36,8.69,996.32,D,D5,2,MORTGAGE,34400.0,small_business,0.48,2,5,0,11008.87,67.77,15,Charged Off,Midwest
35500.0,36,19.82,1181.56,A,A2,7,MORTGAGE,22300.0,credit_card,28.45,0,18,0,30172.69,75.62,19,Fully Paid,South
10200.0,60,27.15,216.16,B,B2,2,MORTGAGE,41500.0,debt_consolidation,24.12,0,14,0,43294.08,43.95,27,Fully Paid,West
5400.0,36,22.18,183.27,E,E3,1,MORTGAGE,36900.0,debt_consolidation,28.62,0,24,1,29654.97,87.96,34,Fully Paid,Midwest
3100.0,36,27.02,109.38,C,C3,7,OWN,52100.0,debt_consolidation,36.19,0,23,0,48698.12,37.4,25,Fully Paid,West
24700.0,36,13.41,778.12,B,B5,2,RENT,39400.0,debt_consolidation,5.86,1,13,1,32275.09,60.09,19,Fully Paid,South
28900.0,36,11.8,897.51,D,D3,7,MORTGAGE,78500.0,credit_card,10.46,0,18,0,15730.16,64.01,32,Fully Paid,West
15500.0,36,26.28,543.71,C,C5,1,MORTGAGE,46900.0,debt_consolidation,39.83,0,10,0,42623.37,95.23,23,Fully Paid,Midwest
27500.0,36,14.85,877.33,E,E2,3,RENT,58400.0,home_improvement,6.25,0,21,1,15545.62,13.45,32,Fully Paid,Northeast
28800.0,36,22.74,981.92,D,D3,8,OWN,58600.0,other,28.83,0,2,0,48578.52,13.56,8,Charged Off,West
37500.0,36,8.69,1132.19,C,C5,0,MORTGAGE,59700.0,debt_consolidation,29.0,1,2,0,23886.6,46.21,7,Fully Paid,West
3500.0,36,23.9,120.46,C,C5,1,RENT,53500.0,debt_consolidation,27.32,1,3,0,47662.35,91.79,13,Fully Paid,Midwest
8500.0,36,18.72,280.31,A,A3,1,MORTGAGE,69900.0,home_improvement,9.1,0,15,0,9179.91,2.17,18,Fully Paid,Midwest
3700.0,60,11.72,68.89,B,B4,8,OWN,36400.0,credit_card,8.61,1,6,0,569.93,27.63,19,Fully Paid,South
34900.0,36,17.36,1137.74,C,C3,9,MORTGAGE,109100.0,debt_consolidation,26.65,0,2,0,9806.56,28.36,13,Fully Paid,Northeast
31900.0,60,22.42,650.87,C,C5,4,RENT,48100.0,major_purchase,7.45,0,2,1,4918.42,30.5,15,Fully Paid,South
23400.0,36,5.3,684.45,C,C4,10,RENT,28100.0,small_business,26.46,0,16,0,36697.8,2.47,25,Fully Paid,Midwest
4300.0,36,20.94,144.46,B,B3,3,RENT,59500.0,credit_card,19.7,0,23,0,13227.28,82.56,37,Fully Paid,Midwest
11700.0,36,18.54,385.26,A,A2,9,RENT,35400.0,debt_consolidation,15.47,0,2,0,31973.71,0.89,5,Fully Paid,Midwest
12600.0,60,10.51,232.07,C,C1,9,OWN,75600.0,credit_card,12.01,1,22,0,33432.85,47.77,34,Fully Paid,Midwest
22900.0,36,23.82,787.63,B,B3,3,MORTGAGE,163500.0,credit_card,37.9,0,17,0,34412.27,5.64,24,Fully Paid,South
11100.0,36,12.59,347.15,D,D3,6,OWN,36600.0,debt_consolidation,20.32,0,11,0,41630.41,79.86,19,Fully Paid,Northeast
3800.0,60,11.92,70.88,A,A1,2,RENT,64000.0,debt_consolidation,22.45,0,6,0,7448.29,74.66,13,Charged Off,Midwest
29500.0,60,16.78,574.17,C,C4,8,RENT,22500.0,credit_card,37.97,0,3,1,2523.2,72.15,17,Charged Off,South
12700.0,36,21.9,430.04,F,F1,4,MORTGAGE,68000.0,debt_consolidation,26.16,0,15,0,1485.26,73.63,22,Fully Paid,South
18600.0,60,28.22,397.48,A,A4,10,OWN,34800.0,debt_consolidation,38.31,0,12,0,5189.5,94.02,23,Fully Paid,South
6000.0,60,8.53,108.53,C,C5,8,MORTGAGE,39600.0,other,4.25,0,20,0,18959.28,41.68,32,Fully Paid,South
32300.0,36,14.91,1031.0,A,A4,0,MORTGAGE,31200.0,small_business,33.87,0,20,0,48368.8,86.16,32,Fully Paid,South
23100.0,36,6.67,684.47,D,D2,9,MORTGAGE,78100.0,major_purchase,13.42,0,20,0,17661.25,18.42,30,Fully Paid,Midwest
36200.0,36,23.96,1246.49,C,C1,7,RENT,89600.0,debt_consolidation,32.42,0,4,0,22646.15,45.13,8,Fully Paid,Midwest
20300.0,36,16.19,655.18,C,C2,1,MORTGAGE,54800.0,debt_consolidation,34.23,0,12,0,40719.84,0.89,22,Fully Paid,Northeast
37700.0,60,22.67,770.78,C,C2,7,RENT,35200.0,home_improvement,10.86,0,21,0,45929.9,28.41,33,Fully Paid,Northeast
35800.0,36,13.05,1124.22,E,E1,3,MORTGAGE,119900.0,credit_card,16.35,0,17,0,48572.08,45.82,18,Charged Off,Northeast
23500.0,36,26.11,823.22,B,B4,1,OWN,37200.0,credit_card,29.04,2,18,0,41322.56,90.93,27,Fully Paid,Northeast
37400.0,60,18.37,737.84,A,A2,1,MORTGAGE,18400.0,debt_consolidation,3.96,0,21,0,25125.8,31.7,22,Fully Paid,West
13600.0,36,28.59,485.78,E,E2,5,RENT,68100.0,credit_card,30.22,0,5,0,11473.82,67.24,6,Fully Paid,South
15300.0,60,6.97,272.77,C,C4,2,OWN,31200.0,other,4.42,1,16,0,29918.35,83.4,21,Fully Paid,South
2800.0,60,17.86,55.0,E,E2,10,RENT,88800.0,debt_consolidation,36.58,0,12,0,9839.75,32.65,21,Charged Off,South
24000.0,60,24.16,496.64,C,C3,9,RENT,44800.0,debt_consolidation,11.05,0,17,0,2786.24,16.92,31,Fully Paid,West
29200.0,60,20.0,584.0,E,E1,2,MORTGAGE,73300.0,credit_card,23.02,1,21,0,45967.7,59.12,35,Fully Paid,South
31200.0,36,5.58,915.03,C,C4,8,MORTGAGE,109200.0,home_improvement,4.69,1,22,0,24239.52,28.44,26,Fully Paid,South
6800.0,36,29.31,244.25,D,D3,4,MORTGAGE,29600.0,debt_consolidation,10.78,0,5,0,25412.01,65.25,8,Charged Off,South
18300.0,36,12.46,571.67,F,F3,6,OWN,40800.0,small_business,16.16,0,6,0,30460.95,13.47,17,Charged Off,South
7900.0,36,11.23,244.09,C,C4,4,RENT,52200.0,debt_consolidation,19.48,0,20,0,22570.43,15.16,23,Fully Paid,South
26800.0,36,17.14,872.04,B,B5,1,RENT,116900.0,small_business,0.0,0,17,1,22221.52,67.59,24,Charged Off,Northeast
7200.0,36,18.55,237.1,B,B2,10,RENT,39000.0,debt_consolidation,35.55,0,20,0,45757.27,97.36,29,Fully Paid,West
36300.0,60,24.16,751.17,B,B2,10,MORTGAGE,40200.0,debt_consolidation,0.31,0,17,0,40827.31,24.69,18,Fully Paid,Midwest
10000.0,60,14.83,191.38,B,B5,7,RENT,68800.0,major_purchase,30.95,0,2,0,10629.61,71.39,6,Fully Paid,Northeast
12400.0,36,16.0,399.56,B,B5,8,MORTGAGE,40600.0,small_business,18.82,2,4,0,14588.88,53.2,10,Fully Paid,West
34200.0,36,18.37,1124.51,C,C5,10,MORTGAGE,58500.0,other,20.96,0,3,0,33031.13,84.38,16,Fully Paid,South
18900.0,36,14.86,603.02,C,C2,1,MORTGAGE,24900.0,debt_consolidation,8.33,0,11,0,28554.6,38.89,25,Charged Off,West
1900.0,60,27.86,40.49,C,C1,1,MORTGAGE,163900.0,credit_card,24.29,2,7,0,38307.97,97.17,18,Fully Paid,South
20300.0,36,26.28,712.08,C,C2,3,RENT,27600.0,debt_consolidation,21.49,0,9,0,36381.63,8.24,15,Fully Paid,South
4300.0,36,16.37,139.0,A,A1,7,OWN,46100.0,debt_consolidation,6.57,0,7,0,35427.36,98.46,21,Fully Paid,West
39400.0,36,5.0,1149.17,A,A2,4,MORTGAGE,53300.0,debt_consolidation,9.52,0,21,0,44010.9,84.62,35,Fully Paid,Midwest
23900.0,36,27.52,846.59,A,A1,4,MORTGAGE,141000.0,debt_consolidation,2.68,0,20,0,38327.65,86.65,27,Fully Paid,South
11000.0,60,8.11,198.2,C,C1,6,RENT,27900.0,small_business,2.65,0,17,0,12142.37,84.24,30,Fully Paid,South
23000.0,36,11.11,709.87,B,B3,3,RENT,146100.0,debt_consolidation,0.55,0,5,0,43641.86,86.19,7,Fully Paid,Northeast
4000.0,36,8.81,120.9,B,B2,8,MORTGAGE,79100.0,credit_card,8.82,0,17,0,16776.61,81.52,18,Fully Paid,West
32200.0,60,9.5,587.65,C,C1,3,RENT,66700.0,credit_card,27.19,0,10,0,45544.72,89.95,17,Charged Off,West
37100.0,60,25.07,773.35,E,E3,7,MORTGAGE,33100.0,debt_consolidation,12.65,1,10,0,41213.5,46.08,18,Fully Paid,West
35100.0,60,19.49,699.02,A,A2,2,RENT,72100.0,other,13.71,0,9,1,3704.27,93.93,9,Fully Paid,Northeast
14300.0,36,28.9,512.02,D,D1,5,MORTGAGE,37700.0,debt_consolidation,5.28,0,6,0,38564.03,38.5,14,Fully Paid,West
13700.0,36,10.79,421.62,D,D3,0,MORTGAGE,102100.0,other,23.02,1,22,0,25005.71,72.85,29,Fully Paid,West
2400.0,36,17.14,78.09,E,E5,6,MORTGAGE,33300.0,other,13.69,0,18,0,48855.64,71.04,24,Fully Paid,South
26400.0,36,29.44,949.23,F,F1,10,OWN,51200.0,other,27.05,0,17,1,22920.95,82.09,24,Fully Paid,Midwest
21900.0,36,25.66,764.43,A,A3,6,MORTGAGE,41000.0,major_purchase,29.66,1,19,0,3350.39,73.84,31,Fully Paid,Midwest
18900.0,36,23.22,646.9,A,A1,1,MORTGAGE,33100.0,debt_consolidation,23.39,1,23,0,14656.83,3.54,25,Fully Paid,Northeast
36400.0,36,9.72,1109.39,E,E2,4,MORTGAGE,78500.0,debt_consolidation,11.04,0,7,0,21510.47,73.92,8,Fully Paid,West
7500.0,60,24.24,155.3,C,C3,3,RENT,70800.0,credit_card,20.34,0,11,0,29595.88,2.33,23,Fully Paid,Northeast
1400.0,36,13.69,44.21,C,C2,9,RENT,99200.0,debt_consolidation,10.08,0,21,1,7605.29,53.32,32,Fully Paid,Midwest
3900.0,60,18.26,76.87,D,D3,8,RENT,22200.0,small_business,36.12,0,17,0,25754.13,83.89,20,Charged Off,Northeast
9700.0,36,20.23,323.95,D,D1,1,RENT,92200.0,home_improvement,30.66,0,20,0,24173.64,82.96,26,Fully Paid,South
2300.0,36,20.23,76.81,F,F2,2,MORTGAGE,189600.0,debt_consolidation,19.72,1,9,0,41833.13,84.13,10,Fully Paid,South
20600.0,36,23.16,704.75,G,G4,0,OWN,43200.0,debt_consolidation,38.62,0,19,0,15120.15,60.24,25,Charged Off,South
13200.0,60,21.54,267.39,D,D4,9,MORTGAGE,139700.0,debt_consolidation,21.87,1,6,0,22475.87,18.38,12,Fully Paid,West
8000.0,36,6.71,237.13,B,B4,4,RENT,47500.0,credit_card,13.14,0,14,0,19430.63,50.8,27,Fully Paid,South
30300.0,60,16.43,587.97,E,E4,2,RENT,27300.0,debt_consolidation,3.82,0,16,0,31611.57,51.62,25,Fully Paid,Northeast
9000.0,36,21.6,304.0,A,A3,3,MORTGAGE,46500.0,home_improvement,21.75,0,7,0,41809.45,32.48,15,Fully Paid,South
27800.0,60,12.4,520.79,B,B2,3,MORTGAGE,91500.0,home_improvement,34.42,0,3,0,33781.21,42.41,5,Fully Paid,West
14600.0,36,12.83,457.59,E,E3,5,MORTGAGE,35600.0,debt_consolidation,34.67,0,24,0,23252.45,87.22,32,Fully Paid,South
21000.0,60,8.11,378.38,B,B2,9,MORTGAGE,40100.0,credit_card,24.18,0,16,0,31891.48,51.79,22,Fully Paid,South
37400.0,36,15.47,1199.6,B,B4,6,MORTGAGE,72900.0,credit_card,15.74,0,12,0,16112.2,70.47,22,Fully Paid,West
2500.0,60,29.67,54.03,A,A5,6,MORTGAGE,54300.0,credit_card,26.01,0,6,0,7204.99,49.58,18,Fully Paid,West
20500.0,36,12.13,638.52,E,E1,10,MORTGAGE,72600.0,other,30.49,0,11,0,15985.9,61.75,23,Charged Off,South
34300.0,36,18.29,1127.04,C,C4,7,MORTGAGE,61000.0,debt_consolidation,16.46,0,21,0,22184.48,9.26,35,Fully Paid,Midwest
23900.0,60,23.58,492.26,D,D4,2,RENT,68900.0,debt_consolidation,19.05,0,21,0,21963.25,93.14,28,Fully Paid,South
11800.0,36,5.34,345.28,B,B5,4,MORTGAGE,43600.0,small_business,27.22,0,19,0,36880.06,43.59,32,Charged Off,Northeast
16500.0,36,27.51,584.42,D,D3,9,MORTGAGE,60800.0,debt_consolidation,35.07,0,13,0,46817.27,74.83,15,Charged Off,West
27500.0,60,14.66,525.52,D,D3,5,RENT,34100.0,debt_consolidation,31.64,1,18,1,19447.97,66.71,22,Fully Paid,South
35700.0,36,26.73,1256.74,B,B2,5,RENT,103200.0,home_improvement,0.9,0,18,0,4322.43,79.93,28,Fully Paid,Midwest
2600.0,36,5.97,76.53,C,C1,7,MORTGAGE,39500.0,home_improvement,4.97,0,5,0,1670.66,3.49,11,Fully Paid,South
3800.0,36,8.64,114.68,B,B2,4,OWN,95300.0,debt_consolidation,34.11,0,20,0,197.64,93.54,27,Fully Paid,Northeast
13700.0,60,13.06,258.15,G,G4,4,MORTGAGE,48200.0,credit_card,33.35,0,24,0,46905.01,82.97,37,Charged Off,West
10100.0,36,13.64,318.82,D,D3,0,RENT,59900.0,debt_consolidation,15.55,1,19,1,49781.67,83.38,24,Fully Paid,Northeast
11300.0,36,26.19,396.1,F,F4,0,OWN,42300.0,credit_card,23.37,0,21,0,2569.2,46.71,26,Charged Off,Midwest
9600.0,60,5.28,168.45,B,B4,5,RENT,32600.0,credit_card,36.23,0,22,0,17910.44,79.63,26,Fully Paid,Northeast
8600.0,60,21.03,173.48,E,E3,9,OWN,22600.0,home_improvement,36.46,0,11,0,33467.26,57.52,24,Fully Paid,Northeast
6100.0,60,8.28,110.08,D,D4,9,MORTGAGE,32000.0,home_improvement,31.32,0,15,0,8947.27,50.35,18,Fully Paid,West
37400.0,60,25.58,782.78,D,D4,4,MORTGAGE,46100.0,debt_consolidation,8.38,1,21,0,29721.86,78.49,27,Fully Paid,Northeast
6600.0,36,24.46,228.18,G,G1,10,RENT,60200.0,debt_consolidation,29.21,0,14,0,40680.87,62.78,23,Fully Paid,Midwest
9000.0,36,17.5,293.75,B,B2,9,RENT,89800.0,debt_consolidation,4.04,0,15,0,42904.32,7.72,19,Fully Paid,Midwest
10600.0,36,10.32,324.83,A,A1,5,RENT,43400.0,debt_consolidation,35.76,0,5,0,35321.03,31.45,17,Fully Paid,West
37400.0,60,20.86,753.36,D,D5,8,MORTGAGE,34900.0,home_improvement,5.97,1,5,0,4088.21,62.21,12,Fully Paid,Midwest
30500.0,60,8.91,553.63,D,D1,7,RENT,26300.0,credit_card,26.49,1,24,0,17419.79,90.38,35,Fully Paid,Midwest
31800.0,60,9.75,581.67,C,C2,6,RENT,68900.0,debt_consolidation,24.41,0,5,0,48367.14,93.3,5,Fully Paid,Midwest
5100.0,36,20.67,170.95,B,B1,6,OWN,108200.0,small_business,31.08,1,12,0,9637.75,83.89,19,Fully Paid,Midwest
33600.0,36,29.78,1211.28,C,C5,5,MORTGAGE,102000.0,credit_card,22.06,0,2,0,22696.3,25.43,13,Charged Off,Midwest
16900.0,36,27.28,597.51,B,B4,5,RENT,77300.0,debt_consolidation,2.38,1,7,0,16708.85,47.34,11,Fully Paid,Midwest
11300.0,36,19.83,376.13,C,C4,0,RENT,74600.0,debt_consolidation,28.23,0,6,0,10276.91,43.34,9,Charged Off,Midwest
23500.0,60,18.46,463.97,D,D1,6,MORTGAGE,126600.0,credit_card,15.33,1,6,0,16176.8,43.87,17,Fully Paid,South
33100.0,36,29.96,1194.91,D,D5,4,MORTGAGE,64000.0,debt_consolidation,12.81,0,13,0,9475.93,4.98,18,Fully Paid,Midwest
31400.0,36,18.68,1035.15,B,B2,6,MORTGAGE,74800.0,small_business,39.67,0,16,0,43862.67,17.36,27,Fully Paid,West
35700.0,60,15.5,687.22,C,C5,5,RENT,46100.0,credit_card,23.62,1,7,0,8722.16,15.33,13,Charged Off,South
37200.0,36,27.74,1319.98,B,B1,7,OWN,27400.0,other,28.43,0,13,0,31177.21,61.73,15,Fully Paid,Midwest
10300.0,36,10.85,317.15,B,B3,2,MORTGAGE,38500.0,debt_consolidation,21.05,2,23,0,47115.78,41.18,34,Fully Paid,Midwest
17500.0,36,7.44,522.28,E,E3,7,OWN,53900.0,home_improvement,30.8,0,15,0,47632.29,32.44,18,Charged Off,West
1600.0,60,20.85,32.23,F,F5,6,RENT,55800.0,small_business,30.08,0,23,0,30021.23,44.39,29,Fully Paid,Midwest
35300.0,60,7.4,631.87,B,B1,0,RENT,141900.0,debt_consolidation,26.29,0,24,0,13544.8,32.42,30,Fully Paid,South
7000.0,36,14.33,222.31,D,D5,2,MORTGAGE,56400.0,debt_consolidation,39.91,0,12,0,12394.89,75.75,24,Fully Paid,South
34600.0,36,15.59,1110.95,E,E1,9,MORTGAGE,97700.0,credit_card,18.39,0,9,0,37373.53,16.7,11,Fully Paid,West
13800.0,36,18.69,454.98,E,E2,3,MORTGAGE,43600.0,other,28.25,0,21,0,49035.37,5.61,29,Fully Paid,Midwest
15400.0,36,29.79,555.21,B,B3,8,RENT,46400.0,credit_card,31.91,0,8,0,3879.75,65.07,10,Fully Paid,West
2500.0,36,10.52,76.75,F,F4,5,MORTGAGE,27900.0,credit_card,15.04,1,7,0,39473.43,23.06,14,Fully Paid,Midwest
13700.0,36,14.39,435.32,B,B3,6,RENT,37400.0,home_improvement,18.29,0,14,0,6149.27,64.34,21,Fully Paid,South
35600.0,36,8.31,1071.07,B,B4,4,RENT,70500.0,debt_consolidation,38.77,1,7,0,14909.27,5.85,9,Fully Paid,Midwest
2000.0,60,20.19,40.06,A,A1,2,MORTGAGE,54400.0,debt_consolidation,1.29,0,21,0,28331.18,24.71,27,Fully Paid,Midwest
16800.0,36,23.19,574.89,C,C4,4,RENT,86800.0,debt_consolidation,13.41,1,23,0,14861.23,15.39,37,Fully Paid,South
2200.0,36,17.05,71.53,A,A2,6,RENT,59300.0,debt_consolidation,19.45,0,3,0,32513.06,29.07,5,Fully Paid,South
15500.0,36,11.15,478.56,B,B1,8,MORTGAGE,45400.0,major_purchase,0.06,0,12,1,20859.79,32.89,24,Fully Paid,South
7700.0,36,20.52,257.78,B,B3,8,RENT,158600.0,home_improvement,35.97,0,9,0,10955.69,49.52,22,Charged Off,Midwest
10800.0,36,18.48,355.44,E,E3,7,MORTGAGE,51700.0,other,11.45,0,23,0,26546.54,52.01,24,Fully Paid,West
35200.0,36,9.28,1068.52,E,E5,4,MORTGAGE,96900.0,debt_consolidation,10.31,0,5,0,1200.49,63.01,17,Charged Off,South
18000.0,60,15.14,345.42,B,B4,6,MORTGAGE,44300.0,debt_consolidation,32.81,1,8,0,37053.92,33.17,14,Fully Paid,Midwest
11700.0,60,15.88,225.97,E,E1,3,MORTGAGE,77200.0,major_purchase,11.12,2,16,0,26114.44,53.2,28,Fully Paid,West
24000.0,60,29.57,518.28,E,E4,9,MORTGAGE,86200.0,debt_consolidation,26.3,0,20,0,47335.02,99.01,27,Fully Paid,Northeast
6500.0,36,26.23,227.92,D,D2,4,RENT,60100.0,debt_consolidation,32.86,0,11,0,5139.47,21.06,19,Charged Off,Northeast
11100.0,60,23.36,228.22,A,A2,3,OWN,16700.0,debt_consolidation,31.7,0,4,0,36614.61,15.27,17,Fully Paid,Midwest
22300.0,36,27.22,788.06,D,D5,2,MORTGAGE,54700.0,debt_consolidation,31.28,0,11,0,15047.52,84.26,11,Fully Paid,Midwest
10300.0,60,23.39,211.82,F,F1,10,RENT,100200.0,other,3.55,0,20,0,18657.43,41.04,34,Fully Paid,South
27500.0,36,27.59,974.65,D,D1,0,MORTGAGE,70500.0,credit_card,3.19,1,4,1,17424.34,84.69,12,Fully Paid,Midwest
20200.0,36,6.36,596.8,B,B4,4,RENT,67700.0,small_business,12.27,0,19,0,17901.1,42.47,20,Fully Paid,West
31100.0,36,16.4,1005.57,C,C5,1,RENT,22900.0,small_business,1.44,0,6,1,21541.75,2.17,8,Fully Paid,Midwest
38000.0,60,23.67,783.24,D,D3,5,RENT,37800.0,debt_consolidation,20.02,0,23,0,1050.24,37.49,30,Charged Off,West
5500.0,60,19.58,109.62,C,C1,4,RENT,66500.0,home_improvement,15.79,0,2,0,42337.87,61.01,3,Fully Paid,West
14100.0,60,9.38,257.04,A,A1,10,MORTGAGE,66500.0,debt_consolidation,22.28,0,7,0,44089.8,44.76,13,Fully Paid,South
13500.0,36,13.51,425.66,B,B1,1,MORTGAGE,99400.0,debt_consolidation,11.95,2,8,0,1977.83,45.93,18,Fully Paid,West
6900.0,36,12.94,216.47,E,E5,7,OWN,50400.0,small_business,19.43,1,3,0,38800.16,99.83,10,Charged Off,Midwest
32600.0,60,11.53,605.98,E,E2,4,MORTGAGE,66400.0,debt_consolidation,13.39,0,18,0,3613.63,54.41,27,Charged Off,West
30600.0,36,13.58,965.43,A,A3,1,MORTGAGE,54600.0,debt_consolidation,7.81,0,24,0,40390.68,69.69,37,Fully Paid,Northeast
19900.0,60,17.87,390.94,F,F2,0,MORTGAGE,33100.0,debt_consolidation,25.97,1,23,0,30649.39,72.1,27,Fully Paid,West
22000.0,36,26.37,772.26,B,B4,1,MORTGAGE,17500.0,debt_consolidation,26.94,0,4,0,15317.64,0.02,16,Fully Paid,Midwest
3300.0,36,23.55,113.25,D,D1,0,RENT,67200.0,debt_consolidation,33.17,0,3,0,30694.13,55.25,13,Fully Paid,South
22700.0,60,25.88,476.25,D,D4,9,OWN,59100.0,debt_consolidation,34.99,2,19,0,25332.31,96.31,21,Charged Off,Midwest
31900.0,36,27.09,1126.16,E,E4,9,MORTGAGE,39800.0,debt_consolidation,28.18,1,15,1,31787.74,75.08,25,Fully Paid,Midwest
23400.0,60,15.4,450.06,F,F1,2,MORTGAGE,24100.0,other,27.5,0,17,0,23768.59,34.04,31,Charged Off,Midwest
11300.0,36,13.65,356.73,B,B5,2,MORTGAGE,74200.0,debt_consolidation,2.27,0,13,0,38643.73,36.46,24,Fully Paid,Northeast
27000.0,60,6.44,478.98,E,E4,9,MORTGAGE,47400.0,debt_consolidation,4.39,0,19,0,2263.48,30.36,27,Fully Paid,South
15100.0,36,28.26,537.98,A,A5,0,MORTGAGE,71600.0,debt_consolidation,32.5,0,9,1,17214.12,63.02,20,Fully Paid,Northeast
22300.0,60,6.65,396.38,D,D2,6,MORTGAGE,137600.0,home_improvement,9.32,0,2,0,27964.34,9.73,13,Fully Paid,West
20000.0,36,23.53,686.28,D,D3,9,MORTGAGE,18600.0,credit_card,14.22,1,4,0,29412.15,29.0,16,Fully Paid,West
15900.0,36,14.45,505.49,D,D3,6,RENT,38200.0,other,5.81,0,23,0,8477.25,49.82,36,Fully Paid,Northeast
29000.0,36,28.72,1036.91,B,B3,8,RENT,48800.0,home_improvement,7.81,0,8,0,3726.48,53.52,20,Fully Paid,South
35500.0,60,15.49,683.32,E,E3,4,MORTGAGE,112100.0,debt_consolidation,31.02,0,3,0,1048.93,60.74,10,Fully Paid,West
1200.0,36,25.42,41.81,A,A5,3,RENT,23900.0,debt_consolidation,10.47,1,17,0,20650.68,79.72,19,Fully Paid,South
37400.0,36,12.07,1164.28,A,A2,4,RENT,142600.0,credit_card,17.96,1,10,1,16519.36,16.32,22,Fully Paid,Northeast
20900.0,60,12.48,391.81,D,D5,7,MORTGAGE,58000.0,home_improvement,6.07,0,24,0,28390.4,22.5,31,Fully Paid,West
28300.0,36,19.89,942.47,C,C4,7,OWN,51600.0,debt_consolidation,27.12,0,4,0,22475.74,87.23,6,Fully Paid,Northeast
34400.0,36,29.95,1241.74,E,E1,3,MORTGAGE,49100.0,credit_card,29.13,0,20,0,19703.4,83.12,25,Fully Paid,West
19200.0,36,17.94,629.01,B,B4,7,MORTGAGE,43600.0,small_business,14.47,0,15,0,42166.03,82.16,28,Fully Paid,Midwest
33600.0,60,28.41,719.1,A,A5,3,OWN,91500.0,home_improvement,31.39,0,16,0,31075.81,20.86,27,Charged Off,South
7900.0,36,24.66,273.56,E,E4,3,OWN,31800.0,home_improvement,9.6,0,24,0,32305.04,5.83,24,Fully Paid,Northeast
7200.0,36,24.9,249.8,C,C4,10,MORTGAGE,64400.0,major_purchase,27.68,2,17,0,19091.32,52.34,29,Fully Paid,Midwest
26600.0,60,15.9,513.82,B,B4,7,OWN,44700.0,debt_consolidation,29.2,0,20,0,38842.22,87.0,23,Charged Off,Northeast
34900.0,60,14.66,666.94,D,D2,1,RENT,37000.0,debt_consolidation,38.75,0,16,0,7604.38,23.75,23,Charged Off,Northeast
35800.0,36,9.8,1091.9,C,C2,3,MORTGAGE,197400.0,debt_consolidation,9.29,0,15,0,20100.04,90.42,20,Charged Off,South
26100.0,60,29.1,561.58,C,C1,0,MORTGAGE,66800.0,debt_consolidation,3.75,1,6,0,2358.7,14.15,16,Fully Paid,Northeast
21500.0,60,28.98,462.18,C,C3,0,RENT,73600.0,other,10.52,0,8,0,5771.87,29.81,12,Fully Paid,South
13900.0,36,23.68,477.54,E,E5,10,MORTGAGE,95700.0,debt_consolidation,4.91,0,4,0,4076.29,29.83,9,Charged Off,Northeast
39200.0,60,12.41,734.41,E,E5,7,MORTGAGE,26600.0,home_improvement,6.79,0,3,1,22071.81,15.11,9,Charged Off,West
13500.0,36,11.13,416.74,D,D2,3,RENT,130100.0,home_improvement,13.36,0,17,0,34866.22,87.28,17,Fully Paid,Midwest
30000.0,36,29.72,1081.0,A,A2,5,MORTGAGE,15500.0,credit_card,16.56,1,3,0,15634.84,41.26,15,Fully Paid,West
21700.0,36,6.66,642.92,E,E1,4,RENT,36900.0,credit_card,36.15,2,4,0,1330.55,19.07,6,Fully Paid,South
24700.0,36,26.09,865.12,D,D5,9,RENT,43100.0,credit_card,7.82,0,13,0,35360.42,14.72,24,Charged Off,South
16300.0,36,13.89,515.67,D,D5,5,MORTGAGE,72500.0,debt_consolidation,38.87,0,2,0,10371.65,42.09,15,Charged Off,Midwest
38600.0,60,15.47,742.86,B,B1,3,MORTGAGE,60400.0,other,32.41,1,16,0,36133.73,1.73,30,Fully Paid,South
23300.0,36,25.8,814.21,E,E1,3,RENT,49800.0,debt_consolidation,35.26,0,2,0,367.73,12.11,16,Fully Paid,West
37600.0,36,7.27,1120.38,D,D4,6,MORTGAGE,53900.0,debt_consolidation,37.18,0,2,0,15617.11,0.37,13,Fully Paid,Midwest
1300.0,36,13.85,41.11,A,A1,0,RENT,33200.0,credit_card,30.13,0,16,0,31061.54,2.44,16,Fully Paid,South
23300.0,60,28.8,500.17,C,C4,8,RENT,25600.0,debt_consolidation,31.55,0,4,0,43557.54,99.74,12,Fully Paid,South
29000.0,36,22.48,986.64,E,E5,9,RENT,77900.0,debt_consolidation,17.51,0,15,0,37706.42,44.89,18,Fully Paid,South
30100.0,36,23.87,1035.69,A,A4,2,RENT,76600.0,other,20.42,0,23,0,22480.99,72.89,24,Fully Paid,South
36300.0,36,23.94,1249.73,G,G3,3,RENT,119600.0,major_purchase,37.3,0,11,0,35925.74,73.71,22,Charged Off,Northeast
1200.0,60,6.51,21.3,D,D2,8,MORTGAGE,36500.0,small_business,15.13,0,4,0,26877.07,88.04,14,Fully Paid,Northeast
1000.0,36,10.08,30.58,D,D4,4,RENT,76600.0,debt_consolidation,1.68,1,21,0,40669.78,10.37,25,Fully Paid,Northeast
19400.0,60,17.28,379.21,B,B3,3,RENT,47000.0,debt_consolidation,30.51,0,19,0,38603.28,52.57,20,Fully Paid,South
2100.0,36,14.2,66.62,B,B1,5,MORTGAGE,98200.0,major_purchase,22.93,2,24,0,48792.61,32.17,30,Fully Paid,Northeast
39000.0,36,15.27,1248.76,F,F1,0,RENT,90300.0,major_purchase,32.6,0,5,0,5246.9,54.85,8,Fully Paid,South
9700.0,36,24.54,335.57,B,B1,9,MORTGAGE,60200.0,credit_card,3.02,0,18,1,17035.25,33.21,22,Fully Paid,West
19400.0,60,5.37,340.7,D,D1,0,OWN,45700.0,small_business,24.85,1,21,0,9618.84,18.37,34,Charged Off,South
3400.0,36,21.51,114.76,B,B3,4,RENT,87600.0,other,9.91,0,5,0,31538.4,67.28,13,Fully Paid,Midwest
21400.0,36,5.0,624.17,A,A2,4,MORTGAGE,74900.0,credit_card,36.13,1,16,0,33201.38,3.84,29,Fully Paid,Midwest
15800.0,36,6.58,467.77,A,A4,10,RENT,38500.0,debt_consolidation,4.4,0,12,0,10190.53,89.54,23,Fully Paid,Midwest
2700.0,36,15.21,86.41,C,C2,8,RENT,27900.0,credit_card,33.72,1,4,0,21077.63,14.63,5,Charged Off,South
14100.0,36,26.02,493.58,G,G4,0,RENT,46900.0,other,3.54,0,8,0,30107.51,61.51,18,Fully Paid,Midwest
16300.0,60,8.62,295.08,B,B2,2,OWN,115600.0,debt_consolidation,1.0,1,11,0,32947.66,75.42,15,Fully Paid,Midwest
39600.0,36,18.87,1307.57,B,B3,2,MORTGAGE,96100.0,credit_card,9.4,0,20,0,5132.35,7.29,33,Fully Paid,South
9100.0,36,21.96,308.29,B,B3,3,OWN,31100.0,home_improvement,13.32,0,21,0,46053.64,90.33,35,Fully Paid,South
22200.0,36,10.74,682.9,C,C1,6,MORTGAGE,30200.0,debt_consolidation,25.06,0,9,0,1704.16,35.62,21,Fully Paid,Northeast
39500.0,36,17.81,1292.64,C,C5,6,MORTGAGE,102500.0,credit_card,5.27,0,16,0,48647.12,99.67,19,Charged Off,South
31900.0,36,27.79,1132.36,E,E3,9,RENT,30700.0,debt_consolidation,17.49,0,14,1,15816.29,6.88,16,Fully Paid,Northeast
39700.0,36,17.81,1299.18,C,C3,4,MORTGAGE,69900.0,small_business,8.17,0,4,0,15817.28,71.68,14,Fully Paid,South
38800.0,60,8.93,704.41,C,C1,8,MORTGAGE,39800.0,home_improvement,34.21,1,22,0,22301.3,16.07,22,Fully Paid,West
20100.0,36,20.7,673.91,A,A5,6,MORTGAGE,121600.0,major_purchase,1.8,0,22,0,34747.92,40.27,33,Charged Off,Midwest
28200.0,60,19.81,563.11,G,G3,1,RENT,36900.0,debt_consolidation,14.24,0,16,1,7980.09,44.32,21,Fully Paid,West
5300.0,36,5.67,155.57,B,B3,2,OWN,96000.0,debt_consolidation,25.25,0,22,0,12749.24,40.62,28,Fully Paid,South
18200.0,36,7.26,542.26,A,A2,10,RENT,59400.0,small_business,36.52,1,22,0,48078.63,33.76,34,Charged Off,West
32600.0,60,8.92,591.8,D,D4,6,OWN,61500.0,debt_consolidation,34.72,0,11,0,43842.11,76.72,11,Charged Off,Northeast
20700.0,60,8.41,374.01,C,C4,4,RENT,20200.0,debt_consolidation,35.81,0,22,1,10619.58,81.99,34,Fully Paid,South
28400.0,36,11.49,879.53,C,C2,6,MORTGAGE,18000.0,debt_consolidation,2.51,0,16,0,28650.57,33.56,21,Fully Paid,South
30100.0,36,16.35,972.82,C,C4,8,RENT,48500.0,credit_card,33.64,0,15,0,10180.09,48.26,15,Charged Off,West
10900.0,36,14.29,346.04,E,E1,8,MORTGAGE,61300.0,debt_consolidation,31.2,0,10,0,27503.06,42.18,15,Fully Paid,Midwest
35200.0,36,27.27,1244.42,B,B5,2,RENT,30900.0,credit_card,36.1,0,16,0,18288.66,59.35,19,Charged Off,South
18900.0,36,20.3,631.58,E,E3,7,MORTGAGE,31400.0,home_improvement,12.46,1,15,0,18121.24,15.03,20,Charged Off,Midwest
9200.0,60,26.9,194.58,D,D4,5,MORTGAGE,71700.0,credit_card,36.47,1,16,0,31753.49,80.57,16,Charged Off,West
34800.0,36,18.18,1142.41,C,C3,3,RENT,71800.0,other,16.11,0,15,0,12592.04,79.7,15,Fully Paid,West
17300.0,36,7.25,515.4,C,C2,3,MORTGAGE,50600.0,debt_consolidation,25.36,0,11,0,20212.98,59.04,13,Fully Paid,West
30300.0,36,16.58,981.21,B,B2,3,RENT,80000.0,credit_card,16.97,0,13,0,46262.94,74.61,18,Fully Paid,Northeast
22400.0,36,25.55,781.2,D,D4,6,MORTGAGE,30100.0,debt_consolidation,17.11,0,21,0,37768.24,98.85,23,Charged Off,South
15900.0,36,9.85,485.17,C,C2,5,MORTGAGE,45300.0,small_business,21.87,0,15,0,19164.17,92.25,28,Fully Paid,West
32600.0,36,7.28,971.48,B,B4,1,RENT,123500.0,other,14.24,0,16,0,11513.09,61.14,28,Fully Paid,West
23800.0,60,13.24,449.19,C,C1,4,MORTGAGE,56100.0,debt_consolidation,31.71,0,13,0,32950.58,51.14,19,Fully Paid,Northeast
16200.0,36,14.72,516.24,G,G4,4,RENT,57700.0,debt_consolidation,25.35,2,3,0,40384.48,53.45,13,Fully Paid,South
5300.0,60,12.66,99.52,C,C2,5,RENT,171600.0,debt_consolidation,27.59,0,20,0,43038.23,46.66,23,Fully Paid,Midwest
35900.0,36,8.38,1080.79,F,F1,6,RENT,26900.0,small_business,9.24,0,18,0,28214.06,48.02,29,Fully Paid,South
2400.0,60,11.27,44.51,B,B1,10,RENT,80700.0,home_improvement,38.78,0,16,0,25839.99,73.2,24,Fully Paid,West
34700.0,60,22.06,705.91,A,A4,7,MORTGAGE,124500.0,small_business,26.41,0,24,0,35982.12,99.21,36,Fully Paid,Midwest
15000.0,60,14.65,286.62,B,B3,9,OWN,46100.0,debt_consolidation,7.89,1,11,0,8788.34,4.53,17,Fully Paid,Northeast
25900.0,60,20.81,521.5,C,C3,7,MORTGAGE,83300.0,credit_card,30.02,0,12,0,42606.95,23.02,15,Fully Paid,Northeast
37000.0,36,18.41,1216.99,B,B2,10,RENT,33200.0,home_improvement,6.95,1,15,0,3696.18,21.02,23,Fully Paid,West
6900.0,60,18.73,136.54,A,A4,4,MORTGAGE,38400.0,small_business,2.54,0,10,1,30150.85,83.29,14,Fully Paid,Midwest
23100.0,60,11.21,428.16,F,F3,1,RENT,65700.0,debt_consolidation,21.1,0,4,0,29484.68,41.97,7,Fully Paid,South
30800.0,36,18.04,1009.9,E,E4,9,RENT,80800.0,debt_consolidation,22.14,0,2,0,15535.12,52.51,3,Charged Off,West
30500.0,36,5.59,894.58,D,D3,7,MORTGAGE,94900.0,other,7.56,1,7,0,1773.14,46.92,15,Fully Paid,Midwest
21500.0,36,15.79,691.52,A,A1,5,MORTGAGE,118800.0,debt_consolidation,13.94,0,7,0,35892.74,85.37,18,Fully Paid,Midwest
25400.0,36,19.32,841.87,A,A4,2,MORTGAGE,52400.0,credit_card,37.83,0,6,1,1208.71,49.97,15,Fully Paid,Midwest
30500.0,36,9.55,928.13,A,A3,3,OWN,98400.0,credit_card,11.4,1,5,0,8980.58,66.78,12,Fully Paid,Midwest
33800.0,36,11.41,1046.02,D,D5,0,RENT,45700.0,debt_consolidation,6.22,0,4,1,27211.84,1.95,9,Fully Paid,Northeast
30700.0,36,10.49,942.23,F,F2,2,RENT,85100.0,debt_consolidation,39.7,2,14,0,46999.15,65.25,14,Charged Off,Midwest
14800.0,60,6.76,263.34,C,C2,3,OWN,60100.0,home_improvement,12.09,0,5,1,3296.68,24.1,12,Fully Paid,Midwest
39900.0,36,13.7,1260.18,A,A4,1,OWN,67700.0,debt_consolidation,27.21,0,24,1,28939.35,86.69,27,Fully Paid,West
17900.0,60,29.47,386.25,C,C5,5,RENT,67000.0,debt_consolidation,9.26,1,8,0,16444.65,75.16,8,Fully Paid,Northeast
2000.0,36,13.85,63.25,B,B1,7,MORTGAGE,24300.0,major_purchase,22.0,0,20,0,33470.9,10.93,22,Fully Paid,Northeast
15100.0,36,16.51,488.69,B,B2,5,MORTGAGE,30900.0,other,15.45,0,12,0,47645.44,10.35,17,Fully Paid,Northeast
6000.0,36,21.33,202.22,D,D4,9,MORTGAGE,57000.0,major_purchase,38.46,0,11,1,13429.52,29.3,12,Fully Paid,South
5700.0,36,21.21,191.92,D,D2,2,RENT,23300.0,small_business,17.31,0,20,0,47796.35,12.58,27,Fully Paid,South
12000.0,36,28.75,429.17,A,A4,8,MORTGAGE,82100.0,other,23.37,0,20,0,43531.32,74.03,24,Fully Paid,Northeast
3100.0,36,26.44,108.88,A,A5,3,RENT,83800.0,major_purchase,37.79,0,6,0,30352.8,98.68,10,Fully Paid,West
27900.0,36,24.85,967.59,G,G3,5,RENT,63800.0,other,39.57,0,2,0,37911.83,65.53,16,Charged Off,Midwest
3900.0,36,28.79,139.52,B,B3,3,MORTGAGE,30900.0,home_improvement,4.07,0,12,0,43244.4,24.9,12,Fully Paid,Midwest
8900.0,36,10.77,273.85,A,A3,3,MORTGAGE,108000.0,home_improvement,33.37,0,14,0,40173.43,56.43,22,Fully Paid,Northeast
4600.0,36,20.43,153.88,B,B3,10,MORTGAGE,150000.0,home_improvement,15.28,0,24,1,16335.38,80.56,34,Fully Paid,Northeast
3500.0,36,27.18,123.65,A,A1,1,RENT,58300.0,other,23.79,0,9,0,40630.2,96.22,10,Fully Paid,South
11400.0,36,20.6,381.9,B,B4,9,MORTGAGE,69900.0,home_improvement,15.0,0,24,0,15675.94,0.51,32,Fully Paid,Northeast
23300.0,36,29.44,837.76,E,E1,1,RENT,59900.0,major_purchase,16.04,0,17,0,43353.96,52.37,29,Fully Paid,South
38600.0,36,7.51,1152.75,B,B3,1,MORTGAGE,70600.0,debt_consolidation,6.35,0,10,0,12773.3,45.32,19,Fully Paid,Northeast
35100.0,36,15.98,1130.8,C,C3,1,RENT,51000.0,other,22.91,0,5,0,28613.04,41.45,14,Fully Paid,Midwest
35200.0,36,29.43,1265.54,D,D5,7,RENT,53200.0,debt_consolidation,21.87,0,20,1,34646.18,50.38,30,Fully Paid,Northeast
7900.0,36,14.49,251.24,C,C2,9,RENT,85200.0,debt_consolidation,7.57,1,8,0,21289.56,40.35,21,Fully Paid,Midwest
11300.0,36,23.49,387.62,E,E3,3,RENT,175000.0,major_purchase,21.67,1,13,0,39148.62,34.4,13,Fully Paid,Northeast
4000.0,36,5.76,117.51,E,E1,3,OWN,26900.0,debt_consolidation,38.92,0,10,0,46267.8,11.48,19,Fully Paid,South
31400.0,36,22.37,1067.34,A,A1,9,MORTGAGE,51400.0,debt_consolidation,28.58,0,14,0,9312.65,49.98,21,Fully Paid,Northeast
3700.0,36,28.37,131.94,D,D1,9,RENT,30000.0,debt_consolidation,19.24,0,13,0,1672.13,82.11,15,Fully Paid,West
22700.0,60,14.57,433.46,C,C5,10,MORTGAGE,120100.0,debt_consolidation,36.64,0,10,0,31325.82,10.47,22,Fully Paid,Midwest
10700.0,60,5.53,188.2,G,G1,2,MORTGAGE,40400.0,debt_consolidation,23.01,0,13,0,30109.34,73.85,15,Charged Off,Midwest
10500.0,36,5.7,308.29,C,C4,4,MORTGAGE,26300.0,credit_card,5.4,1,17,0,17065.22,26.78,23,Fully Paid,Midwest
39600.0,60,27.3,840.18,G,G4,3,RENT,74500.0,small_business,21.9,0,14,0,39273.15,38.12,20,Fully Paid,Northeast
30500.0,36,23.06,1042.59,D,D5,6,MORTGAGE,129600.0,debt_consolidation,7.24,0,4,0,41307.13,98.81,10,Charged Off,West
33600.0,36,7.67,1004.92,B,B4,9,RENT,75500.0,credit_card,30.7,0,7,0,16599.28,67.52,17,Fully Paid,West
23300.0,60,6.36,413.03,C,C5,6,OWN,60000.0,major_purchase,38.69,0,15,0,34113.62,71.91,28,Fully Paid,South
35000.0,60,25.12,729.87,G,G5,5,MORTGAGE,66500.0,debt_consolidation,14.43,0,3,0,32101.25,60.24,9,Charged Off,South
26200.0,36,25.25,911.54,E,E5,6,RENT,109900.0,home_improvement,17.4,0,23,0,17132.21,32.24,25,Charged Off,South
37900.0,36,8.01,1137.11,A,A4,6,MORTGAGE,35000.0,debt_consolidation,16.86,1,22,0,48457.41,67.51,36,Fully Paid,West
12000.0,36,12.54,375.13,D,D3,7,RENT,51200.0,credit_card,11.41,0,21,0,17320.11,45.73,28,Fully Paid,Midwest
24200.0,36,24.5,836.92,B,B4,10,RENT,43200.0,debt_consolidation,31.77,0,4,0,31014.2,83.21,4,Fully Paid,Midwest
27900.0,36,18.14,915.58,A,A5,0,RENT,30200.0,other,24.71,0,17,0,19006.32,57.11,19,Fully Paid,South
16300.0,36,28.91,583.68,C,C2,2,MORTGAGE,46000.0,debt_consolidation,2.56,1,9,0,591.65,77.12,16,Fully Paid,South
35300.0,60,17.03,688.53,B,B4,2,MORTGAGE,94300.0,credit_card,33.55,0,7,0,4581.92,84.85,19,Fully Paid,Northeast
39200.0,36,21.92,1327.57,E,E2,4,RENT,71900.0,debt_consolidation,7.48,1,4,0,11615.82,82.11,5,Fully Paid,Northeast
20300.0,60,17.74,398.35,B,B4,9,RENT,74800.0,credit_card,39.17,0,6,0,40608.41,40.21,20,Fully Paid,West
16200.0,36,28.57,578.57,E,E5,6,RENT,58300.0,debt_consolidation,15.07,1,5,0,22103.24,36.88,11,Charged Off,Northeast
19400.0,36,14.97,619.56,A,A4,9,MORTGAGE,70400.0,debt_consolidation,24.66,0,7,0,29431.18,86.91,10,Fully Paid,South
34300.0,36,10.74,1055.11,B,B1,5,MORTGAGE,36300.0,debt_consolidation,3.11,1,3,0,47192.83,14.31,17,Fully Paid,South
26200.0,36,13.17,823.63,B,B1,3,MORTGAGE,46400.0,debt_consolidation,13.79,1,23,0,7351.19,27.94,28,Fully Paid,South
2700.0,36,26.32,94.74,B,B5,5,MORTGAGE,59600.0,major_purchase,32.09,1,4,0,43090.97,12.1,12,Fully Paid,Midwest
22100.0,36,17.45,721.01,A,A3,6,MORTGAGE,62200.0,debt_consolidation,19.09,1,9,1,18961.8,4.21,16,Fully Paid,South
1700.0,36,13.86,53.77,B,B2,3,RENT,63600.0,major_purchase,36.18,0,16,0,16874.0,61.59,19,Fully Paid,Northeast
31400.0,36,18.61,1034.54,C,C4,10,RENT,50600.0,credit_card,23.01,1,11,0,31276.41,90.08,17,Fully Paid,West
13800.0,36,8.33,415.26,B,B5,7,MORTGAGE,44900.0,debt_consolidation,37.14,0,16,0,44931.93,12.94,29,Fully Paid,Northeast
19400.0,36,5.13,566.53,C,C2,4,OWN,262700.0,debt_consolidation,39.3,0,7,0,17426.8,79.57,20,Fully Paid,Midwest
32100.0,36,12.01,998.76,B,B4,2,MORTGAGE,85300.0,small_business,18.16,0,13,0,38070.41,37.93,15,Fully Paid,Northeast
2800.0,36,20.13,93.43,E,E4,1,RENT,66600.0,credit_card,22.61,0,9,1,962.1,61.81,17,Fully Paid,Northeast
7200.0,36,22.79,245.58,F,F3,0,RENT,48200.0,debt_consolidation,33.4,1,24,0,31155.08,76.37,36,Charged Off,Midwest
16500.0,60,25.67,345.59,C,C2,3,OWN,43200.0,home_improvement,8.86,0,7,0,31527.93,71.01,18,Fully Paid,Northeast
10000.0,36,28.17,356.03,B,B4,1,MORTGAGE,50700.0,major_purchase,34.47,1,17,0,27803.03,13.67,18,Fully Paid,Midwest
14200.0,36,15.3,454.79,A,A3,2,MORTGAGE,62700.0,debt_consolidation,23.68,0,16,0,46891.13,11.54,21,Fully Paid,Northeast
39900.0,36,23.51,1368.9,F,F1,0,RENT,21200.0,credit_card,29.02,0,21,0,46929.56,92.42,25,Fully Paid,Midwest
33200.0,36,6.87,985.58,A,A3,5,MORTGAGE,24700.0,debt_consolidation,3.19,0,16,0,17103.04,7.95,28,Fully Paid,West
35500.0,36,6.44,1049.62,B,B2,3,OWN,39400.0,debt_consolidation,30.65,0,9,1,22818.21,21.84,12,Fully Paid,West
37500.0,36,8.12,1126.25,B,B3,4,RENT,60100.0,debt_consolidation,12.43,0,20,0,39618.78,43.83,21,Fully Paid,Midwest
14300.0,60,16.21,276.97,B,B1,7,RENT,48100.0,major_purchase,32.21,0,15,0,42195.57,82.1,23,Fully Paid,South
12600.0,36,10.28,385.98,A,A1,10,MORTGAGE,113400.0,credit_card,20.37,0,22,0,20898.44,60.26,36,Fully Paid,Midwest
10100.0,36,12.17,314.7,E,E2,3,OWN,25800.0,debt_consolidation,10.98,0,17,0,17451.33,57.12,21,Fully Paid,Northeast
33400.0,36,21.2,1124.47,A,A5,5,MORTGAGE,37200.0,debt_consolidation,38.11,0,13,0,41030.83,69.2,13,Fully Paid,South
27500.0,36,13.96,870.53,D,D3,2,MORTGAGE,115800.0,credit_card,30.6,1,4,0,18843.47,80.22,8,Fully Paid,South
10200.0,36,18.93,336.97,A,A2,7,RENT,57800.0,debt_consolidation,39.43,0,21,0,20261.61,23.25,27,Fully Paid,South
15700.0,60,15.31,301.73,A,A4,2,RENT,84300.0,credit_card,14.58,0,6,0,6776.52,1.89,8,Fully Paid,Midwest
20800.0,60,9.22,378.63,F,F3,6,MORTGAGE,151100.0,debt_consolidation,25.97,0,14,0,27147.46,12.72,20,Charged Off,Midwest
21600.0,60,6.85,384.66,B,B1,6,MORTGAGE,38300.0,major_purchase,24.46,0,16,0,16322.4,16.52,21,Fully Paid,South
35700.0,36,10.91,1099.86,E,E3,2,OWN,51600.0,debt_consolidation,27.5,0,9,0,29530.34,4.0,15,Fully Paid,Midwest
15800.0,60,6.44,280.29,C,C2,2,RENT,47300.0,credit_card,1.53,0,15,0,22410.45,74.75,27,Fully Paid,West
36400.0,36,20.47,1218.09,A,A5,9,RENT,20400.0,debt_consolidation,11.67,0,16,0,37406.82,88.49,24,Fully Paid,Northeast
18200.0,60,24.89,378.83,F,F5,9,RENT,46400.0,major_purchase,36.37,0,20,0,13888.64,71.06,21,Charged Off,Northeast
30100.0,60,13.49,569.34,B,B4,10,RENT,84200.0,major_purchase,16.95,0,9,0,8599.98,18.86,20,Fully Paid,Northeast
37300.0,36,14.68,1188.21,E,E2,7,OWN,71000.0,debt_consolidation,38.43,0,11,0,35147.99,60.64,12,Fully Paid,Midwest
36400.0,36,25.4,1267.93,A,A3,10,MORTGAGE,73800.0,home_improvement,8.54,0,14,0,19206.36,52.06,26,Fully Paid,Northeast
3200.0,36,10.57,98.28,E,E1,2,RENT,44900.0,debt_consolidation,39.9,0,5,0,28180.18,82.0,5,Fully Paid,West
9000.0,60,7.98,161.97,A,A3,1,MORTGAGE,39000.0,debt_consolidation,27.9,1,12,0,47053.44,94.23,22,Fully Paid,Northeast
19600.0,36,17.53,639.89,C,C3,4,MORTGAGE,102200.0,other,31.06,0,3,0,24204.68,74.29,4,Fully Paid,West
17800.0,60,21.15,359.41,D,D1,10,RENT,42200.0,debt_consolidation,15.87,0,20,0,7619.61,51.25,22,Fully Paid,Midwest
26000.0,36,19.99,866.59,F,F4,6,MORTGAGE,62800.0,debt_consolidation,36.28,0,22,1,21335.18,51.1,33,Charged Off,Midwest
37800.0,36,22.85,1289.92,F,F5,7,RENT,58800.0,debt_consolidation,21.82,0,19,0,23926.55,80.78,25,Charged Off,Northeast
5400.0,36,6.42,159.63,E,E5,0,MORTGAGE,112500.0,credit_card,27.24,0,24,0,38298.92,12.25,26,Fully Paid,South
18600.0,60,15.71,358.7,E,E3,1,RENT,88100.0,other,3.79,0,22,0,9759.41,15.33,36,Fully Paid,West
8500.0,36,10.96,261.99,B,B2,6,RENT,28300.0,debt_consolidation,25.27,1,7,0,17345.09,34.35,18,Fully Paid,South
35900.0,36,23.98,1236.36,B,B5,8,MORTGAGE,29900.0,credit_card,35.16,1,15,0,2501.42,74.71,25,Fully Paid,West
38600.0,36,26.82,1359.79,B,B4,2,RENT,72400.0,debt_consolidation,7.13,1,19,0,35098.9,6.6,31,Fully Paid,Midwest
19700.0,36,12.03,613.05,B,B4,7,RENT,52500.0,debt_consolidation,29.51,0,12,0,37196.62,34.43,19,Fully Paid,Midwest
5100.0,36,7.38,152.12,B,B1,9,RENT,43100.0,credit_card,1.02,0,8,0,22859.57,31.85,10,Fully Paid,West
31600.0,36,11.34,977.32,C,C2,2,OWN,90000.0,credit_card,37.05,1,16,0,26913.43,48.57,29,Fully Paid,West
28200.0,60,7.6,505.72,A,A5,3,MORTGAGE,59500.0,debt_consolidation,39.32,0,2,1,37490.69,46.37,3,Charged Off,Midwest
14800.0,60,13.06,278.88,D,D2,1,RENT,55600.0,small_business,14.17,1,11,0,13415.07,71.44,25,Charged Off,West
35600.0,36,18.45,1171.34,A,A5,8,RENT,80000.0,debt_consolidation,4.28,0,22,0,30348.26,62.56,31,Fully Paid,West
39100.0,60,29.34,842.87,B,B1,4,OWN,44900.0,debt_consolidation,26.34,0,10,0,48195.97,90.28,19,Fully Paid,South
22800.0,60,14.98,436.92,C,C2,4,RENT,118700.0,other,1.19,0,24,0,32898.39,18.07,27,Fully Paid,Northeast
23100.0,36,10.5,709.04,E,E2,3,MORTGAGE,36500.0,home_improvement,19.3,1,17,0,3905.51,43.21,20,Fully Paid,South
12600.0,36,9.17,382.1,D,D5,4,RENT,75200.0,major_purchase,10.87,0,17,0,14513.0,40.01,21,Fully Paid,Midwest
23800.0,36,9.33,722.79,D,D3,0,MORTGAGE,111000.0,credit_card,18.93,0,18,0,25956.33,11.25,29,Fully Paid,South
18100.0,36,9.81,552.1,A,A5,9,OWN,27200.0,debt_consolidation,0.73,0,13,1,3633.54,16.48,17,Charged Off,Midwest
12800.0,36,24.06,441.1,C,C2,9,RENT,45600.0,credit_card,2.06,0,8,0,33828.49,33.66,10,Fully Paid,West
3600.0,60,6.53,63.92,A,A1,5,MORTGAGE,95900.0,debt_consolidation,0.64,0,3,0,32710.61,73.48,3,Fully Paid,Northeast
10900.0,60,29.94,236.06,B,B1,10,MORTGAGE,96600.0,major_purchase,24.77,1,4,0,43816.18,15.02,11,Fully Paid,Midwest
8700.0,36,18.07,285.34,C,C3,3,RENT,49700.0,credit_card,22.4,0,7,0,24999.64,26.53,21,Fully Paid,Northeast
22100.0,36,18.61,728.13,A,A3,3,RENT,37500.0,other,9.33,1,20,0,34606.93,67.64,29,Fully Paid,Northeast
24500.0,36,13.94,775.42,B,B2,4,RENT,87400.0,credit_card,25.87,0,9,0,9100.91,59.67,10,Fully Paid,South
24700.0,60,22.26,503.3,F,F3,0,OWN,97900.0,debt_consolidation,35.37,0,5,0,143.48,10.44,17,Fully Paid,Midwest
16100.0,36,16.79,522.31,F,F1,3,RENT,30300.0,credit_card,11.09,0,8,0,8612.7,94.37,19,Charged Off,South
17400.0,36,13.23,547.28,B,B2,9,MORTGAGE,29700.0,debt_consolidation,33.28,1,5,1,3110.73,14.8,18,Fully Paid,West
33500.0,36,11.63,1038.78,A,A3,2,MORTGAGE,60600.0,home_improvement,26.5,3,19,0,21385.9,6.14,33,Fully Paid,West
19600.0,36,28.14,697.65,A,A1,4,MORTGAGE,74200.0,credit_card,1.35,0,8,0,23415.17,30.43,18,Fully Paid,Midwest
39500.0,36,12.27,1231.85,B,B3,9,MORTGAGE,46700.0,debt_consolidation,15.01,0,2,0,32223.63,2.65,6,Fully Paid,Midwest
18100.0,60,15.91,349.66,F,F1,4,MORTGAGE,76100.0,other,20.31,0,6,0,7038.59,3.07,7,Fully Paid,West
26300.0,36,13.76,831.08,A,A2,7,MORTGAGE,38000.0,other,29.27,0,11,0,10735.8,57.87,16,Fully Paid,Midwest
3000.0,60,7.15,53.58,D,D1,0,MORTGAGE,18800.0,other,11.49,1,15,0,39916.31,89.3,21,Fully Paid,South
26500.0,36,9.65,807.15,A,A4,2,RENT,43800.0,debt_consolidation,39.31,0,2,0,28826.12,40.25,8,Fully Paid,South
34200.0,36,9.74,1042.53,G,G5,4,RENT,55900.0,home_improvement,27.38,0,13,0,1468.18,30.21,25,Fully Paid,Midwest
37800.0,36,22.34,1284.57,B,B1,10,RENT,47200.0,other,14.91,0,20,0,42420.23,91.46,20,Fully Paid,South
39900.0,60,15.16,765.81,D,D4,2,OWN,30400.0,credit_card,3.88,0,3,0,31490.28,6.15,11,Fully Paid,Midwest
12000.0,60,24.55,249.1,B,B3,5,RENT,21900.0,debt_consolidation,7.25,0,15,0,9331.96,47.33,15,Fully Paid,South
23400.0,36,22.72,797.68,D,D5,9,RENT,41900.0,major_purchase,19.5,0,4,1,12603.29,25.26,11,Charged Off,South
18600.0,60,9.8,340.38,B,B1,2,OWN,84900.0,small_business,19.79,0,20,0,27677.37,38.17,30,Fully Paid,Northeast
23000.0,36,19.07,760.73,A,A1,5,MORTGAGE,101500.0,home_improvement,30.71,0,4,0,28040.06,41.08,4,Fully Paid,South
7100.0,36,23.57,243.71,F,F2,7,MORTGAGE,98100.0,debt_consolidation,29.05,1,14,1,40259.43,54.51,24,Fully Paid,Midwest
34400.0,36,20.83,1154.6,F,F1,3,MORTGAGE,36000.0,debt_consolidation,8.05,0,18,0,17929.13,45.33,31,Charged Off,South
36500.0,60,20.0,730.0,E,E5,7,RENT,30400.0,credit_card,23.8,0,4,0,27465.16,98.8,16,Fully Paid,South
18500.0,36,23.49,634.6,D,D3,6,MORTGAGE,69400.0,credit_card,0.82,0,15,0,29126.9,2.55,17,Fully Paid,West
11900.0,36,6.42,351.78,E,E2,10,MORTGAGE,74400.0,home_improvement,15.94,0,3,0,27933.82,75.77,12,Fully Paid,Midwest
6500.0,36,23.29,222.61,A,A5,10,MORTGAGE,66200.0,debt_consolidation,30.56,2,14,0,3645.29,5.1,17,Fully Paid,South
27700.0,36,11.82,860.39,B,B1,3,MORTGAGE,19800.0,debt_consolidation,15.98,1,10,0,20562.64,43.11,18,Fully Paid,Northeast
13200.0,36,19.3,437.43,B,B5,2,RENT,35100.0,debt_consolidation,33.42,0,11,0,16944.21,20.18,18,Fully Paid,West
36500.0,36,11.06,1126.03,D,D5,4,RENT,53400.0,debt_consolidation,39.05,0,9,0,49638.89,94.53,20,Charged Off,Northeast
27200.0,36,25.97,951.77,B,B3,4,MORTGAGE,69100.0,credit_card,24.29,0,23,0,23284.43,72.25,35,Fully Paid,Northeast
26200.0,60,17.01,510.94,A,A1,6,RENT,79500.0,debt_consolidation,5.8,0,8,0,21761.39,46.28,18,Fully Paid,West
22800.0,36,21.07,766.78,C,C4,10,RENT,58200.0,home_improvement,15.19,0,2,0,24184.38,95.22,12,Fully Paid,Northeast
2800.0,36,24.85,97.11,E,E2,0,OWN,63900.0,major_purchase,0.38,0,24,0,45964.13,72.13,35,Charged Off,Midwest
37300.0,36,27.38,1319.8,B,B3,8,RENT,56500.0,debt_consolidation,24.11,0,9,0,30572.69,95.19,23,Fully Paid,Midwest
25500.0,36,23.3,873.38,A,A2,1,MORTGAGE,76300.0,other,32.86,0,9,0,19457.17,70.46,13,Fully Paid,Northeast
39800.0,60,8.72,721.18,B,B1,8,RENT,63400.0,major_purchase,25.2,0,7,1,45628.87,7.77,10,Fully Paid,Midwest
22000.0,36,26.36,772.2,B,B2,8,RENT,56000.0,credit_card,31.44,0,24,0,46492.15,61.63,33,Fully Paid,South
28700.0,60,20.46,576.2,B,B5,2,MORTGAGE,47400.0,other,32.0,0,19,0,13215.64,98.03,27,Fully Paid,South
3200.0,60,20.24,64.13,D,D5,6,RENT,56400.0,debt_consolidation,34.04,0,5,1,19669.8,21.42,5,Charged Off,South
25600.0,60,28.03,546.26,C,C5,2,MORTGAGE,69000.0,debt_consolidation,10.67,1,12,0,48322.93,79.27,22,Fully Paid,Northeast
30800.0,36,11.22,951.55,D,D4,7,OWN,61900.0,debt_consolidation,34.85,0,21,0,27052.43,18.46,26,Fully Paid,Northeast
31400.0,36,10.99,968.08,B,B5,7,MORTGAGE,65500.0,credit_card,26.16,0,17,0,21587.25,45.22,29,Fully Paid,Midwest
31000.0,36,17.83,1014.65,E,E5,2,RENT,106000.0,credit_card,11.59,0,13,0,9770.23,8.47,20,Charged Off,Midwest
9800.0,60,23.77,202.16,B,B1,4,OWN,61900.0,credit_card,39.49,0,5,0,19221.94,34.06,11,Fully Paid,Midwest
39000.0,36,16.18,1258.62,C,C5,6,RENT,39200.0,debt_consolidation,38.01,1,10,0,31561.74,77.62,17,Charged Off,Northeast
39800.0,36,20.85,1336.06,E,E4,0,MORTGAGE,84300.0,debt_consolidation,22.98,2,2,1,1935.06,4.53,14,Charged Off,Midwest
3900.0,36,16.31,126.0,B,B4,2,RENT,27400.0,debt_consolidation,33.73,0,7,0,4165.31,32.02,9,Fully Paid,South
37500.0,36,20.26,1252.71,A,A3,0,RENT,31500.0,debt_consolidation,10.46,0,2,0,268.82,62.98,6,Fully Paid,South
12300.0,60,25.56,257.4,E,E4,1,MORTGAGE,64100.0,major_purchase,16.64,1,23,0,10946.37,94.86,37,Fully Paid,West
27900.0,36,9.51,848.7,B,B5,6,OWN,70100.0,home_improvement,7.36,1,21,0,9149.64,24.54,33,Fully Paid,West
14200.0,36,22.38,482.72,D,D2,6,MORTGAGE,29100.0,debt_consolidation,20.8,1,9,0,42540.38,17.32,23,Fully Paid,West
38700.0,36,24.69,1340.42,A,A3,2,MORTGAGE,44700.0,debt_consolidation,19.84,0,14,1,9261.9,20.37,14,Fully Paid,South
5000.0,36,16.18,161.36,D,D4,5,RENT,40000.0,debt_consolidation,8.51,0,24,0,33059.05,23.68,31,Charged Off,Northeast
20400.0,60,13.08,384.47,B,B3,5,RENT,42500.0,home_improvement,26.91,0,20,0,5917.96,63.83,21,Fully Paid,Midwest
17700.0,60,5.34,310.75,A,A1,1,MORTGAGE,86800.0,other,4.71,0,21,1,29677.99,99.87,30,Fully Paid,Midwest
13700.0,36,24.93,475.43,C,C5,8,RENT,77100.0,debt_consolidation,2.47,0,5,0,21781.01,52.36,7,Charged Off,Northeast
26200.0,36,13.2,823.84,B,B5,7,RENT,53700.0,major_purchase,15.4,0,23,0,20433.41,27.14,32,Fully Paid,West
6100.0,36,13.93,193.05,B,B3,1,MORTGAGE,41200.0,small_business,16.39,0,8,0,42828.09,74.7,9,Fully Paid,Northeast
28900.0,60,13.4,546.21,A,A4,3,RENT,27600.0,debt_consolidation,12.79,0,23,0,8385.97,15.83,23,Fully Paid,South
39200.0,60,17.47,767.47,A,A2,8,MORTGAGE,110200.0,other,10.32,2,19,0,29760.91,3.0,20,Charged Off,Northeast
32400.0,60,22.56,661.82,B,B4,3,OWN,72800.0,credit_card,13.55,1,11,0,41093.2,60.53,20,Fully Paid,South
34500.0,36,24.3,1191.21,A,A3,6,MORTGAGE,38100.0,other,6.54,1,24,0,35694.84,21.03,25,Fully Paid,South
15000.0,60,14.81,287.02,F,F4,4,RENT,77600.0,credit_card,16.14,1,16,0,49167.29,39.92,21,Charged Off,West
13700.0,60,21.58,277.61,A,A3,9,RENT,52300.0,debt_consolidation,36.18,1,14,0,105.29,23.11,28,Fully Paid,Midwest
21200.0,36,23.02,724.45,C,C5,5,MORTGAGE,46900.0,other,8.98,0,21,0,44217.97,91.81,34,Fully Paid,West
2800.0,36,12.42,87.44,A,A5,0,RENT,67300.0,debt_consolidation,27.38,0,19,0,30672.57,33.8,33,Fully Paid,South
37900.0,60,7.42,678.54,B,B5,3,OWN,37400.0,small_business,5.67,0,23,0,124.23,44.91,26,Fully Paid,West
6600.0,36,27.37,233.51,F,F3,4,MORTGAGE,45600.0,debt_consolidation,14.16,0,13,1,23274.69,23.48,22,Fully Paid,Midwest
36200.0,36,21.93,1226.07,A,A5,5,MORTGAGE,57600.0,home_improvement,12.85,0,16,0,38371.87,8.49,19,Fully Paid,West
4300.0,36,21.2,144.77,G,G1,5,OWN,42200.0,debt_consolidation,37.48,0,9,0,9127.33,51.26,9,Fully Paid,South
33100.0,36,6.47,978.93,B,B2,4,RENT,75700.0,other,17.12,2,12,0,33923.86,86.87,21,Fully Paid,Midwest
6900.0,36,25.45,240.45,D,D3,2,MORTGAGE,137900.0,debt_consolidation,27.62,0,4,0,6983.42,35.17,16,Fully Paid,West
2500.0,36,19.15,82.74,C,C5,10,RENT,37200.0,debt_consolidation,24.1,0,15,0,40172.62,78.1,26,Fully Paid,Northeast
29100.0,60,26.2,612.07,E,E1,1,MORTGAGE,23600.0,credit_card,5.64,0,9,0,28423.17,3.26,10,Fully Paid,Midwest
11900.0,60,29.36,256.56,C,C4,6,RENT,19900.0,other,37.58,1,22,0,1694.33,23.55,35,Fully Paid,West
28900.0,60,28.93,621.01,C,C2,0,MORTGAGE,50300.0,debt_consolidation,13.83,0,7,0,4543.79,13.15,19,Fully Paid,Northeast
22600.0,36,26.4,793.51,B,B2,4,OWN,38900.0,debt_consolidation,1.79,0,22,0,43193.25,40.29,24,Fully Paid,Midwest
5200.0,36,5.27,152.06,A,A5,3,RENT,60100.0,credit_card,12.02,1,23,0,1650.07,89.43,34,Fully Paid,Northeast
37400.0,36,27.14,1320.84,F,F3,6,OWN,57900.0,debt_consolidation,13.43,0,2,0,14927.13,37.35,10,Charged Off,West
18600.0,36,6.88,552.21,B,B3,1,RENT,24300.0,major_purchase,3.71,1,11,0,28345.59,60.33,21,Fully Paid,Northeast
29600.0,36,26.28,1038.3,B,B1,10,RENT,21900.0,debt_consolidation,24.8,0,3,1,10671.99,89.81,7,Fully Paid,Northeast
20500.0,60,12.0,382.67,D,D3,7,RENT,62800.0,home_improvement,13.87,1,9,0,11211.61,35.98,20,Fully Paid,South
24600.0,36,20.25,821.71,B,B5,8,MORTGAGE,58000.0,credit_card,25.17,0,15,0,38801.7,36.58,18,Fully Paid,Northeast
12800.0,36,5.95,376.71,F,F2,9,RENT,43800.0,debt_consolidation,0.27,0,2,0,14549.73,8.8,11,Fully Paid,Midwest
8800.0,36,24.28,303.8,D,D2,0,MORTGAGE,23700.0,credit_card,39.28,0,8,0,1929.15,34.9,22,Charged Off,Northeast
22200.0,36,7.79,664.7,C,C2,4,RENT,68600.0,major_purchase,6.82,0,2,0,36056.09,74.62,4,Fully Paid,Northeast
18200.0,60,15.27,349.65,E,E5,3,MORTGAGE,102300.0,debt_consolidation,26.37,1,6,1,47718.3,84.46,15,Fully Paid,Midwest
16200.0,60,25.44,338.69,A,A4,4,MORTGAGE,62300.0,debt_consolidation,28.63,0,19,0,41596.7,72.28,33,Fully Paid,West
27200.0,36,22.38,924.65,B,B5,8,MORTGAGE,35500.0,debt_consolidation,6.86,0,18,1,27428.1,0.69,18,Charged Off,West
27900.0,36,5.15,814.91,C,C2,2,RENT,55400.0,major_purchase,4.47,0,18,0,21244.19,11.7,28,Fully Paid,Northeast
2800.0,36,15.08,89.51,B,B2,0,MORTGAGE,27400.0,debt_consolidation,6.1,0,14,0,46258.26,73.1,25,Fully Paid,Midwest
14200.0,60,6.05,250.98,D,D3,10,RENT,91900.0,other,9.87,0,22,0,38311.27,94.24,34,Fully Paid,Northeast
17100.0,36,21.84,578.74,F,F2,2,RENT,56400.0,credit_card,6.73,0,5,0,28532.86,69.54,5,Charged Off,Midwest
4800.0,36,29.22,172.29,C,C1,3,MORTGAGE,22400.0,debt_consolidation,26.96,0,22,0,43991.12,22.61,31,Fully Paid,Midwest
10200.0,36,21.38,343.91,B,B5,1,RENT,46600.0,credit_card,16.83,0,23,0,30085.62,10.76,30,Fully Paid,West
3000.0,36,10.61,92.18,G,G3,0,RENT,68300.0,credit_card,21.51,0,17,0,48675.23,87.7,26,Fully Paid,Northeast
39900.0,36,13.88,1262.17,C,C3,0,RENT,45900.0,other,1.89,0,18,0,42914.52,9.9,31,Fully Paid,Northeast
29700.0,36,29.42,1067.71,C,C4,7,RENT,47200.0,credit_card,34.45,0,19,0,27522.26,15.1,27,Fully Paid,Northeast
4400.0,36,10.6,135.18,B,B4,3,RENT,29400.0,debt_consolidation,6.82,0,3,0,46141.81,59.67,5,Fully Paid,Northeast
1800.0,36,19.04,59.52,F,F2,1,MORTGAGE,71900.0,credit_card,14.41,0,22,0,17121.95,19.0,30,Fully Paid,Northeast
29100.0,60,15.01,557.8,C,C1,9,RENT,39200.0,credit_card,2.88,0,13,0,35046.35,22.76,20,Fully Paid,Northeast
18100.0,36,24.21,624.5,D,D1,2,MORTGAGE,18400.0,major_purchase,5.47,1,11,0,8563.78,14.23,21,Fully Paid,South
31700.0,36,26.68,1115.49,E,E3,7,MORTGAGE,45000.0,other,26.63,0,10,0,44768.25,94.43,10,Fully Paid,Northeast
37000.0,60,13.52,700.04,B,B5,5,MORTGAGE,88500.0,debt_consolidation,27.7,0,24,1,12402.51,12.49,29,Fully Paid,South
24400.0,60,21.51,494.14,C,C4,7,MORTGAGE,44600.0,debt_consolidation,27.08,0,5,0,47451.63,93.13,18,Charged Off,South
8300.0,36,18.73,273.74,E,E3,9,MORTGAGE,129200.0,credit_card,22.09,0,16,0,849.57,32.62,24,Charged Off,South
31500.0,36,11.96,979.65,B,B4,4,OWN,67100.0,other,38.1,0,22,1,34091.84,82.16,25,Fully Paid,Northeast
38300.0,36,11.8,1189.43,E,E4,2,RENT,64200.0,other,20.29,0,24,0,7502.81,95.0,34,Fully Paid,Midwest
23600.0,60,18.47,465.98,F,F1,5,MORTGAGE,50800.0,other,17.98,1,11,1,38540.57,51.93,19,Charged Off,West
27600.0,60,8.85,500.71,D,D3,9,MORTGAGE,52400.0,debt_consolidation,9.9,0,10,0,24595.3,77.02,11,Fully Paid,Midwest
14200.0,36,25.27,494.12,D,D1,7,MORTGAGE,47500.0,credit_card,3.95,0,8,0,45482.51,26.6,17,Charged Off,Midwest
15900.0,36,6.73,471.39,E,E1,4,RENT,46600.0,debt_consolidation,21.93,0,12,1,35753.46,38.3,25,Charged Off,Northeast
29700.0,36,7.36,885.72,E,E3,4,OWN,70600.0,debt_consolidation,12.6,0,3,0,38413.3,55.3,13,Charged Off,Midwest
37200.0,36,13.56,1173.45,B,B5,2,OWN,33900.0,debt_consolidation,20.96,0,21,0,6023.97,85.05,29,Fully Paid,Midwest
25500.0,36,7.95,764.65,A,A4,2,MORTGAGE,31600.0,debt_consolidation,8.24,0,21,0,4828.06,62.07,31,Fully Paid,Northeast
31800.0,36,16.89,1032.53,C,C1,7,MORTGAGE,30900.0,debt_consolidation,33.53,1,17,0,42527.89,2.21,17,Charged Off,Northeast
7700.0,36,14.99,245.95,D,D5,10,OWN,150700.0,debt_consolidation,39.99,0,7,0,11288.69,30.48,10,Fully Paid,West
9300.0,36,23.05,317.88,C,C2,0,MORTGAGE,70600.0,debt_consolidation,12.9,2,9,0,43347.09,86.5,13,Charged Off,West
21700.0,36,28.83,776.56,D,D3,3,RENT,63100.0,debt_consolidation,33.69,1,24,0,7126.91,24.02,25,Charged Off,South
7900.0,36,23.84,271.76,B,B2,8,MORTGAGE,31900.0,home_improvement,34.92,1,24,1,15422.56,36.79,29,Fully Paid,West
25800.0,36,9.49,784.68,D,D2,5,RENT,74000.0,debt_consolidation,39.84,1,19,0,46436.94,38.96,26,Fully Paid,Northeast
12400.0,36,28.39,442.23,B,B3,5,MORTGAGE,51100.0,home_improvement,13.71,0,12,0,41985.89,15.45,22,Fully Paid,Midwest
31900.0,60,14.8,610.35,D,D4,9,RENT,60300.0,debt_consolidation,30.24,0,23,0,2712.13,34.98,24,Fully Paid,Northeast
32500.0,36,16.85,1054.9,C,C5,10,RENT,33200.0,major_purchase,9.15,2,5,0,22404.88,81.74,13,Fully Paid,Northeast
19100.0,60,15.54,367.8,B,B2,10,RENT,58700.0,debt_consolidation,24.99,0,5,0,45493.39,84.91,6,Fully Paid,Midwest
8100.0,36,12.01,252.02,B,B2,6,MORTGAGE,43800.0,debt_consolidation,28.19,0,11,0,737.89,58.09,11,Fully Paid,West
26200.0,60,27.38,556.23,D,D5,10,MORTGAGE,36900.0,home_improvement,29.64,0,23,0,5365.97,67.87,33,Charged Off,Midwest
39700.0,60,13.31,749.73,C,C2,6,RENT,78200.0,other,8.29,1,17,0,32259.79,53.46,30,Fully Paid,Northeast
25300.0,36,19.46,839.54,B,B3,5,MORTGAGE,25100.0,debt_consolidation,33.95,0,22,0,5249.17,4.43,27,Fully Paid,West
2400.0,36,11.0,74.0,G,G5,8,MORTGAGE,71900.0,debt_consolidation,16.84,0,4,0,22441.91,69.67,8,Fully Paid,Northeast
1700.0,36,24.93,58.99,D,D1,7,MORTGAGE,76300.0,other,8.65,0,13,0,25391.14,99.66,24,Fully Paid,Northeast
13500.0,60,24.35,279.79,F,F1,7,OWN,34900.0,debt_consolidation,21.7,0,18,0,43012.7,22.78,29,Fully Paid,West
8600.0,36,12.41,268.54,C,C4,1,RENT,35900.0,debt_consolidation,34.53,0,6,0,47869.54,98.22,15,Fully Paid,Midwest
32700.0,36,22.04,1108.53,C,C2,6,RENT,48500.0,other,38.68,0,4,0,25611.55,99.78,6,Fully Paid,South
33900.0,36,22.6,1154.48,E,E3,0,RENT,62400.0,major_purchase,29.93,0,17,0,25518.02,14.15,19,Charged Off,West
11100.0,60,19.06,220.26,C,C5,9,MORTGAGE,50200.0,debt_consolidation,0.22,0,20,0,36339.77,92.61,27,Fully Paid,Northeast
13700.0,36,20.01,456.7,D,D2,7,RENT,67300.0,other,5.39,0,5,0,9625.33,67.55,18,Fully Paid,Northeast
10200.0,36,19.36,338.19,B,B3,2,OWN,130800.0,credit_card,3.05,1,10,0,47042.93,46.64,13,Fully Paid,West
36400.0,36,7.05,1082.39,C,C3,10,RENT,42000.0,debt_consolidation,4.05,1,5,0,59.95,34.47,5,Fully Paid,Northeast
20600.0,36,21.76,696.74,A,A1,8,RENT,23000.0,home_improvement,15.32,0,22,0,89.69,62.98,36,Fully Paid,South
26600.0,36,16.74,862.58,B,B1,4,MORTGAGE,81900.0,credit_card,13.54,0,11,0,31283.32,84.28,14,Fully Paid,West
17200.0,36,15.96,554.03,A,A3,6,MORTGAGE,125700.0,credit_card,4.55,0,22,0,17074.23,3.41,27,Fully Paid,Northeast
25600.0,60,26.5,539.73,A,A2,6,RENT,65900.0,other,35.29,2,18,1,19905.76,53.55,19,Fully Paid,South
16000.0,60,5.58,281.55,G,G5,8,MORTGAGE,31400.0,debt_consolidation,24.62,1,17,0,11071.86,65.03,28,Charged Off,Northeast
14200.0,60,11.28,263.36,B,B4,1,OWN,50900.0,home_improvement,31.86,0,8,0,20390.12,2.56,14,Fully Paid,West
25700.0,36,8.04,771.29,D,D2,3,MORTGAGE,31000.0,credit_card,14.86,0,16,0,41399.16,88.91,16,Fully Paid,Midwest
24100.0,60,5.88,425.28,E,E3,7,RENT,74700.0,debt_consolidation,16.41,0,19,0,34962.47,95.18,32,Fully Paid,South
12400.0,36,11.89,385.4,C,C5,4,RENT,27600.0,home_improvement,12.7,0,7,0,4732.69,61.25,16,Fully Paid,West
6800.0,36,29.71,245.01,A,A4,10,MORTGAGE,46600.0,home_improvement,17.54,0,16,0,2833.99,11.7,24,Fully Paid,West
15400.0,60,11.76,286.85,D,D3,4,MORTGAGE,32800.0,small_business,24.42,1,12,0,25309.64,93.24,24,Fully Paid,West
17200.0,60,21.59,348.56,C,C5,2,OWN,57700.0,small_business,19.72,1,21,0,36508.05,80.5,22,Fully Paid,Midwest
25500.0,36,7.96,764.72,D,D5,4,MORTGAGE,45100.0,credit_card,33.52,0,6,0,33224.45,2.85,14,Fully Paid,Northeast
36700.0,60,20.05,734.31,D,D4,6,MORTGAGE,59200.0,debt_consolidation,36.01,1,17,0,43205.73,57.92,28,Fully Paid,Midwest
2400.0,60,29.61,51.84,G,G3,3,RENT,54800.0,credit_card,18.79,1,13,0,6663.23,11.45,25,Fully Paid,West
10500.0,36,12.3,327.54,C,C1,7,RENT,33100.0,debt_consolidation,9.59,0,22,0,30287.63,14.11,22,Fully Paid,South
8600.0,36,26.2,301.48,B,B2,10,RENT,74100.0,debt_consolidation,37.81,0,5,0,38300.73,19.25,18,Fully Paid,Northeast
20600.0,60,29.94,446.13,D,D4,5,MORTGAGE,52900.0,credit_card,29.4,1,3,1,46892.04,39.62,6,Fully Paid,Midwest
17800.0,36,19.71,591.9,A,A2,5,MORTGAGE,33000.0,home_improvement,25.61,1,17,0,5044.15,87.64,21,Fully Paid,South
29400.0,36,12.74,920.71,E,E4,5,OWN,166100.0,credit_card,29.82,0,9,0,11982.09,3.11,16,Fully Paid,West
10500.0,60,21.84,213.22,A,A1,3,MORTGAGE,68700.0,other,3.04,0,18,0,17729.57,68.92,28,Fully Paid,South
24200.0,36,26.12,847.81,B,B2,2,MORTGAGE,50200.0,debt_consolidation,2.71,0,10,0,27037.52,96.46,20,Fully Paid,South
35500.0,36,9.28,1077.62,E,E5,9,RENT,109900.0,debt_consolidation,6.12,0,7,0,20430.61,64.12,11,Charged Off,West
36500.0,36,16.31,1179.25,C,C5,5,RENT,136100.0,home_improvement,5.9,1,5,1,43055.86,81.56,19,Fully Paid,Midwest
